time,0_x,13_x,14_x,17_x,37_x,39_x,40_x,61_x,78_x,80_x,81_x,82_x,84_x,87_x,88_x,91_x,95_x,146_x,178_x,181_x,185_x,191_x,267_x,269_x,270_x,291_x,308_x,310_x,311_x,312_x,314_x,317_x,318_x,321_x,324_x,375_x,402_x,405_x,409_x,415_x,0_y,13_y,14_y,17_y,37_y,39_y,40_y,61_y,78_y,80_y,81_y,82_y,84_y,87_y,88_y,91_y,95_y,146_y,178_y,181_y,185_y,191_y,267_y,269_y,270_y,291_y,308_y,310_y,311_y,312_y,314_y,317_y,318_y,321_y,324_y,375_y,402_y,405_y,409_y,415_y
0.0,637,637,637,637,628,619,613,607,611,619,625,631,629,630,618,614,615,610,624,621,609,615,646,655,661,667,663,654,649,643,646,644,656,660,659,664,651,654,665,659,310,319,319,331,309,311,315,319,318,318,318,318,331,319,318,324,318,322,318,328,317,317,309,312,315,319,318,318,318,318,331,319,318,325,319,322,318,328,317,318
0.04,638,638,638,639,629,620,614,607,611,620,625,631,630,631,619,615,615,611,625,622,609,615,647,656,662,669,664,656,651,645,648,646,657,662,661,666,652,656,667,660,309,317,318,331,308,310,314,319,318,317,317,317,330,318,318,324,318,322,318,328,317,317,307,310,314,318,317,317,317,317,330,318,318,324,318,321,318,327,316,317
0.08,638,638,639,639,629,620,614,607,611,620,625,631,630,631,619,615,615,610,624,622,609,615,647,656,663,669,665,656,651,645,648,646,658,662,662,667,653,656,667,661,309,318,318,331,308,311,314,318,317,317,317,317,330,318,318,324,318,321,318,328,316,317,308,310,314,318,317,317,317,317,330,318,317,324,317,321,318,327,316,316
0.12,638,638,638,639,629,620,614,607,611,620,625,631,630,631,619,615,615,610,624,622,609,615,647,656,662,669,665,656,651,645,648,646,658,662,661,667,652,656,667,661,309,317,318,331,308,310,314,318,317,317,317,317,330,318,318,324,318,321,318,328,316,317,307,310,313,318,317,317,317,317,330,318,317,323,317,321,317,327,316,316
0.16,638,638,638,639,629,619,613,607,610,619,625,631,630,631,618,615,615,610,624,622,609,614,647,656,662,669,665,656,651,645,648,646,658,662,661,666,652,656,667,661,308,317,318,330,307,310,313,318,317,317,317,317,330,318,317,324,317,321,317,327,316,316,307,310,313,318,316,316,317,317,330,317,317,323,317,320,317,327,315,316
0.2,638,638,638,639,629,619,613,607,611,619,625,631,630,631,618,615,615,610,624,622,609,615,647,656,662,669,665,656,651,645,648,646,658,662,661,666,652,656,667,661,308,317,318,330,307,310,314,318,317,317,317,317,330,318,317,324,318,321,317,328,316,316,307,310,313,318,316,316,317,317,330,317,317,323,317,320,317,327,315,316
0.24,638,638,638,639,629,620,613,607,611,619,625,631,630,631,618,615,615,610,624,622,609,615,647,656,662,669,665,656,651,645,648,646,658,662,661,666,652,656,667,661,308,317,318,330,307,310,314,318,317,317,317,317,330,318,317,324,317,321,317,327,316,316,307,310,313,318,316,316,317,317,330,317,317,323,317,320,317,327,315,316
0.28,638,638,638,639,629,620,613,607,611,619,625,631,630,631,618,615,615,610,624,622,609,615,647,656,663,670,665,656,651,645,648,646,658,662,662,667,652,656,667,661,309,317,318,330,307,310,314,318,317,317,317,317,330,318,317,324,317,321,318,327,316,316,307,310,313,318,316,316,317,317,330,318,317,323,317,320,317,327,315,316
0.32,638,638,639,639,629,620,614,607,611,620,625,631,630,631,619,615,615,610,624,622,609,615,647,656,663,670,666,657,651,645,648,646,658,663,662,667,653,656,668,662,309,317,318,330,307,310,314,318,317,317,317,317,330,318,317,324,317,321,317,327,316,316,307,310,313,318,316,316,317,317,330,317,317,323,317,320,317,327,315,316
0.36,638,639,639,639,629,620,614,607,611,620,626,632,630,632,619,615,615,611,625,622,609,615,647,657,663,670,666,657,651,645,648,646,659,663,662,667,653,656,668,662,309,317,318,330,307,310,314,318,317,317,317,317,330,318,317,324,317,321,318,327,316,316,307,310,313,318,317,316,317,317,330,318,317,323,317,320,317,327,315,316
0.4,639,639,639,640,630,620,614,607,611,620,626,632,631,632,619,615,615,611,625,622,609,615,648,657,663,670,666,657,652,646,649,647,659,663,662,667,653,657,668,662,309,317,318,330,307,310,314,318,317,317,317,317,330,318,317,324,317,321,318,327,316,316,307,310,313,318,316,316,317,317,330,318,317,323,317,320,317,327,315,316
0.44,639,639,639,640,630,620,614,607,611,620,626,632,631,632,619,615,615,611,625,622,609,615,647,657,663,670,666,657,652,646,649,647,659,663,662,667,653,657,668,662,309,317,318,331,308,310,314,318,317,317,317,317,330,318,318,324,318,321,318,328,316,317,307,310,313,318,317,317,317,317,330,318,317,323,317,320,317,327,316,316
0.48,639,639,639,640,630,620,614,607,611,620,626,632,631,632,619,615,615,611,625,622,609,615,648,657,663,670,666,657,652,646,649,647,659,663,662,667,653,657,668,662,309,317,318,330,308,310,314,318,317,317,317,317,330,318,318,324,318,321,318,328,316,317,308,310,313,318,317,317,317,317,330,318,317,323,317,320,317,327,316,316
0.52,639,639,639,640,630,620,614,607,611,620,626,632,631,632,619,616,616,611,625,622,609,615,648,657,663,671,666,657,652,646,649,647,659,663,662,668,653,657,668,662,309,317,318,331,307,310,314,318,317,317,317,317,330,318,318,324,318,321,318,328,316,316,307,310,313,318,317,316,317,317,330,318,317,323,317,320,317,327,315,316
0.56,639,639,639,640,630,621,614,607,612,620,626,632,631,632,619,616,616,611,625,623,610,616,648,657,663,671,666,657,652,646,649,647,659,663,663,668,653,657,668,662,308,317,317,330,307,310,313,317,316,316,316,316,330,317,317,323,317,320,317,327,315,316,307,309,312,317,316,316,316,316,329,317,317,323,317,320,317,327,315,315
0.6,639,639,639,640,630,621,614,608,612,620,626,632,631,632,619,616,616,611,625,623,610,616,648,657,664,671,666,658,652,646,649,647,659,664,663,668,654,657,668,662,308,316,317,330,306,309,313,317,316,316,316,316,329,317,317,323,317,320,317,327,315,315,306,309,312,317,316,315,316,316,329,317,316,323,316,320,317,326,314,315
0.64,639,639,640,640,630,621,614,608,612,620,626,632,631,632,620,616,616,611,625,623,610,616,648,658,664,671,667,658,652,646,649,647,659,664,663,668,654,657,669,662,307,316,317,329,306,309,312,317,316,315,315,316,329,317,316,323,316,320,316,327,315,315,306,308,312,317,315,315,315,316,329,317,316,322,316,319,316,326,314,315
0.68,639,639,640,640,630,621,615,608,612,621,626,632,631,632,620,616,616,611,626,623,610,616,648,658,664,671,667,658,653,646,650,647,659,664,663,668,654,658,669,662,306,315,317,330,305,308,312,317,316,315,315,315,329,317,316,323,316,320,316,327,314,315,305,308,311,316,315,315,315,315,329,316,316,322,316,319,316,326,314,315
0.72,638,638,639,639,629,619,613,607,611,619,625,631,630,631,619,615,615,610,624,622,609,615,647,657,663,670,665,657,651,645,648,646,658,663,662,667,653,656,668,661,307,316,317,330,306,308,312,317,316,315,315,315,329,317,316,323,316,320,316,326,314,315,306,308,312,317,316,315,315,315,329,317,316,322,316,319,316,326,314,315
0.76,639,639,639,640,629,620,614,607,611,620,625,632,630,632,619,615,615,610,625,622,609,615,647,657,663,670,665,657,651,645,649,646,658,663,662,667,653,656,667,661,306,315,316,329,305,308,311,316,315,314,314,315,328,316,316,322,316,319,316,326,314,314,305,308,311,316,315,314,314,315,328,316,315,322,315,319,316,325,313,314
0.8,638,638,638,639,629,619,613,606,611,619,625,631,630,631,618,614,615,610,624,621,608,615,647,656,662,669,665,656,651,645,648,646,658,662,661,666,652,656,667,661,306,314,316,328,304,307,311,316,315,314,314,314,328,316,315,322,315,319,315,325,313,314,304,307,311,316,314,314,314,314,328,315,315,321,315,318,315,325,313,314
0.84,638,638,638,639,629,619,613,606,610,619,625,631,629,631,618,614,615,610,624,621,608,614,647,656,662,669,665,656,651,645,648,646,658,662,661,666,652,656,667,661,305,314,315,328,304,307,311,316,314,314,314,314,328,315,315,321,315,318,315,325,313,314,304,307,310,315,314,314,314,314,328,315,315,321,315,318,315,325,313,314
0.88,638,638,638,639,628,619,613,606,610,619,625,631,629,631,618,614,615,610,624,621,608,614,646,656,662,669,665,656,651,644,648,645,658,662,661,666,652,656,667,661,305,314,315,328,304,307,310,315,314,314,314,314,328,315,315,321,315,318,315,325,313,314,304,307,310,315,314,314,314,314,327,315,315,321,315,318,315,325,313,313
0.92,637,637,638,638,628,619,613,606,610,619,624,631,629,630,618,614,614,609,624,621,608,614,646,656,662,669,665,656,650,644,647,645,657,662,661,666,652,656,667,661,305,314,315,328,304,307,310,315,314,314,314,314,328,315,315,321,315,318,315,325,313,314,304,307,310,315,314,314,314,314,327,315,315,321,315,318,315,325,313,313
0.96,638,638,638,639,628,619,613,606,610,619,625,631,630,631,618,614,615,610,624,621,608,614,646,656,662,669,665,656,651,645,648,646,658,662,661,666,652,656,667,661,305,314,315,328,304,307,310,315,314,313,313,314,327,315,315,321,315,318,315,325,313,313,303,306,310,315,314,313,313,313,327,315,314,320,314,317,314,324,312,313
1.0,637,637,638,638,628,619,613,606,610,619,624,630,629,630,618,614,614,609,624,621,608,614,646,656,662,669,665,656,650,644,647,645,657,662,661,666,652,655,667,660,305,314,315,328,304,307,310,315,314,314,314,314,327,315,315,321,315,318,315,325,313,314,303,306,310,315,314,313,313,313,327,315,314,321,314,318,314,324,312,313
1.04,637,637,638,638,628,619,613,606,610,619,624,630,629,630,618,614,614,609,623,621,608,614,646,655,662,669,664,656,650,644,647,645,657,662,661,666,652,655,667,660,305,314,315,328,304,307,311,316,315,314,314,314,328,315,315,322,315,319,315,325,313,314,304,307,310,315,314,314,314,314,328,315,315,321,315,318,315,325,313,313
1.08,637,637,638,638,628,619,612,606,610,618,624,630,629,630,618,614,614,609,623,621,608,614,646,655,662,669,665,656,650,644,647,645,657,662,661,666,652,655,667,660,306,315,316,329,305,308,312,316,315,315,315,315,328,316,316,322,316,319,316,326,314,315,305,308,311,316,315,314,314,315,328,316,315,321,315,318,315,325,313,314
1.12,637,638,638,639,628,619,613,606,610,619,624,631,629,630,618,614,614,609,624,621,608,614,646,656,662,669,665,656,650,644,648,645,658,662,661,666,652,656,667,661,306,315,316,329,305,308,312,317,315,315,315,315,329,316,316,322,316,319,316,326,314,315,305,308,311,316,315,314,315,315,328,316,315,322,315,319,315,325,313,314
1.16,637,638,638,639,628,619,613,606,610,619,624,631,630,631,618,614,614,609,624,621,608,614,646,656,662,669,665,656,651,644,648,645,658,662,661,667,652,656,667,661,307,315,316,329,305,308,312,317,315,315,315,315,329,316,316,323,316,320,316,326,314,315,305,308,311,316,315,315,315,315,328,316,315,322,315,319,316,326,314,314
1.2,638,638,638,639,629,619,613,606,610,619,625,631,630,631,618,615,615,610,624,622,608,614,647,656,663,670,665,656,651,645,648,646,658,663,661,667,652,656,667,661,307,315,316,329,305,308,312,317,315,315,315,315,328,316,316,322,316,319,316,326,314,315,305,308,311,316,315,314,315,315,328,316,315,321,315,318,315,325,313,314
1.24,637,638,638,639,628,619,613,607,611,619,625,631,630,631,618,614,615,610,624,621,608,615,646,656,662,670,665,656,651,644,648,645,658,662,661,667,652,656,667,661,306,315,316,329,305,308,312,317,315,315,315,315,329,316,316,322,316,319,316,326,314,315,305,308,311,316,315,315,315,315,328,316,315,322,315,319,316,325,314,314
1.28,638,639,639,639,629,620,614,607,611,620,625,632,630,631,619,615,615,610,625,622,609,615,647,657,663,670,666,657,651,645,648,646,659,663,662,667,653,657,668,662,306,315,316,329,305,308,312,316,315,315,315,315,328,316,316,322,316,319,316,326,314,315,305,308,311,316,315,314,315,315,328,316,315,321,315,318,315,325,313,314
1.32,638,638,639,639,629,620,614,607,611,620,625,631,630,631,619,615,615,610,625,622,609,615,647,656,663,670,666,657,651,645,648,646,658,663,662,667,653,656,668,661,307,315,316,329,306,308,312,317,315,315,315,315,329,316,316,323,316,320,316,326,314,315,305,308,311,316,315,315,315,315,328,316,316,322,316,319,316,326,314,314
1.36,638,639,639,640,629,620,614,607,611,620,625,632,631,632,619,615,615,610,625,622,609,615,647,657,663,670,666,657,652,645,649,647,659,663,662,667,653,657,668,662,307,316,316,329,306,309,312,317,315,315,315,315,328,316,316,322,316,319,316,326,314,315,305,308,311,316,315,315,315,315,328,316,315,322,315,319,316,325,314,314
1.4,638,639,639,640,629,620,614,607,611,620,626,632,631,632,619,615,616,611,625,622,609,615,647,657,663,670,666,657,652,645,649,646,659,663,662,668,653,657,668,662,307,316,317,329,306,309,312,317,316,315,315,316,329,317,316,323,316,320,316,327,315,315,305,308,311,316,315,315,315,315,329,316,316,322,316,319,316,326,314,315
1.44,639,639,639,640,630,620,614,607,611,620,626,632,631,632,619,615,615,611,625,622,609,615,648,657,663,671,666,657,652,646,649,647,659,663,662,668,653,657,668,662,307,316,316,329,306,309,312,317,316,315,315,316,329,316,316,323,316,320,316,326,315,315,306,308,311,316,315,315,315,315,328,316,316,322,315,319,316,325,314,314
1.48,638,639,639,640,629,620,614,608,612,620,626,632,631,632,619,616,616,611,625,622,610,616,647,657,663,670,666,657,652,645,649,646,659,663,662,668,653,657,668,662,307,316,317,330,306,309,312,317,316,316,316,316,329,317,317,323,317,320,317,327,315,315,306,308,312,316,315,315,315,316,329,316,316,322,316,319,316,326,314,315
1.52,639,639,639,640,630,621,614,608,612,620,626,632,631,632,620,616,616,611,625,623,610,616,648,657,663,671,666,657,652,646,649,647,659,664,663,668,654,657,668,662,307,316,317,329,306,309,313,317,316,316,316,316,329,317,316,323,316,320,316,327,315,315,306,308,312,316,315,315,315,316,329,316,316,322,316,319,316,326,314,315
1.56,639,639,639,640,630,621,615,608,612,621,626,632,631,632,620,616,616,611,625,623,610,616,647,657,663,671,666,657,652,646,649,647,659,664,663,668,653,657,668,662,308,316,317,330,307,309,313,318,316,316,316,316,329,317,317,323,317,320,317,327,315,316,306,309,312,317,315,315,316,316,329,317,316,322,316,319,316,326,314,315
1.6,639,639,639,640,630,621,614,608,612,620,626,632,631,632,620,616,616,611,625,623,610,616,648,657,663,671,666,658,652,646,649,647,659,664,663,668,654,657,668,662,308,316,317,329,307,309,313,317,316,316,316,316,329,317,317,323,317,320,317,327,315,316,306,309,312,316,315,315,316,316,329,317,316,322,316,319,316,326,314,315
1.64,638,639,639,640,630,620,614,608,612,620,626,632,631,632,620,616,616,611,625,623,610,616,647,657,663,671,666,657,652,646,649,647,659,663,663,668,653,657,668,662,308,317,317,330,307,310,313,318,317,316,316,316,329,317,317,323,317,321,317,327,316,316,306,309,312,317,316,316,316,316,329,317,316,322,316,320,316,326,315,315
1.68,638,639,639,640,629,620,614,608,612,620,626,632,631,632,620,616,616,611,625,623,610,616,647,657,663,670,666,657,651,645,649,646,659,663,662,667,653,657,668,662,309,317,318,331,308,310,314,318,317,317,317,317,330,318,318,324,318,321,318,328,316,317,307,310,313,317,316,316,317,317,330,318,317,323,317,320,317,327,315,316
1.72,638,639,639,640,629,620,614,608,612,620,626,632,631,632,620,616,616,611,625,623,610,616,647,657,663,670,666,657,652,645,649,646,659,663,662,667,653,657,668,662,309,318,318,331,308,311,314,319,317,317,317,318,330,318,318,324,318,321,318,328,316,317,308,310,313,318,317,317,317,317,330,318,317,323,317,320,318,327,316,316
1.76,638,638,639,640,629,620,614,608,612,620,626,632,631,632,619,616,616,611,625,623,610,616,647,657,663,670,666,657,651,645,649,646,659,663,662,667,653,657,668,662,309,318,318,331,308,311,314,319,318,318,318,318,331,318,318,325,318,322,318,328,317,317,308,311,314,318,317,317,317,318,330,318,318,324,318,321,318,327,316,317
1.8,638,638,639,639,629,620,614,608,612,620,626,632,631,631,619,616,616,611,625,622,610,616,647,656,663,670,666,657,651,645,649,646,659,663,662,667,653,657,668,662,309,318,318,331,308,311,314,319,318,317,318,318,331,318,318,325,318,322,318,328,317,317,308,310,314,318,317,317,317,318,330,318,318,324,318,321,318,328,316,317
1.84,638,638,639,639,629,620,614,608,612,620,625,632,630,631,619,615,616,611,625,622,609,615,647,656,663,670,666,657,651,645,648,646,658,663,662,667,653,656,668,662,309,318,318,331,308,311,314,319,318,317,317,318,331,318,318,325,318,322,318,328,317,317,308,310,314,318,317,317,317,317,330,318,318,324,317,321,318,328,316,317
1.88,638,638,639,639,629,620,614,608,612,620,625,631,630,631,619,615,616,611,625,622,609,615,647,656,663,670,666,657,651,645,648,646,658,663,662,667,653,656,668,661,309,318,318,331,308,311,314,319,318,317,317,318,331,318,318,325,318,322,318,328,317,317,308,310,314,318,317,317,317,317,330,318,317,324,317,321,318,327,316,316
1.92,637,638,638,639,628,620,614,607,611,620,625,631,630,631,619,615,615,610,624,622,609,615,646,656,662,670,665,656,651,645,648,646,658,662,661,667,652,656,667,661,309,318,318,331,308,311,314,319,318,317,317,318,331,318,318,325,318,322,318,328,317,317,308,310,313,318,317,317,317,317,330,318,318,324,317,321,318,327,316,316
1.96,637,638,638,639,628,619,613,607,611,619,625,631,630,631,619,615,615,610,624,622,609,615,646,656,662,669,665,656,651,644,648,645,658,662,661,667,652,656,667,661,309,318,318,331,308,311,314,319,318,318,318,318,331,318,318,325,318,322,318,328,317,317,308,310,314,318,317,317,317,318,330,318,318,324,317,321,318,327,316,317
2.0,637,638,638,639,628,619,613,607,611,619,625,631,630,631,618,615,615,610,624,622,609,615,646,656,662,669,665,656,651,644,648,645,658,662,661,667,652,656,667,661,309,318,318,331,308,311,314,319,318,318,318,318,331,318,318,325,318,322,318,328,317,317,308,310,314,318,317,317,317,318,330,318,318,324,318,321,318,327,316,317
2.04,637,637,638,639,628,619,613,607,611,619,625,631,630,630,618,615,615,610,624,622,609,615,646,655,662,669,665,656,650,644,648,645,658,662,661,666,652,656,667,661,309,318,318,331,308,311,314,319,318,318,318,318,331,318,318,325,318,322,318,328,317,317,308,310,314,318,317,317,317,317,330,318,317,324,317,321,318,327,316,316
2.08,637,637,638,638,628,619,613,607,611,619,624,631,630,630,618,615,615,610,624,622,609,615,646,655,662,669,665,656,650,644,647,645,657,662,661,666,652,656,667,661,309,318,318,331,308,311,314,319,318,318,318,318,331,318,318,325,318,322,318,328,317,317,308,310,314,318,317,317,317,318,330,318,318,324,317,321,318,327,316,317
2.12,637,637,638,638,628,619,613,607,611,619,624,631,630,630,618,615,615,610,624,621,609,615,646,655,662,669,665,656,650,644,647,645,657,662,661,666,652,656,667,661,309,318,318,331,308,311,314,319,318,318,318,318,331,318,318,325,318,322,318,328,317,317,308,310,314,318,317,317,317,318,330,318,318,324,317,321,318,327,316,317
2.16,637,637,638,638,628,619,613,607,611,619,624,631,630,630,618,615,615,610,624,622,609,615,646,655,662,669,665,656,650,644,647,645,657,662,661,666,652,656,667,661,309,318,318,331,308,311,314,319,318,318,318,318,331,318,318,325,318,322,318,328,317,317,308,310,314,318,317,317,317,318,330,318,318,324,317,321,318,327,316,317
2.2,637,637,638,639,628,619,613,607,611,619,625,631,630,630,618,615,615,610,624,622,609,615,646,655,662,669,665,656,650,644,648,645,658,662,661,666,652,656,667,661,309,318,318,331,308,311,314,319,318,318,318,318,331,318,318,325,318,322,318,328,317,317,308,310,314,318,317,317,317,318,330,318,318,324,317,321,318,327,316,316
2.24,637,637,638,639,628,619,613,607,611,619,625,631,630,631,618,615,615,610,624,622,609,615,646,655,662,669,665,656,650,644,648,645,658,662,661,666,652,656,667,661,309,318,318,331,308,311,315,319,318,318,318,318,331,318,318,325,318,322,318,328,317,317,308,310,314,318,317,317,317,318,330,318,317,324,317,321,318,327,316,316
2.28,637,638,638,639,628,619,614,607,611,620,625,631,630,631,619,615,615,611,624,622,609,615,646,656,662,670,665,656,651,645,648,646,658,663,662,667,652,656,667,661,309,318,318,331,308,311,315,319,318,318,318,318,331,319,318,325,318,322,318,328,317,317,308,310,314,318,317,317,317,318,330,318,318,324,317,321,318,327,316,316
2.32,637,638,638,639,629,620,614,608,611,620,625,631,630,631,619,615,615,611,625,622,609,615,646,656,662,670,665,656,651,645,648,646,658,663,662,667,652,656,667,661,310,318,319,331,308,311,315,319,318,318,318,318,331,319,319,325,319,322,319,328,317,318,308,311,314,318,317,317,317,318,330,318,318,324,318,321,318,328,316,317
2.36,638,638,639,639,629,620,614,608,612,620,625,631,630,631,619,616,616,611,625,622,610,615,647,656,663,670,666,657,651,645,648,646,658,663,662,667,653,656,668,661,310,318,319,331,309,311,315,319,318,318,318,318,331,319,319,325,319,322,319,329,317,318,308,311,314,318,317,317,317,318,330,318,318,324,318,321,318,328,316,317
2.4,638,638,639,640,629,620,614,608,612,620,626,632,631,631,619,616,616,611,625,623,610,616,647,656,663,670,666,657,651,645,649,646,658,663,662,667,653,657,668,662,310,318,319,331,309,312,315,319,318,318,318,318,331,319,319,325,319,322,319,329,317,318,308,311,314,318,317,317,318,318,331,319,318,324,318,321,318,328,316,317
2.44,638,638,639,640,629,620,614,608,612,620,626,632,631,631,619,616,616,611,625,623,610,616,647,656,663,670,666,657,651,645,649,646,659,663,662,667,653,657,668,662,310,318,319,331,308,311,315,319,318,318,318,318,331,319,319,325,319,322,319,329,317,318,308,311,314,318,317,317,317,318,331,318,318,324,318,321,318,328,316,317
2.48,638,638,639,640,629,620,614,608,612,620,626,632,631,631,619,616,616,611,625,623,610,616,647,656,663,670,666,657,651,645,649,646,659,663,662,667,653,657,668,662,310,318,319,331,309,311,315,319,318,318,318,318,331,319,319,325,319,322,319,329,317,318,308,311,314,318,317,317,317,318,331,318,318,324,318,321,318,328,316,317
2.52,638,638,639,640,629,620,614,608,612,620,626,632,631,631,619,616,616,611,625,623,610,616,647,656,663,670,666,657,651,645,649,646,658,663,662,667,653,657,668,662,309,318,319,331,308,311,315,319,318,318,318,318,331,319,319,325,319,322,319,329,317,318,308,311,314,318,317,317,317,318,330,318,318,324,318,321,318,328,316,317
2.56,638,638,639,640,629,620,614,608,612,620,626,632,631,631,619,616,616,611,625,623,610,616,647,656,663,670,666,657,651,645,649,646,659,663,662,667,653,657,668,662,309,318,319,331,308,311,315,319,318,318,318,318,331,319,319,325,319,322,319,328,317,318,308,311,314,318,317,317,317,318,330,318,318,324,318,321,318,328,316,317
2.6,638,638,639,640,629,620,614,608,612,620,625,632,631,631,619,616,616,611,625,623,610,616,647,656,663,670,666,657,651,645,648,646,658,663,662,667,653,656,668,661,309,318,319,331,308,311,315,319,318,318,318,318,331,319,319,325,319,322,319,329,317,318,308,311,314,318,317,317,317,318,330,318,318,324,318,321,318,328,316,317
2.64,638,638,639,639,629,620,614,608,612,620,625,632,631,631,619,616,616,611,625,622,610,616,647,656,663,670,666,657,651,645,648,646,658,663,662,667,653,656,668,661,309,318,319,331,308,311,315,319,318,318,318,318,331,319,319,325,319,322,319,328,317,318,308,311,314,318,317,317,317,318,330,318,318,324,318,321,318,328,316,317
2.68,638,638,639,639,629,620,614,608,612,620,625,632,631,631,619,616,616,611,625,622,610,616,646,656,663,670,666,657,651,645,648,646,658,663,662,667,653,656,667,661,309,318,318,331,308,311,315,319,318,318,318,318,331,319,319,325,319,322,318,328,317,318,308,310,314,318,317,317,317,318,330,318,318,324,317,321,318,327,316,317
2.72,638,638,639,640,629,620,614,608,612,620,626,632,631,631,619,616,616,611,625,623,610,616,647,656,663,670,666,657,651,645,648,646,658,663,662,667,653,656,668,661,309,318,318,331,308,311,315,319,318,318,318,318,331,318,318,325,319,322,318,328,317,318,308,310,313,318,317,317,317,317,330,318,317,324,317,321,318,327,316,316
2.76,638,638,639,640,629,620,614,608,612,620,625,632,631,631,619,616,616,611,625,623,610,616,647,656,663,670,666,657,651,645,649,646,659,663,662,667,653,657,668,662,309,318,318,331,308,311,315,319,318,318,318,318,331,318,318,325,318,322,318,328,317,318,308,310,314,318,317,317,317,318,330,318,317,323,317,321,318,327,316,316
2.8,638,638,639,640,629,620,614,608,612,620,626,632,631,631,619,616,616,611,625,623,610,616,647,656,663,670,666,657,651,645,649,646,658,663,662,667,653,657,668,662,309,318,318,331,308,311,315,319,318,318,318,318,331,318,318,325,318,322,318,328,317,317,308,310,313,318,317,317,317,317,330,318,317,324,317,321,318,327,316,316
2.84,638,638,639,640,629,620,614,608,612,620,626,632,631,631,619,616,616,611,625,623,610,616,647,656,663,670,666,657,651,645,649,646,659,663,662,667,653,657,668,662,309,318,318,331,308,311,315,319,318,318,318,318,331,318,318,325,318,322,318,328,317,318,308,310,313,318,317,317,317,317,330,318,317,323,317,321,318,327,316,316
2.88,638,638,639,640,629,620,614,608,612,620,626,632,631,632,619,616,616,611,625,623,610,616,647,656,663,670,666,657,651,645,649,646,658,663,662,667,653,657,668,662,309,318,318,331,308,311,315,320,318,318,318,318,331,319,319,325,319,322,318,329,317,318,308,310,314,318,317,317,317,318,330,318,318,324,318,321,318,327,316,317
2.92,638,639,639,640,629,620,615,608,612,621,626,632,631,632,620,616,616,611,625,623,610,616,647,657,663,670,666,657,652,645,649,647,659,663,662,668,653,657,668,662,309,318,319,331,308,311,315,320,319,318,318,318,331,319,319,325,319,323,319,329,318,318,308,310,314,318,317,317,317,318,330,318,318,324,318,321,318,328,316,317
2.96,638,638,639,640,629,620,614,608,612,620,626,632,631,632,619,616,616,611,625,623,610,616,647,656,663,670,666,657,651,645,649,646,659,663,662,667,653,657,668,662,309,318,319,331,308,312,315,320,319,318,318,318,331,319,319,325,319,323,319,329,318,318,308,311,314,318,317,317,317,318,330,318,318,324,318,321,318,328,316,317
3.0,638,639,639,640,629,620,614,608,612,620,626,632,631,632,620,616,616,611,625,623,610,616,647,656,663,670,666,657,651,645,649,646,659,663,662,667,653,657,668,662,309,318,319,331,308,311,315,320,319,318,318,318,331,319,319,325,319,323,319,329,318,318,308,311,314,318,317,317,317,318,330,318,318,324,318,321,318,328,316,317
3.04,638,638,639,640,629,620,614,608,612,620,626,632,631,631,619,616,616,611,625,623,610,616,647,656,663,670,666,657,651,645,649,646,658,663,662,667,653,657,668,661,309,318,319,331,308,311,315,320,319,318,318,318,331,319,319,325,319,323,319,329,318,318,308,311,314,318,317,317,317,318,330,318,318,324,318,321,318,328,316,317
3.08,638,638,639,640,629,620,614,608,612,620,626,632,631,631,619,616,616,611,625,623,610,616,647,656,663,670,666,657,651,645,649,646,658,663,662,667,653,657,668,661,309,318,319,331,308,311,315,320,318,318,318,318,331,319,319,325,319,322,319,329,317,318,308,310,314,318,317,317,317,318,330,318,318,324,318,321,318,328,316,317
3.12,638,638,639,640,629,620,614,608,612,620,626,632,631,631,619,616,616,611,625,623,610,616,647,656,663,670,666,657,651,645,649,646,658,663,662,667,653,657,667,661,309,318,318,331,308,311,315,320,318,318,318,318,331,318,319,325,319,322,318,329,317,318,307,310,313,318,317,317,317,317,330,318,318,324,317,321,318,327,316,317
3.16,638,638,639,640,629,620,614,608,612,620,626,632,631,632,620,616,616,611,625,623,610,616,647,656,662,670,665,657,651,645,649,646,658,663,662,667,653,657,667,661,309,318,319,331,308,311,315,320,318,318,318,318,331,319,319,325,319,323,319,329,317,318,308,310,313,318,317,317,317,317,330,318,318,324,318,321,318,328,316,317
3.2,638,638,639,640,629,620,614,608,612,620,625,632,631,631,619,616,616,611,625,622,610,616,646,656,662,670,665,656,651,645,648,646,658,663,662,667,653,656,667,661,309,318,319,331,308,311,315,320,318,318,318,318,331,319,319,325,319,323,319,329,317,318,308,310,313,318,317,317,317,318,331,318,318,324,318,321,318,328,316,317
3.24,638,638,639,639,629,620,614,608,612,620,625,631,630,631,619,615,616,611,625,622,610,616,646,656,662,670,665,656,651,645,648,646,658,663,661,667,652,656,667,661,309,318,319,332,308,311,315,320,319,318,318,318,332,319,319,326,319,323,319,329,317,318,308,310,314,318,317,317,317,318,331,319,318,324,318,321,318,328,316,317
3.28,638,638,639,639,629,620,614,608,612,620,626,632,630,631,619,615,616,611,625,622,610,616,646,656,662,669,665,656,651,645,649,646,658,663,661,667,652,657,667,661,309,318,320,334,308,311,315,320,319,318,318,318,334,320,320,327,320,324,320,331,318,318,308,310,314,319,318,318,318,318,333,320,319,325,319,322,319,330,316,317
3.32,638,638,639,639,629,620,614,608,613,621,626,631,630,631,620,615,616,611,625,621,610,617,646,656,661,668,663,655,650,644,649,646,657,662,660,666,652,657,666,659,308,318,324,339,307,311,315,322,320,319,318,318,338,324,322,330,322,325,323,335,318,319,307,310,314,321,319,318,318,318,338,323,322,329,321,324,322,334,317,318
3.36,638,638,639,639,628,619,614,608,613,621,626,631,629,631,620,614,616,610,625,621,610,617,646,656,662,668,663,655,650,644,649,646,657,663,660,666,652,657,666,659,308,318,327,343,307,311,315,322,321,319,318,318,342,327,325,332,324,327,326,338,318,319,306,310,314,322,320,318,318,318,341,326,324,331,323,326,325,337,318,319
3.4,637,638,638,639,628,619,613,607,612,620,625,631,629,631,619,614,616,610,624,620,609,616,646,656,661,668,663,655,650,644,649,646,657,663,660,666,652,657,666,659,308,318,326,342,307,311,315,322,321,319,319,318,341,326,324,332,323,327,325,337,318,319,307,310,314,322,321,319,318,318,341,326,324,331,323,326,325,337,318,319
3.44,637,637,638,639,628,619,613,607,612,620,625,631,629,631,619,615,616,610,624,621,609,616,646,655,661,669,664,655,650,644,648,645,657,663,660,666,652,656,666,660,310,320,324,338,309,312,316,322,321,320,320,320,338,324,322,330,322,326,323,334,319,320,308,312,315,321,320,319,319,319,337,323,322,329,321,325,323,334,318,319
3.48,638,639,639,640,629,620,614,607,611,620,626,632,631,632,619,615,616,611,625,622,609,615,647,657,663,671,667,657,652,646,649,647,659,664,663,668,654,658,669,662,312,321,322,335,311,314,317,322,321,321,321,321,335,322,322,328,321,325,322,332,320,320,310,313,316,320,319,320,320,321,334,322,321,327,320,323,321,331,318,319
3.52,638,639,639,640,629,620,614,607,612,620,625,632,631,631,619,615,616,611,625,622,609,615,647,657,663,671,667,657,652,645,650,647,659,664,663,668,654,658,668,662,313,322,323,337,312,315,318,323,321,321,322,322,336,323,323,329,322,326,323,333,320,321,311,314,317,321,320,320,321,322,336,323,321,328,321,324,322,332,319,320
3.56,637,638,638,639,628,619,613,607,611,620,625,631,630,631,619,615,615,610,624,622,609,615,646,656,662,670,665,656,651,645,649,646,658,663,662,667,653,657,667,661,314,323,324,338,313,316,319,323,322,322,323,323,337,324,323,330,323,327,324,334,321,322,312,315,318,322,321,321,322,322,337,324,322,329,322,325,323,333,320,321
3.6,637,638,638,639,628,619,613,607,611,620,625,631,630,631,619,615,615,610,624,622,609,615,646,656,662,669,665,656,651,645,649,646,658,663,661,667,652,657,667,661,315,324,325,338,313,316,320,324,323,323,323,324,338,325,324,331,324,328,324,335,322,323,313,315,318,323,322,322,323,323,337,324,323,329,323,326,324,334,320,321
3.64,637,638,638,639,628,619,613,606,611,619,625,631,630,631,618,614,615,610,624,621,608,615,646,656,662,669,665,656,650,644,648,646,658,663,661,667,652,656,667,660,316,325,326,339,315,318,321,326,324,324,325,325,339,326,325,332,325,329,326,336,323,324,314,316,319,324,322,323,324,324,338,325,324,330,324,327,325,335,321,322
3.68,636,637,638,639,627,618,612,606,610,619,624,630,629,630,618,614,614,609,623,621,608,614,645,655,662,669,665,656,650,644,648,645,658,662,661,667,652,656,667,660,316,325,326,339,315,318,321,325,324,324,324,325,339,326,325,332,325,328,326,336,323,323,315,317,319,323,322,323,324,324,338,326,324,330,324,327,325,335,321,322
3.72,637,637,638,639,628,619,613,606,610,619,624,631,630,630,618,614,614,610,624,621,608,614,646,656,662,670,665,656,651,644,648,646,658,663,661,667,652,656,667,661,316,325,326,339,315,318,321,325,323,324,324,325,338,326,325,331,324,328,325,336,322,323,314,317,319,323,322,323,324,324,338,325,324,330,323,326,324,334,321,322
3.76,636,636,637,638,627,618,612,606,610,618,623,630,629,629,617,613,614,609,623,620,607,614,645,654,661,668,663,655,649,643,647,644,656,661,660,665,651,655,665,659,315,324,325,339,314,316,320,324,323,323,323,324,339,325,324,331,324,327,325,336,322,322,313,316,319,323,322,323,323,324,338,325,324,330,323,327,324,335,321,322
3.8,635,636,637,638,626,617,611,605,610,618,623,629,628,629,617,613,614,608,622,620,607,613,644,654,660,667,663,654,649,643,647,644,656,661,659,665,651,655,665,658,315,324,327,342,314,316,320,325,323,323,323,324,341,327,326,333,325,328,326,338,322,323,313,316,319,324,323,323,323,324,341,327,325,332,324,328,326,337,321,322
3.84,636,636,637,638,627,617,612,605,610,618,623,629,629,629,617,613,614,609,623,620,607,614,645,654,660,668,663,654,649,643,648,645,656,661,659,665,651,656,665,659,315,325,328,342,314,317,320,325,324,324,324,324,341,327,326,333,326,329,327,338,323,323,314,316,319,324,323,323,324,324,341,327,325,332,325,328,326,337,322,323
3.88,636,636,637,638,626,617,611,605,609,618,623,629,628,629,617,613,613,608,622,620,607,613,645,654,660,668,663,654,649,643,647,644,656,661,659,665,651,655,665,659,316,325,328,342,315,318,321,325,324,324,324,325,341,328,326,333,326,329,327,338,323,324,314,317,319,324,323,323,324,324,341,327,325,332,324,328,326,337,321,323
3.92,636,636,637,638,626,617,611,605,609,618,623,629,628,629,617,613,613,608,623,620,607,613,645,654,661,668,663,654,649,643,647,644,656,661,659,665,651,655,665,659,316,325,327,341,315,318,321,325,324,324,324,325,341,327,326,333,326,329,327,338,323,324,314,317,319,324,323,323,324,324,340,327,325,331,324,327,326,336,321,322
3.96,636,636,637,638,627,617,612,605,610,618,623,629,629,629,617,613,614,608,623,620,607,613,645,654,661,668,663,654,649,643,647,644,656,661,659,665,651,655,665,659,316,325,327,341,315,317,321,325,324,324,324,324,340,327,326,332,325,329,326,337,323,323,314,316,319,323,322,323,323,324,339,326,324,331,324,327,325,336,321,322
4.0,635,636,637,638,626,617,611,605,609,618,623,629,628,629,617,613,613,608,622,620,607,613,644,654,660,667,663,654,649,643,647,644,656,661,659,665,651,655,665,659,315,324,326,340,314,317,320,325,323,323,324,324,340,326,325,332,325,328,326,337,322,323,314,316,319,323,322,322,323,324,339,326,324,331,324,327,325,335,321,322
4.04,636,636,637,638,627,617,611,605,609,618,623,629,629,629,617,613,614,608,623,620,607,613,645,654,661,668,663,655,649,643,647,644,656,661,660,665,651,655,666,659,316,324,326,340,314,317,320,325,323,323,324,324,339,326,325,332,325,328,326,336,322,323,314,316,319,323,322,322,323,324,339,326,324,330,323,326,325,335,321,322
4.08,636,637,637,638,627,618,612,606,610,618,624,630,629,630,617,614,614,609,623,621,607,614,645,655,661,668,664,655,650,644,648,645,657,662,660,666,651,656,666,659,315,324,326,340,314,317,320,325,323,323,324,324,339,326,325,332,325,328,326,336,322,323,314,316,319,323,322,322,323,324,338,325,324,330,323,326,325,335,321,322
4.12,636,637,637,638,627,618,612,606,610,618,624,630,629,630,618,614,614,609,623,621,608,614,645,655,661,668,664,655,650,644,648,645,657,662,660,666,651,656,666,659,315,324,326,339,314,317,320,325,323,323,324,324,339,326,325,332,325,328,325,336,322,323,313,316,319,323,322,322,323,323,338,325,324,330,323,326,324,335,321,322
4.16,636,637,637,639,627,618,613,606,611,619,624,630,629,630,618,614,615,610,623,621,608,614,645,655,661,668,663,655,650,644,648,645,657,662,660,665,651,655,666,659,315,324,326,339,314,317,320,325,324,323,324,324,339,326,325,332,325,328,325,336,322,323,313,316,319,323,322,322,323,323,338,325,324,330,323,326,324,335,321,322
4.2,636,637,637,638,627,619,613,607,611,619,624,630,629,630,618,614,615,610,624,621,608,615,645,655,661,668,663,655,649,644,648,645,656,661,660,665,651,655,665,659,315,324,326,339,314,317,320,325,324,323,323,324,339,326,325,332,325,328,325,336,322,323,313,316,319,323,322,322,323,323,338,325,324,330,323,327,325,335,321,322
4.24,637,638,638,639,628,619,614,607,612,620,625,631,630,631,619,615,615,611,624,622,609,615,646,655,661,668,664,655,650,644,648,645,657,662,660,666,652,656,666,660,315,323,325,338,314,317,320,325,324,323,323,323,338,325,325,331,324,328,325,335,323,323,313,315,318,323,322,322,323,323,337,324,323,330,323,326,324,334,321,322
4.28,638,638,639,640,629,620,614,608,612,620,626,632,631,631,619,616,616,611,625,623,610,616,647,656,662,669,665,656,651,645,649,646,658,663,661,667,652,656,667,661,315,323,324,337,314,317,320,325,323,323,323,323,337,324,324,331,324,328,324,334,323,323,313,315,318,322,321,322,322,323,336,323,322,329,322,325,323,333,320,321
4.32,638,639,639,640,629,620,614,608,612,620,626,632,631,632,619,616,616,611,625,623,610,616,647,656,662,670,665,657,651,645,649,646,658,663,662,667,653,657,667,661,315,323,324,336,314,317,320,325,324,323,323,323,336,324,324,331,324,328,324,334,323,323,313,315,318,322,321,322,322,323,335,323,322,328,322,325,323,332,320,321
4.36,638,639,639,640,629,620,614,608,612,620,626,632,631,632,619,616,616,611,625,623,610,616,647,656,663,670,665,657,651,645,649,646,658,663,662,667,653,657,667,661,315,323,324,336,314,317,320,325,323,323,323,323,336,324,324,330,324,327,324,334,323,323,313,315,318,322,321,321,322,323,335,323,322,328,322,325,322,332,320,321
4.4,638,639,639,640,629,620,614,608,612,620,626,632,631,632,619,616,616,611,625,623,610,616,647,656,662,670,665,657,651,645,649,646,658,663,662,667,653,657,667,661,315,323,323,336,314,317,320,325,323,323,323,323,336,324,324,330,324,327,324,334,322,323,313,315,318,322,321,321,322,323,335,323,322,328,321,324,322,332,320,321
4.44,638,639,639,640,629,620,614,608,612,620,626,632,631,632,619,616,616,611,625,623,610,616,647,656,662,670,665,657,651,645,649,646,658,663,662,667,653,657,667,661,315,323,323,336,314,317,320,325,323,323,323,323,336,324,324,330,324,327,324,334,322,323,313,315,318,321,321,321,322,323,335,323,322,328,321,324,322,332,319,320
4.48,638,639,639,640,629,620,614,608,612,620,626,632,631,632,619,616,616,611,625,623,610,615,647,656,662,670,665,657,651,645,649,646,658,663,662,667,653,657,667,661,315,323,324,336,314,317,320,325,323,323,323,323,336,324,324,330,324,327,324,334,322,323,313,315,318,321,321,321,322,323,335,323,322,328,321,324,322,332,320,320
4.52,638,639,639,640,629,620,614,608,612,620,626,632,631,632,619,616,616,611,625,623,610,615,647,656,662,670,665,657,651,645,649,646,658,663,662,667,653,657,667,661,315,323,324,336,314,317,320,325,323,323,323,323,336,324,324,330,324,327,324,334,322,323,313,315,318,322,321,321,322,323,335,323,322,328,321,324,322,332,320,321
4.56,638,639,639,640,629,620,614,607,611,620,625,632,631,632,619,616,615,611,625,623,609,615,647,656,662,670,665,656,651,645,649,646,658,663,662,667,653,657,667,661,315,323,324,336,314,317,320,325,323,323,323,323,336,324,324,330,324,327,324,334,323,323,313,315,318,322,321,321,322,323,335,323,322,328,322,325,322,332,320,321
4.6,638,638,639,640,629,620,614,607,611,620,625,632,631,631,619,616,615,611,625,623,609,615,647,656,662,670,665,656,651,645,649,646,658,663,662,667,653,657,667,661,315,323,324,336,314,317,320,325,323,323,323,324,336,324,324,330,324,328,324,334,323,323,313,315,318,322,321,321,322,323,335,323,322,328,322,325,322,332,320,321
4.64,638,638,639,640,629,620,614,607,611,620,625,632,631,631,619,615,615,611,625,623,609,615,647,656,662,670,665,657,651,645,649,646,658,663,662,667,653,657,667,661,315,324,324,336,314,317,321,325,323,323,323,324,336,324,324,330,324,328,324,334,323,323,313,315,318,322,321,321,322,323,335,323,322,328,322,325,323,332,320,321
4.68,638,639,639,640,629,620,614,607,611,620,625,632,631,632,619,616,615,611,625,623,609,615,647,656,662,670,665,657,651,645,649,646,658,663,662,667,653,657,667,661,315,324,324,336,314,317,321,325,324,323,324,324,336,324,324,330,324,328,324,334,323,323,313,315,318,322,321,321,322,323,335,323,322,328,322,325,322,332,320,321
4.72,638,638,639,640,629,620,614,607,611,620,625,632,631,631,619,615,615,611,625,622,609,615,647,656,662,670,665,657,651,645,649,646,658,663,662,667,653,657,667,661,315,324,324,336,314,317,321,325,324,323,324,324,336,324,324,331,324,328,324,334,323,323,313,315,318,322,321,322,322,323,335,323,322,328,322,325,323,332,320,321
4.76,638,639,639,640,629,620,614,607,611,620,625,632,631,631,619,615,615,611,625,623,609,615,647,656,662,670,665,657,651,645,649,646,658,663,662,667,653,657,667,661,315,324,324,336,314,317,321,325,324,324,324,324,336,324,324,331,324,328,324,334,323,323,313,315,318,322,321,322,322,323,335,323,322,328,322,325,323,332,320,321
4.8,638,639,639,640,629,620,614,607,611,620,625,632,631,632,619,615,615,611,625,623,609,615,647,656,663,670,665,657,651,645,649,646,658,663,662,667,653,657,667,661,315,324,324,337,314,317,321,325,324,324,324,324,337,324,324,331,324,328,324,334,323,323,313,315,318,322,321,322,322,323,336,323,322,328,322,325,323,332,320,321
4.84,638,638,639,640,629,620,614,607,611,620,625,632,631,631,619,615,615,611,625,622,609,615,647,656,663,670,665,657,651,645,649,646,658,663,662,667,653,657,667,661,315,324,324,337,315,317,321,325,324,324,324,324,337,324,324,331,324,328,324,334,323,323,313,315,318,322,321,322,322,323,336,323,322,328,322,325,323,332,320,321
4.88,638,638,639,640,629,620,614,607,611,620,625,631,631,631,619,615,615,610,624,622,609,615,647,656,662,670,665,656,651,645,649,646,658,663,662,667,653,656,667,661,315,324,324,337,315,317,321,325,324,324,324,324,337,324,324,331,324,328,324,334,323,323,313,315,318,322,321,322,322,323,336,323,322,328,322,325,323,332,320,321
4.92,638,638,639,640,629,620,614,607,611,620,625,631,631,631,619,615,615,610,624,622,609,615,647,656,662,669,665,656,651,645,649,646,658,663,661,667,653,656,667,661,315,324,324,337,314,317,321,325,324,324,324,324,337,324,324,331,324,328,324,334,323,323,313,315,318,322,321,322,322,323,335,323,322,328,322,325,323,332,320,321
4.96,637,638,638,639,628,619,613,607,611,619,625,631,630,631,618,615,615,610,624,622,609,615,646,656,662,669,665,656,651,645,648,646,658,662,661,666,652,656,667,661,315,324,324,336,314,317,321,325,324,323,324,324,336,324,324,331,324,328,324,334,323,323,313,315,318,322,321,322,322,323,335,323,322,328,322,325,323,332,320,321
5.0,637,638,638,639,628,619,613,607,611,619,625,631,630,631,618,615,615,610,624,622,609,615,646,655,662,669,665,656,650,644,648,645,658,662,661,666,652,656,666,660,315,324,324,336,314,317,321,325,324,324,324,324,336,324,324,331,324,328,324,334,323,323,313,315,318,322,321,322,322,323,335,323,322,328,322,325,323,332,320,321
5.04,637,638,638,639,628,619,613,607,611,619,625,631,630,631,618,615,615,610,624,622,609,615,646,655,662,669,665,656,650,644,648,646,658,662,661,666,652,656,666,660,315,324,324,336,314,317,321,325,324,324,324,324,336,324,324,331,324,328,324,334,323,323,313,315,318,322,321,322,322,323,335,323,322,328,322,325,323,332,320,321
5.08,637,637,638,639,628,619,613,606,610,619,624,631,630,630,618,614,614,610,624,621,608,614,646,655,661,669,664,656,650,644,648,645,657,662,661,666,652,656,666,660,315,324,324,336,314,317,321,325,324,323,324,324,336,324,324,331,324,328,324,334,323,323,313,315,318,322,321,321,322,323,335,323,322,328,322,325,323,332,320,321
5.12,637,637,638,639,628,619,613,606,610,619,624,630,630,630,618,614,614,610,623,621,608,614,645,655,661,668,664,655,650,644,647,645,657,661,660,665,651,655,666,659,315,323,324,336,314,317,321,325,324,323,323,324,336,324,324,331,324,328,324,334,323,323,313,315,318,322,321,322,322,323,335,323,322,328,322,325,323,332,320,321
5.16,636,637,637,638,627,618,612,606,610,618,624,630,629,630,618,614,614,609,623,621,608,614,645,654,661,668,664,655,649,643,647,645,657,661,660,665,651,655,665,659,315,324,324,337,314,317,321,325,324,324,324,324,337,324,324,331,324,328,324,334,323,323,313,315,318,322,321,322,322,323,336,323,322,328,322,325,323,332,320,321
5.2,636,637,637,638,627,618,612,606,610,618,624,630,629,630,617,614,614,609,623,621,608,614,645,654,660,668,663,655,649,643,647,644,656,661,660,665,651,655,665,659,315,324,324,337,314,317,321,326,324,324,324,324,337,324,325,331,325,328,324,334,323,324,313,316,318,322,321,322,323,323,336,324,322,328,322,325,323,333,320,321
5.24,636,637,637,638,627,618,612,606,610,618,624,630,629,630,617,614,614,609,623,621,608,614,645,654,660,668,663,654,649,643,647,644,656,661,660,665,651,655,665,659,315,324,324,337,314,317,321,326,324,324,324,324,337,324,325,331,325,328,324,334,323,324,313,316,318,322,321,322,323,323,336,324,322,328,322,325,323,333,320,321
5.28,636,637,637,638,627,618,612,606,610,618,624,630,629,630,617,614,614,609,623,621,608,614,645,654,660,668,663,654,649,643,647,644,656,661,660,665,651,655,665,659,315,324,324,337,314,317,321,326,324,324,324,324,337,324,324,331,324,328,324,334,323,324,313,316,318,322,321,322,323,323,336,323,322,328,322,325,323,333,320,321
5.32,636,637,637,638,627,618,612,606,610,618,624,630,629,630,618,614,614,609,623,621,608,614,645,654,660,668,663,655,649,643,647,644,656,661,660,665,651,655,665,659,315,324,324,337,314,317,321,326,324,324,324,324,337,324,324,331,325,328,324,334,323,324,313,316,318,322,321,322,323,323,336,324,322,328,322,325,323,333,320,321
5.36,636,637,637,638,627,618,612,606,610,618,624,630,629,630,618,614,614,609,623,621,608,614,645,654,661,668,664,655,649,643,647,645,657,661,660,665,651,655,665,659,315,324,324,337,314,317,321,326,324,324,324,324,337,324,324,331,325,328,324,334,323,324,313,316,318,322,321,322,323,323,336,324,322,328,322,325,323,333,320,321
5.4,636,637,637,638,627,618,613,606,610,619,624,630,629,630,618,614,614,609,623,621,608,614,645,654,661,668,664,655,649,643,647,645,657,661,660,665,651,655,665,659,315,324,324,337,314,318,321,326,324,324,324,324,337,324,325,331,325,328,324,335,323,324,313,316,318,322,321,322,323,323,336,324,322,328,322,325,323,333,320,321
5.44,636,637,637,638,628,619,613,606,610,619,624,630,629,630,618,614,614,609,623,621,608,614,645,655,661,668,664,655,650,644,647,645,657,661,660,665,651,655,666,659,315,324,324,337,315,318,321,326,324,324,324,324,337,324,325,331,325,328,325,335,323,324,314,316,318,322,321,322,323,323,336,324,323,328,322,325,323,333,320,321
5.48,636,637,637,638,628,619,613,606,610,619,624,630,629,630,618,614,614,610,623,621,608,614,645,655,661,668,664,655,650,644,647,645,657,661,660,665,651,655,666,659,315,324,324,337,315,318,321,326,324,324,324,324,337,324,325,331,325,328,325,335,323,324,314,316,318,322,321,322,323,323,336,324,323,329,322,325,323,333,320,321
5.52,636,637,637,638,628,619,613,606,610,619,624,630,629,630,618,614,614,610,623,621,608,614,645,655,661,668,664,655,650,644,647,645,657,661,660,665,651,655,666,659,315,324,324,337,315,318,321,326,324,324,324,324,337,325,325,331,325,328,325,335,323,324,314,316,318,322,321,322,323,323,336,324,323,329,322,325,323,333,320,321
5.56,636,637,637,638,628,619,613,606,610,619,624,630,630,630,618,614,614,610,623,621,608,614,645,655,661,668,664,655,650,644,647,645,657,661,660,665,651,655,666,660,315,324,324,337,315,318,321,326,324,324,324,324,337,324,325,331,325,328,324,334,323,324,314,316,318,322,321,322,323,323,336,324,322,328,322,325,323,333,320,321
5.6,636,637,637,638,627,618,613,606,610,618,624,630,629,630,618,614,614,609,623,621,608,614,645,654,660,668,663,655,649,643,647,644,656,661,660,665,651,655,665,659,315,324,324,337,315,318,321,325,324,324,324,324,337,324,324,331,324,328,324,334,323,324,314,316,318,322,321,322,323,323,336,324,322,328,322,325,323,333,320,321
5.64,636,637,637,638,627,618,613,606,610,619,624,630,629,630,618,614,614,609,623,621,608,614,645,654,660,668,663,655,649,643,647,644,656,661,660,665,651,655,665,659,315,324,324,336,314,317,321,325,324,324,324,324,336,324,324,331,324,328,324,334,323,323,313,315,318,322,321,322,322,323,335,323,322,328,322,325,323,332,320,321
5.68,636,637,637,638,627,618,612,606,610,618,624,630,629,630,618,614,614,609,623,621,608,614,645,654,660,668,663,655,649,643,647,644,656,661,660,665,651,655,665,659,315,323,324,336,314,317,321,325,324,323,323,323,336,324,324,330,324,328,324,334,323,323,313,315,318,322,321,321,322,323,335,323,322,328,322,325,322,332,320,321
5.72,636,637,637,638,627,618,612,606,610,618,624,630,629,630,617,614,614,609,623,621,608,614,645,654,661,668,663,655,649,643,647,644,656,661,660,665,651,655,665,659,315,323,323,336,314,317,320,325,323,323,323,323,336,323,324,330,324,327,324,334,323,323,313,315,318,321,320,321,322,322,335,323,321,327,321,324,322,332,319,320
5.76,636,637,637,638,627,618,612,606,610,618,624,630,629,630,617,614,614,609,623,621,608,614,645,654,661,668,663,655,649,643,647,644,656,661,660,665,651,655,665,659,315,323,323,336,314,317,320,325,323,323,323,323,336,324,324,330,324,328,324,334,323,323,313,315,318,321,321,321,322,322,335,323,322,328,321,324,322,332,319,320
5.8,636,637,637,638,627,618,612,606,610,618,624,630,629,630,617,614,614,609,623,621,608,614,645,654,661,668,663,655,649,643,647,644,656,661,660,665,651,655,665,659,315,323,323,336,314,317,320,325,324,323,323,323,336,324,324,330,324,328,324,334,323,323,313,315,318,322,321,321,322,322,335,323,322,328,321,324,322,332,320,320
5.84,636,637,637,638,627,618,612,606,610,618,624,630,629,630,617,614,614,609,623,621,608,614,645,654,660,667,663,654,649,643,647,644,656,661,659,665,651,655,665,659,315,323,324,336,314,317,320,325,324,323,323,323,336,324,324,331,324,328,324,334,323,323,313,315,318,322,321,321,322,322,335,323,322,328,321,325,322,332,320,321
5.88,636,636,637,638,627,618,612,606,610,618,624,630,629,629,617,614,614,609,623,621,608,614,644,654,660,667,663,654,649,643,647,644,656,661,659,665,650,654,665,659,314,323,324,337,314,317,320,325,324,323,323,323,337,324,324,331,324,328,324,334,323,323,313,315,318,322,321,321,322,322,336,323,322,328,322,325,322,332,320,321
5.92,635,636,636,638,627,618,612,606,610,618,623,629,628,629,617,613,614,609,623,620,608,614,644,653,660,667,662,654,648,643,647,644,655,660,659,664,650,654,664,658,314,323,325,339,314,317,321,326,324,324,324,324,338,325,325,332,325,329,325,336,323,323,313,315,318,323,322,322,322,323,337,325,323,329,323,326,324,334,320,321
5.96,635,636,636,637,626,617,612,606,611,618,623,629,628,629,617,613,614,609,623,619,608,614,644,653,659,666,661,652,648,642,647,644,655,661,658,664,650,655,663,657,313,323,328,343,312,316,320,326,324,323,323,323,343,328,327,334,326,330,328,339,323,323,312,314,318,324,323,322,322,323,342,328,325,332,325,328,327,338,321,322
6.0,635,635,636,637,626,617,611,605,610,618,623,629,627,629,617,612,614,608,622,619,607,614,644,653,659,666,661,652,648,642,647,643,655,661,657,664,650,655,664,657,312,322,328,343,311,315,319,325,324,322,322,322,343,328,327,334,326,329,327,339,322,322,311,314,317,323,322,321,322,322,342,327,325,332,324,328,326,338,320,321
6.04,635,636,636,637,626,617,612,606,611,619,623,629,628,629,618,613,615,609,623,619,608,615,644,653,659,666,660,652,648,642,647,644,654,660,657,664,650,655,663,656,311,321,327,342,310,313,317,324,322,321,321,321,342,327,325,333,324,328,326,338,320,321,310,312,316,322,321,320,320,320,341,326,324,331,323,326,325,337,319,320
6.08,635,636,636,638,626,617,612,606,611,619,623,629,628,629,618,613,615,609,623,620,608,615,644,653,659,665,660,652,648,642,647,644,654,660,657,663,650,655,663,656,311,321,327,342,310,314,317,323,322,321,321,321,341,327,325,332,324,328,326,338,320,321,310,312,316,322,321,320,320,320,341,326,324,331,323,326,325,336,318,320
6.12,636,637,637,638,627,618,612,607,612,619,624,630,629,630,619,614,615,610,624,620,608,615,645,654,660,666,661,653,649,643,648,645,655,661,658,664,651,656,664,657,313,323,330,345,313,316,320,326,325,323,323,323,344,330,328,335,327,330,329,341,323,323,312,314,318,324,323,322,322,323,343,329,326,333,325,328,328,339,321,322
6.16,636,637,637,639,627,619,614,609,613,621,625,631,629,630,620,615,617,611,624,621,610,617,644,654,659,665,661,653,648,643,648,644,655,661,658,664,650,655,663,656,317,327,332,347,316,320,324,331,329,328,327,327,347,332,331,338,330,334,331,343,327,328,315,318,322,329,327,326,327,327,346,331,330,336,329,332,330,342,325,326
6.2,636,637,637,638,627,618,613,606,611,619,624,630,629,630,618,614,615,609,623,620,608,615,645,654,660,667,663,654,649,643,648,644,656,661,659,665,651,655,665,658,322,331,333,347,321,324,328,333,331,331,331,331,347,333,333,339,332,336,333,344,330,330,320,323,325,330,329,329,330,331,346,333,331,337,330,333,332,342,328,329
6.24,636,636,637,638,627,618,612,606,610,619,624,630,628,629,618,613,614,609,623,620,608,614,644,654,660,667,663,654,648,643,647,644,656,661,659,665,650,655,664,658,323,332,334,347,322,325,328,332,331,331,331,332,347,334,333,339,332,336,333,344,330,330,321,323,326,330,329,330,331,331,346,333,331,337,330,333,332,342,328,329
6.28,635,636,636,637,626,618,612,606,610,618,624,629,628,629,617,613,614,609,623,620,608,614,644,653,659,667,662,653,648,642,647,644,655,661,659,664,650,655,664,658,322,331,333,347,321,324,327,332,330,330,331,331,347,333,332,339,332,335,333,344,329,330,321,323,326,330,329,329,330,331,346,333,331,337,330,333,332,342,328,329
6.32,634,634,635,636,625,616,611,605,610,618,622,628,626,628,617,612,614,608,622,618,607,614,642,652,657,664,659,651,646,641,645,642,653,659,656,662,648,653,662,655,319,329,333,348,318,321,325,330,329,328,329,329,348,333,331,339,331,334,332,344,327,328,318,321,324,330,328,328,328,329,347,333,331,338,330,333,332,343,327,328
6.36,633,634,634,635,624,615,610,604,608,616,621,627,626,627,615,611,612,607,621,618,605,612,642,652,658,664,660,651,646,640,645,642,653,659,656,662,648,653,662,655,318,328,331,345,317,320,323,328,327,327,327,327,345,331,329,336,328,332,330,341,325,326,317,319,322,327,326,326,327,327,344,330,329,335,328,331,329,340,325,326
6.4,633,634,634,635,624,614,609,602,607,615,620,627,626,627,614,610,611,606,620,617,604,611,642,652,658,666,661,652,647,641,645,642,654,659,657,663,648,653,663,656,319,328,331,345,318,320,323,328,327,327,327,328,345,331,329,336,328,332,330,341,325,326,317,320,322,326,326,326,327,327,344,331,328,335,327,330,329,340,324,325
6.44,632,633,634,635,623,613,608,601,606,614,620,626,625,626,613,609,610,605,619,616,603,610,642,652,658,666,661,652,647,640,644,641,654,659,657,663,648,653,663,657,320,328,331,345,319,321,323,327,327,327,328,328,344,331,329,336,328,331,330,341,325,326,318,320,323,326,326,326,327,328,344,331,328,335,327,330,329,340,324,325
6.48,632,633,633,634,622,613,607,601,606,614,619,625,624,625,613,609,610,604,619,616,603,609,641,651,658,665,660,651,646,640,644,641,653,658,656,662,648,652,663,656,320,328,332,346,319,321,323,327,326,327,327,328,345,331,329,336,328,331,330,341,325,326,318,320,323,326,326,326,327,328,344,331,329,335,328,330,330,340,324,326
6.52,631,632,632,633,622,612,606,600,605,613,618,625,623,624,612,608,609,603,618,615,602,609,641,651,657,664,659,650,645,639,643,640,652,658,656,662,647,651,662,655,319,328,332,347,318,320,323,327,326,327,327,328,346,332,330,336,328,331,331,342,325,326,318,320,323,327,326,327,327,328,345,332,329,336,328,331,331,341,325,326
6.56,631,632,632,633,622,612,606,600,605,613,618,624,623,624,612,608,609,603,618,615,602,609,640,650,656,664,659,650,645,639,643,640,652,657,655,661,646,651,661,654,319,328,333,348,318,320,323,328,327,327,328,328,347,333,331,337,329,332,332,343,325,326,318,320,323,328,327,327,327,328,347,333,330,337,329,332,332,343,325,326
6.6,631,632,632,633,622,612,607,600,605,613,619,625,623,624,613,608,609,604,618,615,602,609,640,650,656,664,658,650,645,639,643,640,652,657,655,661,646,651,661,654,319,328,334,349,318,320,323,328,328,327,328,328,348,334,331,338,330,333,333,344,326,327,318,320,323,328,327,327,328,328,348,334,331,338,330,333,332,343,325,327
6.64,631,632,632,633,622,612,607,600,605,613,618,625,623,624,612,608,609,603,618,615,602,609,640,650,656,663,658,650,645,639,643,640,652,657,655,661,646,651,661,654,319,328,334,349,318,320,323,328,327,327,328,328,348,333,331,338,330,333,332,344,326,327,318,320,323,328,327,327,327,328,347,333,331,337,329,332,332,343,325,326
6.68,631,632,632,633,622,612,606,600,604,613,618,624,623,624,612,608,609,603,618,614,602,608,640,650,657,664,659,650,645,639,643,640,652,658,655,661,647,651,662,655,320,329,334,348,319,321,324,328,327,327,328,329,347,333,331,338,330,333,332,343,326,327,318,321,323,328,327,327,328,328,347,333,331,337,329,332,332,343,325,327
6.72,631,632,632,633,621,612,606,600,604,613,618,624,623,624,612,607,609,603,617,614,601,608,640,651,657,664,659,650,645,639,643,640,652,658,655,662,647,651,662,655,320,329,334,349,319,321,324,329,328,328,328,329,348,334,331,338,330,333,333,344,326,327,319,321,324,328,328,328,328,329,347,333,331,337,330,333,332,343,326,327
6.76,631,632,632,633,622,612,606,600,605,613,618,625,623,624,612,608,609,603,618,614,602,608,641,651,657,664,659,650,645,639,643,640,652,658,655,662,647,651,662,655,321,330,334,349,319,322,325,329,328,328,329,329,348,334,332,339,330,334,333,344,326,328,319,321,324,329,328,328,329,329,348,334,331,338,330,333,333,344,326,327
6.8,631,632,632,633,622,612,606,600,605,613,618,625,623,624,612,608,609,603,618,615,602,609,641,651,657,664,660,651,645,639,643,640,652,658,656,662,647,651,662,655,322,330,333,348,320,322,325,329,328,328,329,330,347,333,331,338,330,333,332,343,327,328,320,322,325,329,328,328,329,330,346,333,331,337,330,333,332,342,326,328
6.84,632,632,633,634,622,613,607,601,605,613,619,625,624,625,613,609,609,604,618,615,602,609,641,651,657,665,660,651,646,639,643,640,653,658,656,662,647,651,662,655,322,330,333,347,320,322,325,329,328,329,329,330,346,333,331,337,330,333,332,343,327,328,320,322,325,329,328,328,329,330,346,332,330,337,329,332,331,342,326,328
6.88,632,633,633,634,623,614,608,601,606,614,619,626,624,625,613,609,610,605,619,616,603,610,641,651,657,664,660,651,646,639,643,641,653,658,656,662,647,651,662,655,321,330,333,347,320,322,325,329,329,329,329,330,346,332,331,337,330,333,332,343,327,328,320,322,325,329,328,328,329,330,345,332,330,337,330,332,331,342,327,328
6.92,631,632,632,633,622,613,607,601,605,614,619,625,624,625,613,609,609,604,618,615,603,609,641,650,657,664,659,651,645,639,643,640,652,657,656,661,647,651,662,655,322,330,333,346,320,323,325,329,328,329,329,330,346,332,331,337,330,333,332,342,327,328,320,322,325,329,328,329,329,330,345,332,330,337,330,333,331,342,327,328
6.96,632,633,633,634,623,614,608,601,606,614,619,626,624,625,613,609,610,605,619,616,603,610,641,651,657,664,660,651,646,640,643,640,653,658,656,662,647,651,662,656,321,330,332,346,320,322,325,329,328,329,329,330,345,332,330,337,330,333,331,342,327,328,320,322,325,329,328,328,329,329,345,332,330,336,329,332,331,341,327,328
7.0,632,633,633,634,623,614,608,602,606,614,620,626,624,625,613,609,610,605,619,616,604,610,641,651,657,664,660,651,645,639,643,640,652,657,656,661,647,651,662,655,321,330,332,346,320,322,325,330,329,329,329,330,345,332,331,337,330,333,331,342,327,328,320,322,325,329,328,328,329,329,345,332,330,336,329,332,331,341,327,328
7.04,632,633,633,634,623,614,609,602,607,615,620,626,625,626,614,610,611,605,619,616,604,610,641,651,657,665,660,651,646,640,643,641,653,658,656,662,647,652,662,656,321,330,332,345,320,322,325,330,329,329,329,329,345,332,330,337,330,333,331,342,327,328,319,322,325,329,328,328,329,329,344,331,330,336,329,332,331,341,327,328
7.08,633,634,634,635,624,615,609,603,607,616,621,627,625,627,615,611,611,606,620,617,605,611,642,652,658,665,660,652,646,640,644,641,653,658,657,662,648,652,663,656,321,330,332,345,320,322,325,330,329,329,329,329,345,332,330,337,330,333,331,342,328,328,319,322,324,329,328,328,329,329,344,331,330,336,329,332,330,341,327,328
7.12,634,634,634,635,625,616,610,604,608,616,621,627,626,627,615,611,612,607,621,618,605,612,643,652,658,665,661,652,647,641,645,642,654,659,657,663,648,653,663,656,321,329,331,345,320,322,325,330,329,329,329,329,345,331,330,337,330,333,331,342,328,328,319,321,324,329,328,328,328,329,344,331,330,336,329,332,330,341,326,327
7.16,634,634,635,636,625,616,610,604,608,617,622,628,626,627,616,611,612,607,621,618,606,612,643,652,658,665,661,652,647,641,645,642,654,659,657,663,649,653,663,657,321,329,331,345,320,322,326,330,329,329,329,329,345,331,331,337,330,334,331,342,328,329,319,321,324,329,328,328,328,329,344,331,330,336,329,332,330,341,326,327
7.2,634,635,635,636,625,616,611,604,609,617,622,628,627,628,616,612,613,607,621,619,606,613,643,653,659,666,661,652,647,641,645,643,654,659,657,663,649,653,663,657,321,329,331,345,320,323,326,331,329,329,329,329,344,331,331,337,330,334,331,342,328,329,319,321,324,329,328,328,328,329,344,331,329,336,329,332,330,340,326,327
7.24,635,635,636,636,626,617,611,605,609,617,622,629,627,628,616,612,613,608,622,619,607,613,644,653,659,666,661,653,648,642,646,643,655,659,658,663,649,653,664,657,321,329,331,345,320,323,326,331,329,329,329,329,344,331,331,337,330,334,331,341,328,329,319,321,324,328,327,328,328,329,343,331,329,335,329,332,330,340,326,327
7.28,635,635,636,637,626,617,611,605,609,617,623,629,627,628,616,612,613,608,622,619,607,613,644,653,659,666,662,653,648,642,646,643,655,660,658,664,649,653,664,657,321,329,331,344,320,323,326,331,329,329,329,329,344,331,330,337,330,334,331,341,328,329,319,321,324,328,327,328,328,329,343,330,329,335,328,331,329,339,326,327
7.32,636,636,636,637,627,617,612,605,609,618,623,629,628,629,617,613,613,608,622,620,607,613,644,654,660,667,662,654,648,642,646,644,655,660,658,664,650,654,664,658,320,329,330,343,319,322,326,331,329,329,329,329,343,330,330,337,330,334,330,341,328,329,319,321,324,328,327,327,328,328,342,330,328,334,328,331,329,339,326,327
7.36,636,636,637,637,627,618,612,605,610,618,623,629,628,629,617,613,614,608,623,620,607,613,645,654,660,667,662,654,649,643,646,644,656,660,659,664,650,654,665,658,320,329,330,343,319,322,326,330,329,329,329,329,343,330,330,337,330,333,330,340,328,328,318,321,323,328,327,327,328,328,342,330,328,334,328,331,329,339,326,327
7.4,636,636,637,638,627,618,612,606,610,618,624,630,628,629,617,613,614,609,623,620,607,614,645,654,660,667,663,654,649,643,647,644,656,661,659,665,651,655,665,659,320,329,330,343,319,322,326,330,329,329,329,329,343,330,330,336,330,333,330,340,328,328,318,321,323,328,327,327,328,328,342,329,328,334,328,331,329,339,325,326
7.44,636,637,637,638,627,618,612,606,610,618,624,630,629,630,617,614,614,609,623,620,608,614,645,654,661,667,663,654,649,643,647,644,656,661,659,665,651,655,665,659,320,329,330,343,319,322,326,330,329,329,329,329,342,330,330,336,329,333,330,340,328,328,318,320,323,327,326,327,327,328,341,329,328,334,327,330,328,338,325,326
7.48,637,637,637,638,628,618,612,606,610,619,624,630,629,630,618,614,614,609,623,621,608,614,645,655,661,667,663,655,649,643,647,644,656,661,659,665,651,655,665,659,320,328,329,342,319,322,325,330,328,328,328,328,342,329,329,336,329,333,329,339,328,328,318,320,323,327,326,327,327,328,341,329,327,333,327,330,328,338,325,326
7.52,637,637,637,638,628,619,613,606,610,619,624,630,629,630,618,614,614,609,623,621,608,614,646,655,661,668,664,655,650,644,647,645,657,661,660,665,651,655,666,659,319,328,329,342,318,322,325,330,328,328,328,328,342,329,329,335,329,332,329,339,327,328,318,320,323,327,326,326,327,327,341,328,327,333,327,330,328,338,325,326
7.56,637,637,638,638,628,619,613,606,610,619,624,630,629,630,618,614,614,609,623,621,608,614,646,655,661,668,664,655,650,644,647,645,657,661,660,666,651,655,666,660,319,328,329,342,318,321,325,329,328,328,328,328,342,329,329,335,329,332,329,339,327,328,317,320,322,327,326,326,327,327,341,328,327,333,327,330,328,337,324,325
7.6,637,637,638,638,628,619,613,606,610,619,624,631,629,630,618,614,614,609,624,621,608,614,646,655,661,668,664,655,650,644,647,645,657,662,660,666,651,655,666,660,319,328,329,341,318,321,325,329,328,328,328,328,341,329,329,335,329,332,329,339,327,327,317,320,322,326,325,326,327,327,340,328,327,333,326,329,327,337,324,325
7.64,637,637,638,638,628,619,613,606,610,619,624,631,629,630,618,614,614,609,624,621,608,614,646,655,661,668,664,655,650,644,647,645,657,662,660,666,651,655,666,660,319,328,329,341,318,321,325,329,328,328,328,328,341,329,329,335,329,332,329,339,327,327,317,319,322,326,325,326,327,327,340,328,327,333,326,329,327,337,324,325
7.68,637,637,638,638,628,619,613,606,610,619,624,631,629,630,618,614,614,609,624,621,608,614,646,655,661,668,664,655,650,644,647,645,657,662,660,666,651,655,666,660,319,328,329,341,318,321,325,329,328,328,328,328,341,329,329,335,329,332,329,339,327,328,317,320,322,326,326,326,327,327,340,328,327,333,326,329,327,337,324,325
7.72,637,637,638,638,628,619,613,606,610,619,624,630,629,630,618,614,614,609,623,621,608,614,646,655,661,668,664,655,650,644,647,645,657,661,660,665,651,655,666,660,319,328,328,341,318,321,325,329,328,328,328,328,341,329,329,335,328,332,329,339,327,327,317,319,322,326,325,326,327,327,340,328,327,333,326,329,327,337,324,325
7.76,637,637,637,638,628,619,613,606,610,619,624,630,629,630,618,614,614,609,623,621,608,614,646,655,661,668,664,655,650,644,647,645,657,661,660,665,651,655,666,659,319,328,328,341,318,321,325,329,328,327,328,328,341,329,328,335,328,332,328,339,327,327,317,319,322,326,325,326,326,327,340,328,327,333,326,329,327,337,324,325
7.8,637,637,637,638,628,619,613,606,610,619,624,630,629,630,618,614,614,609,623,621,608,614,646,655,661,668,664,655,650,644,647,645,657,661,660,665,651,655,666,659,319,328,328,341,318,321,325,329,328,328,328,328,341,329,328,335,328,332,328,339,327,327,317,319,322,326,325,326,326,327,340,328,327,333,326,329,327,337,324,325
7.84,636,637,637,638,627,618,612,606,610,618,624,630,629,630,617,613,614,609,623,620,608,614,645,655,661,668,663,655,649,643,647,644,656,661,660,665,651,655,666,659,319,328,328,341,318,321,325,329,328,327,328,328,341,328,328,335,328,332,328,339,327,327,317,319,322,326,325,326,326,327,340,328,327,333,326,329,327,337,324,325
7.88,636,637,637,638,627,618,612,605,610,618,624,630,628,629,617,613,614,609,623,620,607,613,645,655,661,668,663,655,649,643,647,644,656,661,659,665,651,655,665,659,319,328,328,341,318,321,324,329,328,327,327,328,341,328,328,335,328,332,328,339,327,327,317,319,322,326,325,326,326,327,340,328,327,333,326,329,327,337,324,325
7.92,636,637,637,638,627,618,612,605,610,618,624,630,628,629,617,613,614,609,623,620,607,614,645,655,661,668,663,655,649,643,647,644,656,661,660,665,651,655,665,659,319,328,328,341,318,321,325,329,328,327,328,328,341,329,328,335,328,332,328,339,327,327,317,319,322,326,325,326,326,327,340,328,327,333,326,329,327,337,324,325
7.96,636,636,637,638,627,618,612,605,609,618,623,630,628,629,617,613,613,608,623,620,607,613,645,655,661,668,663,655,649,643,647,644,656,661,659,665,651,655,665,659,319,327,328,341,318,321,324,329,328,327,327,328,341,328,328,335,328,332,328,339,327,327,317,319,322,326,325,326,326,327,340,328,326,333,326,329,327,337,324,325
8.0,636,636,637,638,627,618,612,606,610,618,624,630,628,629,617,613,614,609,623,620,608,614,645,654,660,667,663,654,649,643,647,644,656,661,659,665,650,655,665,659,319,328,329,342,318,321,325,329,328,328,328,328,342,329,329,335,328,332,329,339,327,327,317,320,322,326,325,326,327,327,341,328,327,333,326,329,327,337,324,325
8.04,635,636,636,637,626,617,611,605,609,617,623,629,627,628,616,612,613,608,622,619,607,613,644,654,660,667,663,654,649,642,646,643,656,661,659,665,650,654,665,659,319,327,328,341,318,320,324,328,327,327,327,327,341,328,328,334,328,331,328,338,326,327,317,319,322,326,325,326,326,327,340,328,327,333,326,329,327,337,324,325
8.08,634,635,635,636,626,617,611,605,609,617,622,628,627,628,616,612,613,608,621,619,606,613,643,653,659,666,662,653,648,642,645,643,655,659,658,663,649,653,664,657,318,327,328,341,317,320,324,328,327,327,327,327,341,328,328,334,328,331,328,338,326,326,317,319,322,326,325,326,326,326,340,328,327,333,326,329,327,337,324,325
8.12,634,635,635,636,625,616,611,604,608,617,622,628,627,628,616,612,612,607,621,619,606,612,643,653,659,666,662,653,648,642,645,643,655,659,658,663,649,653,664,657,318,327,328,341,317,320,324,328,327,327,327,327,341,328,328,334,328,331,328,338,326,326,316,319,322,326,325,325,326,326,340,327,326,332,326,329,327,337,324,325
8.16,634,635,635,636,625,616,611,604,609,617,622,628,627,628,616,612,612,607,621,619,606,612,643,653,659,666,662,653,648,642,645,643,655,659,658,664,649,653,664,658,318,326,328,340,317,320,323,328,327,326,326,326,340,328,328,334,327,331,328,338,326,326,316,318,321,326,325,325,325,326,339,327,326,332,326,329,326,336,323,324
8.2,634,635,635,636,625,616,611,604,608,617,622,628,627,628,616,612,612,607,621,618,606,612,643,653,659,666,661,653,647,641,645,642,654,659,657,663,649,653,663,657,317,326,327,340,316,319,323,328,326,326,326,326,340,327,327,334,327,331,327,337,325,326,316,318,321,325,324,324,325,325,339,327,326,332,325,328,326,336,323,324
8.24,634,634,635,635,625,616,610,604,608,616,622,628,626,627,615,611,612,607,621,618,606,612,643,652,658,665,661,652,647,641,644,642,654,659,657,663,648,652,663,657,317,326,327,340,316,319,323,328,326,326,326,326,340,327,327,334,327,330,327,337,325,326,316,318,321,325,324,324,325,325,339,327,326,332,325,328,326,336,323,324
8.28,634,634,634,635,625,616,610,604,608,616,621,627,626,627,615,611,612,607,621,618,606,612,643,652,658,665,661,652,647,641,644,642,654,659,657,663,648,652,663,657,317,326,327,340,316,319,323,328,326,326,326,326,340,327,327,334,327,331,327,337,325,326,316,318,321,325,324,325,325,325,339,327,326,332,325,328,326,336,323,324
8.32,634,634,634,635,625,616,610,604,608,616,621,627,626,627,615,611,612,607,621,618,606,612,642,652,658,665,661,652,647,641,644,642,654,658,657,662,648,652,663,656,317,326,327,340,316,319,323,328,326,326,326,326,340,327,327,334,327,331,327,337,325,326,316,318,321,325,324,324,325,325,339,327,326,332,325,328,326,336,323,324
8.36,634,634,635,635,625,616,610,604,608,616,621,627,626,627,615,611,612,607,621,618,606,612,643,652,658,665,661,652,647,641,644,642,654,659,657,663,648,652,663,657,317,326,327,340,316,319,323,328,326,326,326,326,340,327,327,334,327,331,327,337,325,326,316,318,321,325,324,324,325,325,339,327,325,332,325,328,326,336,323,324
8.4,634,634,635,635,625,616,610,604,608,616,622,628,626,627,615,611,612,607,621,618,606,612,643,652,658,666,661,652,647,641,644,642,654,659,657,663,649,652,663,657,317,326,327,340,316,319,323,328,326,326,326,326,340,327,327,334,327,331,327,337,325,326,316,318,321,325,324,324,325,325,339,327,325,331,325,328,326,336,323,324
8.44,634,634,635,635,625,616,610,604,608,617,622,628,626,627,616,612,612,607,621,618,606,612,643,652,659,666,661,652,647,641,645,642,654,659,657,663,649,653,663,657,317,326,327,340,316,319,323,328,326,326,326,326,340,327,327,333,327,330,327,337,325,326,315,318,321,325,324,324,325,325,339,327,325,331,325,328,326,336,323,324
8.48,634,634,635,635,625,616,610,604,608,616,622,628,626,627,615,611,612,607,621,618,606,612,643,652,658,666,661,652,647,641,644,642,654,659,657,663,648,652,663,657,317,326,327,340,316,319,323,327,326,326,326,326,340,327,327,333,327,330,327,337,325,326,315,318,321,325,324,324,325,325,339,327,325,331,325,328,326,336,323,324
8.52,634,635,635,636,625,616,610,604,608,617,622,628,626,628,616,612,612,607,621,618,606,612,643,652,659,666,661,653,647,641,645,642,654,659,658,663,649,653,663,657,317,326,327,340,316,319,323,327,326,326,326,326,340,327,327,333,327,330,327,337,325,326,315,318,321,325,324,324,325,325,339,327,325,331,325,328,326,336,323,324
8.56,634,634,635,636,625,616,610,604,608,617,622,628,626,627,616,612,612,607,621,618,606,612,643,652,659,666,661,653,647,641,645,642,654,659,658,663,649,653,663,657,317,326,327,340,316,319,323,327,326,326,326,326,340,327,327,333,327,330,327,337,325,325,315,318,321,325,324,324,325,325,339,327,325,331,325,328,326,336,323,324
8.6,634,635,635,636,625,616,610,604,608,617,622,628,626,628,616,612,612,607,621,618,606,612,643,652,659,666,661,653,647,641,645,642,654,659,658,663,649,653,663,657,317,326,327,340,316,319,323,327,326,326,326,326,340,327,327,333,327,330,327,337,325,325,315,318,321,325,324,324,325,325,339,327,325,332,325,328,326,336,323,324
8.64,634,634,635,635,625,616,610,604,608,617,622,628,626,627,615,611,612,607,621,618,606,612,643,652,659,666,661,653,647,641,645,642,654,659,658,663,649,653,663,657,317,326,327,340,316,319,323,327,326,326,326,326,340,327,327,333,327,330,327,337,325,325,315,318,321,325,324,324,325,325,339,327,325,332,325,328,326,336,323,324
8.68,634,634,635,635,625,616,610,604,608,617,622,628,626,627,616,612,612,607,621,618,606,612,643,652,659,666,661,652,647,641,645,642,654,659,657,663,649,653,663,657,317,326,327,340,316,319,322,327,326,325,326,326,340,327,327,333,327,330,327,337,325,325,315,318,321,325,324,324,325,325,339,327,325,331,325,328,326,336,323,324
8.72,634,635,635,636,625,616,610,604,608,617,622,628,626,628,616,612,612,607,621,618,606,612,643,653,659,666,662,653,647,641,645,642,654,659,658,663,649,653,664,657,317,326,327,340,316,319,322,327,326,325,325,326,340,327,327,333,327,330,327,337,325,325,315,318,321,325,324,324,325,325,339,326,325,331,325,328,326,336,323,324
8.76,634,635,635,636,625,616,611,604,608,617,622,628,627,628,616,612,612,607,621,618,606,612,643,653,659,666,662,653,647,641,645,642,654,659,658,663,649,653,664,657,317,325,327,340,316,319,322,327,326,325,325,325,339,327,326,333,326,330,327,337,325,325,315,317,320,325,324,324,324,325,339,326,325,331,325,328,326,335,322,323
8.8,634,635,635,636,625,616,611,604,608,617,622,628,627,628,616,612,612,607,621,618,606,612,643,653,659,666,662,653,647,641,645,642,654,659,658,663,649,653,664,657,316,325,327,340,316,319,322,327,326,325,325,325,339,327,326,333,326,330,326,337,324,325,315,317,320,325,324,324,324,325,339,326,325,331,325,328,325,335,322,323
8.84,634,635,635,636,625,616,611,604,609,617,622,628,627,628,616,612,612,607,621,618,606,612,643,653,659,666,661,653,647,641,645,642,654,659,658,663,649,653,664,657,316,325,326,339,315,318,322,327,325,325,325,325,339,326,326,333,326,330,326,337,324,325,315,317,320,325,324,324,324,325,338,326,325,331,325,328,325,335,322,323
8.88,634,635,635,636,625,616,611,604,609,617,622,628,627,628,616,612,612,607,621,618,606,612,643,653,659,666,661,653,647,641,645,642,654,659,658,663,649,653,664,657,316,325,326,339,315,318,322,327,325,325,325,325,339,326,326,333,326,330,326,337,324,325,315,317,320,325,323,324,324,325,338,326,325,331,324,328,325,335,322,323
8.92,634,635,635,636,625,616,611,604,609,617,622,628,627,628,616,612,613,607,621,619,606,613,643,653,659,666,662,653,648,642,645,643,655,659,658,663,649,653,664,657,316,325,326,339,315,318,322,327,325,325,325,325,339,326,326,333,326,330,326,337,324,325,315,317,320,325,323,324,324,325,338,326,325,331,324,328,325,335,322,323
8.96,635,635,635,636,626,617,611,605,609,617,622,628,627,628,616,612,613,608,622,619,607,613,643,653,659,666,662,653,648,642,645,643,655,660,658,664,649,653,664,658,316,325,326,339,315,318,322,327,325,325,325,325,339,326,326,333,326,330,326,337,324,325,315,317,320,324,323,324,324,324,338,326,325,331,324,328,325,335,322,323
9.0,635,635,635,636,626,617,611,605,609,617,622,628,627,628,616,612,613,608,622,619,607,613,643,653,659,666,662,653,648,642,645,643,655,660,658,664,649,653,664,658,316,325,326,340,315,318,322,327,325,325,325,325,339,326,326,333,326,330,326,337,324,325,314,317,320,324,323,324,324,324,339,326,325,331,324,328,325,335,322,323
9.04,635,635,636,636,626,617,611,605,609,618,623,629,627,628,616,612,613,608,622,619,607,613,644,653,659,666,662,653,648,642,646,643,655,660,658,664,649,653,664,658,316,325,326,340,315,318,321,326,325,325,325,325,339,326,326,333,326,329,326,337,324,324,314,317,320,324,323,323,324,324,339,326,325,331,324,327,325,335,322,323
9.08,635,635,636,636,626,617,611,605,609,617,623,629,627,628,616,612,613,608,622,619,607,613,644,653,660,667,662,653,648,642,646,643,655,660,658,664,650,654,664,658,315,324,326,340,314,317,321,326,325,324,324,324,339,326,326,332,325,329,326,336,323,324,314,316,320,324,323,323,324,324,339,326,325,331,324,327,325,335,322,323
9.12,635,635,636,637,626,617,611,605,609,618,623,629,627,628,616,612,613,608,622,619,607,613,644,654,660,667,662,654,648,642,646,643,655,661,659,665,650,654,665,658,315,324,326,340,314,317,320,325,324,324,324,324,339,326,325,332,325,329,326,337,323,323,313,316,319,324,323,323,323,324,339,326,325,331,324,327,325,336,321,322
9.16,635,635,635,636,626,616,611,605,609,617,622,628,627,628,616,612,613,607,621,619,606,613,644,653,659,667,662,653,648,642,646,643,655,660,658,664,649,654,664,658,314,323,326,340,312,315,319,324,322,322,322,323,339,326,324,331,324,327,325,336,321,322,312,315,318,323,322,322,322,322,339,325,324,331,324,327,325,335,321,322
9.2,635,636,636,637,626,617,611,605,610,618,623,629,627,629,617,612,614,608,622,619,607,614,644,654,660,667,662,654,648,643,647,644,655,661,659,665,650,655,665,658,312,322,325,340,311,314,318,323,322,321,321,321,339,325,324,331,324,327,325,336,320,321,311,314,317,323,322,321,321,321,339,325,324,330,323,326,324,335,320,321
9.24,636,636,637,637,626,617,611,605,610,618,623,629,627,629,617,612,614,608,622,619,607,613,645,655,661,668,662,654,649,643,647,644,656,662,659,665,651,655,665,658,310,320,326,340,309,312,316,322,321,320,320,320,339,325,324,331,323,326,324,336,319,320,309,312,316,322,321,320,320,320,339,325,324,330,323,326,324,336,319,320
9.28,636,636,637,638,626,617,611,604,609,617,623,629,627,629,616,611,613,607,622,618,606,613,645,655,661,668,663,654,649,643,648,644,656,662,659,666,651,656,666,658,310,320,327,342,308,312,316,322,321,320,319,320,341,327,325,332,324,327,326,338,319,320,308,311,315,322,321,319,319,319,341,326,324,331,323,326,325,337,318,320
9.32,635,636,636,637,626,616,610,603,609,617,622,628,626,628,616,611,613,606,621,618,605,613,645,655,661,668,662,654,649,643,647,644,656,662,659,665,651,656,665,658,309,319,328,344,308,311,315,322,321,319,319,319,343,328,325,333,324,327,327,339,319,320,308,311,315,322,321,319,319,319,342,328,325,332,324,327,327,338,318,320
9.36,635,636,636,637,626,616,610,604,609,617,622,628,627,628,616,611,613,606,621,618,606,613,645,655,661,667,662,654,649,643,647,644,656,662,659,665,650,655,665,658,311,321,328,343,309,313,316,323,322,320,320,320,342,328,325,333,324,328,327,338,320,321,309,312,316,323,322,320,320,320,342,327,325,332,324,327,326,338,319,321
9.4,635,635,636,637,625,616,610,604,609,617,622,628,627,628,616,611,613,607,621,618,606,613,644,654,660,667,662,653,648,642,647,643,655,661,658,665,650,655,665,658,311,321,327,342,310,313,317,323,322,321,321,321,341,326,325,332,324,327,326,337,319,320,310,313,317,323,322,321,321,321,341,326,325,331,324,327,325,337,320,321
9.44,634,635,635,636,625,616,610,604,609,617,622,628,626,628,616,611,613,607,621,618,606,613,644,653,659,666,661,653,648,642,646,643,655,660,658,664,649,654,664,657,312,321,326,341,311,313,317,323,322,321,321,321,340,326,324,331,323,327,325,337,320,321,311,314,317,323,322,321,321,321,340,326,324,331,324,327,325,336,320,321
9.48,635,635,636,637,625,616,610,604,609,617,622,628,627,628,616,611,613,607,622,618,606,613,644,654,660,667,661,653,648,642,647,643,655,661,658,664,650,655,664,657,312,322,328,343,311,314,318,324,323,321,321,322,342,328,326,333,325,328,327,338,320,321,311,314,317,323,323,321,321,321,342,328,326,332,325,328,327,338,320,321
9.52,635,635,636,637,625,616,610,604,609,617,622,628,626,628,617,611,613,607,622,618,606,613,644,654,660,666,661,653,648,642,647,644,655,661,657,664,650,655,664,657,313,323,332,347,312,315,319,325,324,322,322,322,346,332,329,336,327,330,331,342,322,323,311,315,318,325,324,322,322,322,346,332,329,335,327,330,330,342,321,322
9.56,634,635,636,637,625,615,610,604,609,617,622,628,626,628,616,611,613,607,621,617,606,613,644,654,659,665,660,652,647,642,647,643,654,661,657,664,649,655,663,656,313,323,335,350,312,316,319,326,325,323,323,323,349,334,331,338,329,332,333,344,323,324,312,315,319,326,325,323,323,323,349,334,331,337,329,331,332,344,322,323
9.6,634,634,635,636,625,616,610,604,610,617,622,628,626,627,616,611,613,607,621,617,606,613,643,653,658,665,659,651,647,641,646,642,653,659,656,663,649,654,662,655,315,325,333,349,314,317,321,327,326,324,324,324,348,333,330,337,329,332,332,343,324,324,314,317,320,327,326,324,324,324,347,333,330,337,329,331,331,343,323,324
9.64,634,634,635,636,625,615,610,604,610,617,622,628,626,627,616,611,613,607,621,617,606,613,643,653,658,664,659,651,647,641,646,643,653,659,656,663,649,654,662,655,314,324,334,349,313,316,320,327,326,324,323,323,348,334,331,338,329,332,332,344,323,324,313,316,320,326,326,324,323,323,348,333,330,337,329,331,332,343,323,324
9.68,635,635,636,636,625,616,610,605,610,618,622,628,626,628,617,611,614,607,622,617,606,614,644,653,659,665,659,652,647,642,647,643,654,660,656,663,649,655,663,655,314,324,337,352,313,316,320,328,327,324,324,324,351,337,333,340,331,333,335,347,324,325,313,316,320,327,326,324,323,323,351,336,332,339,330,333,335,346,323,324
9.72,635,635,636,637,625,616,611,604,610,618,623,628,626,628,617,611,614,607,622,617,606,614,645,654,659,666,660,652,648,642,648,644,654,661,657,664,650,656,663,656,316,326,341,356,315,319,322,330,329,326,326,326,355,340,336,343,333,336,338,350,326,327,315,318,321,329,328,326,325,325,354,340,335,342,333,335,338,349,325,326
9.76,635,635,636,637,625,616,610,604,609,617,622,628,626,628,616,611,613,606,622,617,606,613,644,654,660,666,661,653,648,642,648,644,655,661,657,664,650,656,664,656,319,329,342,357,318,321,325,332,331,329,329,329,356,341,337,344,335,338,340,352,328,329,318,321,324,331,331,328,328,329,356,341,337,343,335,337,339,351,327,329
9.8,635,635,636,637,625,615,609,603,608,616,622,628,626,628,616,610,612,606,621,617,605,612,645,655,661,667,662,654,649,643,648,644,656,662,659,665,651,656,665,658,320,329,341,356,319,322,325,332,331,329,329,329,355,340,337,344,335,337,339,350,328,329,319,321,325,331,331,329,329,329,354,340,336,343,334,337,338,350,328,329
9.84,635,635,636,636,625,615,609,603,608,616,621,628,626,628,615,610,612,606,621,617,605,612,644,654,660,667,662,654,649,642,647,644,655,661,659,665,650,655,665,658,321,330,338,353,320,322,325,331,330,329,329,330,352,337,334,341,333,336,336,347,328,329,320,322,325,331,330,329,329,330,351,337,334,341,333,335,336,347,328,329
9.88,635,635,636,636,625,615,609,603,608,616,621,628,626,628,615,611,612,606,621,618,605,612,644,654,660,667,662,654,648,642,646,643,655,661,658,665,650,655,665,658,320,329,334,349,319,322,325,329,329,328,329,329,348,334,332,339,331,334,333,344,327,328,319,321,324,329,328,328,328,329,347,334,331,338,330,333,333,344,326,327
9.92,633,634,634,635,624,614,609,602,607,615,620,627,626,627,614,610,611,606,620,617,604,611,643,653,660,667,662,653,648,641,645,642,655,659,658,664,649,653,664,658,320,329,331,344,319,321,324,328,327,327,328,328,344,331,329,336,328,332,330,341,326,327,319,321,323,327,327,327,327,328,343,331,329,335,328,331,330,340,325,326
9.96,633,633,634,634,623,614,608,602,607,615,620,626,625,626,614,610,611,606,620,617,604,610,642,652,659,666,661,652,647,640,644,641,654,658,657,663,648,652,664,657,320,328,330,344,319,321,324,328,327,327,328,328,343,330,329,335,328,331,329,340,326,327,319,321,324,328,327,327,328,328,343,330,329,335,328,331,329,339,326,326
10.0,632,633,633,634,623,614,608,602,606,614,620,626,625,626,614,610,610,605,619,616,604,610,642,652,658,665,660,652,646,640,643,641,653,658,657,662,648,651,663,656,321,329,332,345,320,322,325,329,328,328,329,329,344,331,330,336,329,332,331,341,327,328,320,322,325,329,328,328,329,329,344,331,330,336,329,332,330,341,327,328
10.04,632,633,633,634,623,614,608,602,607,615,620,626,624,626,614,609,611,605,619,616,604,610,642,652,658,665,660,651,646,640,644,641,653,658,656,662,648,652,662,655,322,331,335,350,320,323,325,330,329,329,330,330,349,335,332,339,331,334,334,345,328,329,320,323,326,330,330,329,330,330,348,335,332,339,331,334,334,345,328,329
10.08,632,632,633,634,622,612,607,600,605,614,619,625,623,625,613,608,610,604,618,615,602,609,641,651,658,665,660,651,646,639,644,641,653,658,656,662,647,652,662,655,322,331,338,353,321,323,326,331,330,330,330,331,352,337,334,341,333,336,336,347,328,329,321,324,327,332,331,330,331,331,351,337,335,341,333,336,336,347,329,330
10.12,632,632,633,633,622,612,606,600,605,613,618,625,623,625,613,608,609,603,618,615,602,609,641,651,658,665,660,651,646,639,643,640,653,658,656,662,647,652,662,655,322,331,336,351,321,323,326,331,330,330,330,331,350,336,333,340,332,335,334,346,328,329,321,323,326,331,330,330,330,331,349,336,333,340,332,335,334,346,328,330
10.16,631,632,632,633,622,612,606,600,605,613,618,624,623,624,612,608,609,603,618,615,602,608,641,651,658,665,660,651,646,639,643,640,653,658,656,662,647,652,663,656,323,331,335,350,321,323,326,330,329,330,330,331,349,335,333,339,331,334,334,345,328,329,321,324,326,331,330,330,331,331,348,335,333,339,332,335,334,345,328,329
10.2,631,632,632,633,622,612,606,600,604,613,618,624,623,624,612,608,609,603,618,615,601,608,641,651,658,665,660,651,646,639,643,640,653,658,656,662,647,652,663,656,323,332,336,350,322,324,326,330,330,330,331,331,349,335,333,340,332,335,334,345,328,329,321,324,326,330,330,330,331,331,349,335,333,339,332,335,334,345,328,329
10.24,632,632,633,634,622,612,606,600,605,613,618,625,623,625,612,608,609,603,618,615,602,608,641,651,658,665,660,651,646,640,644,641,653,659,656,663,648,652,663,656,324,332,336,351,322,324,327,331,330,330,331,332,350,336,334,340,332,335,335,346,329,330,322,324,327,331,330,330,331,332,350,336,333,340,332,335,335,346,328,330
10.28,631,632,633,634,622,612,606,600,605,613,618,625,624,625,612,608,609,603,618,615,602,609,641,651,658,665,660,651,646,640,644,641,653,659,657,663,647,652,663,656,324,333,337,351,323,325,327,332,331,331,332,333,350,336,334,341,333,336,335,346,329,330,323,325,327,331,331,331,332,332,350,336,334,340,333,336,335,346,329,330
10.32,632,633,633,634,622,613,607,601,605,614,619,625,624,625,613,609,610,604,619,616,603,609,641,652,658,665,660,652,646,640,644,641,653,659,657,663,648,652,663,656,324,333,337,351,323,325,328,332,331,332,332,333,351,337,334,341,333,336,336,347,330,331,323,325,328,332,331,331,332,333,350,336,334,341,333,336,335,346,329,331
10.36,632,632,633,634,622,613,607,600,605,613,619,625,624,625,613,608,609,603,618,615,602,609,641,652,658,666,661,652,646,640,644,641,654,659,657,663,648,653,663,657,325,333,338,352,323,325,328,332,331,332,332,333,351,337,335,341,334,336,336,347,330,331,323,325,328,332,331,331,332,333,351,337,334,341,333,336,336,347,329,331
10.4,632,633,634,634,623,613,607,601,606,614,619,626,624,625,613,609,610,604,619,616,603,609,642,652,658,666,660,652,646,640,645,641,654,659,657,663,648,653,663,656,324,333,338,353,322,325,327,332,331,331,332,332,352,338,335,342,334,337,337,348,329,331,322,324,327,331,331,331,331,332,352,337,335,341,333,336,336,347,329,330
10.44,632,633,634,634,623,613,607,600,605,614,619,626,624,625,613,608,610,604,619,615,603,609,642,652,658,666,661,652,647,640,645,642,654,659,657,663,648,653,663,656,324,333,339,353,323,325,328,332,332,331,332,333,352,338,335,342,334,337,337,348,330,331,322,325,327,332,331,331,332,332,352,338,335,342,334,336,337,348,329,331
10.48,632,633,634,635,623,613,607,601,606,614,619,626,624,626,613,609,610,604,619,616,603,610,642,652,658,666,661,652,646,640,645,641,654,659,657,663,648,653,663,656,324,333,338,353,322,325,328,332,331,331,332,332,352,338,335,342,334,337,337,348,330,331,322,324,327,332,331,331,332,332,352,338,335,341,333,336,336,347,329,330
10.52,632,633,634,634,623,614,608,601,606,615,620,626,624,626,614,609,610,604,619,616,603,610,642,652,658,665,660,651,646,640,645,641,653,659,656,663,648,653,663,656,323,333,338,353,322,325,328,332,332,331,332,332,352,338,335,342,334,337,337,348,330,331,322,324,327,332,331,331,332,332,352,338,335,342,334,337,336,348,329,331
10.56,632,632,633,634,623,613,608,602,606,614,620,626,624,625,613,609,610,605,619,616,603,610,641,651,657,665,660,651,646,640,644,641,653,658,656,662,647,652,662,656,325,334,337,352,323,325,328,333,332,332,333,333,351,337,335,342,334,337,336,347,330,331,323,326,328,333,332,332,333,333,351,337,335,341,334,337,336,347,331,332
10.6,632,633,633,634,623,614,608,602,606,614,620,626,625,626,614,610,610,605,619,616,604,610,641,651,658,666,661,652,646,640,643,641,654,658,657,663,648,652,663,657,325,333,335,348,324,326,329,333,332,332,333,333,347,334,333,340,333,336,334,344,331,331,323,326,328,332,331,332,332,333,347,334,333,339,332,335,333,344,330,331
10.64,632,632,633,633,623,613,607,601,605,614,619,625,624,625,613,609,609,604,618,616,603,609,641,651,658,665,661,652,646,640,643,641,653,658,657,662,647,651,663,657,324,333,334,347,323,325,328,332,331,331,332,332,346,333,332,338,332,335,333,343,330,330,323,325,327,331,330,331,332,332,346,333,332,338,331,334,332,342,329,330
10.68,632,632,633,633,623,613,607,601,605,614,619,625,624,625,613,609,609,604,618,616,603,609,641,651,657,665,661,651,646,639,643,640,653,658,657,662,647,651,663,656,324,332,333,346,322,324,327,331,330,330,331,331,345,332,331,337,331,334,332,342,329,330,322,324,327,330,329,330,331,331,345,332,331,337,330,333,332,341,328,329
10.72,632,633,633,634,623,614,608,601,605,614,619,626,624,625,613,609,609,604,618,616,603,609,641,651,658,665,661,652,646,640,643,641,653,658,657,662,648,651,663,657,323,331,332,345,322,324,326,330,329,330,330,331,344,332,331,337,330,333,331,341,328,329,321,323,326,329,328,329,330,330,344,332,330,336,329,332,331,341,327,328
10.76,632,633,633,633,623,613,607,600,605,613,619,625,624,625,612,608,609,604,618,615,602,609,641,651,658,666,661,652,646,640,643,641,653,658,657,663,648,651,663,657,322,331,331,344,321,323,326,329,328,329,330,330,344,331,330,336,329,332,331,341,327,328,321,323,325,328,327,328,329,330,343,331,329,335,329,331,330,340,326,327
10.8,633,633,634,634,623,614,608,601,605,614,620,626,625,626,613,609,609,604,619,616,603,609,642,652,659,666,662,653,647,641,644,641,654,659,658,663,648,652,664,658,322,330,331,344,321,323,325,328,328,328,329,330,343,331,329,336,329,332,330,340,327,328,320,322,324,327,326,328,329,329,343,331,329,334,328,330,329,339,325,327
10.84,633,634,634,635,624,614,608,601,605,614,620,626,625,626,613,609,609,604,619,616,603,609,642,652,659,667,662,653,647,641,644,642,655,659,658,664,649,652,664,658,322,330,330,343,321,322,325,328,327,328,329,329,342,330,329,335,328,331,330,339,326,327,320,322,324,326,326,327,328,329,342,330,328,334,327,330,329,338,325,326
10.88,633,633,634,634,623,614,607,600,604,613,619,626,625,626,612,609,609,604,618,616,602,608,642,652,659,667,663,653,647,641,644,642,655,659,658,664,649,652,664,658,321,329,330,342,320,322,324,326,326,327,328,329,342,329,328,334,327,330,329,339,325,326,320,321,323,325,325,326,327,328,341,329,327,333,326,329,328,338,324,325
10.92,633,633,634,634,623,613,607,600,604,613,619,626,625,625,612,609,609,604,618,616,602,608,642,652,659,667,663,653,647,641,644,642,655,659,658,664,649,652,664,658,321,329,329,342,320,321,323,326,325,326,327,328,341,329,327,333,327,329,328,338,324,325,319,321,322,325,324,326,327,328,341,329,327,333,326,329,328,338,323,325
10.96,633,633,634,634,623,614,607,600,605,613,619,626,625,626,613,609,609,604,619,616,602,609,642,653,659,667,663,653,648,641,644,642,655,659,659,664,649,653,665,658,320,328,329,342,319,321,323,325,325,326,327,328,341,329,327,333,326,329,328,338,324,325,319,320,322,325,324,325,327,327,341,329,326,332,326,328,327,337,323,324
11.0,633,634,634,635,623,614,607,600,604,613,619,626,625,626,612,609,609,604,619,616,602,608,643,653,660,668,663,654,648,641,644,642,655,660,659,664,649,653,665,659,320,328,329,342,319,320,322,325,324,326,327,328,341,329,327,333,326,329,328,338,323,324,319,320,322,324,324,325,326,327,341,328,326,332,325,328,327,337,323,324
11.04,633,634,634,635,623,614,607,600,605,614,619,626,625,626,613,609,609,604,619,616,602,609,643,653,660,668,663,654,648,641,644,642,655,660,659,664,649,653,665,659,320,328,329,341,319,320,322,325,324,325,326,327,341,328,327,333,326,329,327,337,323,324,318,320,322,324,324,325,326,327,340,328,326,332,325,328,327,337,323,324
11.08,633,634,634,635,624,614,608,600,605,614,620,626,625,626,613,609,609,604,619,617,603,609,643,653,660,668,663,654,648,642,645,642,655,660,659,665,649,653,665,659,320,328,329,341,319,320,322,325,324,326,327,327,341,328,327,333,326,329,328,338,323,324,318,320,322,324,324,325,326,327,340,328,326,332,325,328,327,337,323,324
11.12,633,634,634,635,624,614,608,601,605,614,620,626,625,626,613,609,610,605,619,617,603,609,643,653,659,667,663,653,648,641,644,642,655,659,658,664,649,653,664,658,320,328,329,342,319,320,323,325,325,326,327,327,341,328,327,333,326,329,328,338,324,325,318,320,322,325,324,325,326,327,340,328,326,332,326,328,327,337,323,324
11.16,634,635,635,636,625,616,610,603,607,616,621,628,626,627,615,611,611,606,621,618,605,611,643,653,659,667,662,653,648,642,645,643,655,660,658,664,649,653,664,658,319,327,328,341,318,320,323,326,326,326,327,327,340,328,327,333,327,330,328,338,325,325,318,320,322,325,324,325,326,327,340,328,326,332,326,328,327,337,323,324
11.2,635,635,636,636,626,617,611,604,609,617,622,629,627,628,616,612,613,608,622,619,606,613,644,653,660,667,662,654,648,642,646,643,655,660,658,664,650,654,664,658,318,327,328,341,317,320,323,327,326,326,326,327,340,328,327,333,327,330,327,337,325,325,317,319,321,325,324,325,325,326,339,327,326,332,325,328,326,336,323,324
11.24,635,636,636,636,626,617,611,605,609,617,623,629,627,628,616,612,613,608,622,619,607,613,644,653,659,666,662,653,648,642,645,643,655,660,658,664,650,653,664,658,318,326,327,340,317,320,323,327,326,326,326,326,340,327,327,333,326,330,327,337,325,325,316,318,321,325,324,325,325,326,339,327,325,331,325,328,326,336,323,324
11.28,635,636,636,637,626,617,611,605,609,617,623,629,627,628,616,612,613,608,622,619,607,613,644,653,660,666,662,653,648,642,646,643,655,660,658,664,650,653,664,658,318,326,327,340,317,319,322,327,325,325,326,326,339,327,326,333,326,330,327,337,325,325,316,318,321,325,324,324,325,325,339,326,325,331,325,328,326,335,323,324
11.32,635,635,636,636,626,617,611,605,609,617,623,629,627,628,616,612,613,608,622,619,606,613,644,653,659,666,662,653,648,642,645,643,655,660,658,664,650,653,664,658,317,326,327,339,316,319,322,327,325,325,326,326,339,327,326,333,326,329,326,336,324,325,316,318,321,325,324,324,325,325,338,326,325,331,325,328,325,335,323,323
11.36,635,635,636,636,626,617,611,605,609,617,623,629,627,628,616,612,613,608,622,619,607,613,644,653,659,666,662,653,648,642,645,643,655,660,658,664,650,653,664,658,317,326,327,339,316,319,322,326,325,325,325,326,339,327,326,333,326,329,326,336,324,325,315,318,320,324,324,324,325,325,338,326,325,331,325,327,325,335,322,323
11.4,635,636,636,637,626,617,611,605,609,617,623,629,627,629,616,612,613,608,622,619,607,613,644,653,659,666,662,653,648,642,645,643,655,660,658,664,650,653,664,658,317,325,326,339,316,319,322,326,325,325,325,325,339,326,326,332,326,329,326,336,324,325,315,318,320,324,323,324,324,325,338,326,325,331,324,327,325,335,322,323
11.44,636,636,636,637,627,618,612,605,609,618,623,629,628,629,617,613,613,608,622,620,607,613,645,654,660,667,663,654,649,643,646,644,656,660,659,664,650,654,665,659,317,325,326,339,316,319,322,326,325,325,325,325,339,326,326,332,326,329,326,336,324,325,315,317,320,324,323,324,324,325,338,326,324,330,324,327,325,335,322,323
11.48,637,637,638,638,628,618,612,606,610,619,624,630,629,630,618,614,614,609,623,620,608,614,646,655,661,668,663,655,650,644,647,645,657,661,660,665,651,655,666,659,317,325,326,339,316,319,322,326,325,325,325,325,338,326,325,332,325,329,326,336,324,324,315,317,320,324,323,323,324,325,338,325,324,330,324,327,324,334,322,323
11.52,637,637,637,638,628,619,613,606,610,619,624,630,629,630,618,614,614,609,623,621,608,614,646,655,661,668,664,655,650,644,647,645,657,662,660,666,651,655,666,660,317,325,326,338,316,319,322,326,325,325,325,325,338,326,326,332,326,329,326,336,324,325,315,317,320,324,323,324,324,325,338,325,324,330,324,327,325,334,322,323
11.56,637,637,637,638,628,618,612,605,610,618,624,630,628,630,617,613,614,609,623,620,607,614,645,655,661,668,663,655,649,643,647,644,656,661,660,665,651,655,665,659,316,325,326,338,315,318,321,325,324,324,324,325,338,326,325,331,325,328,325,335,323,324,315,317,320,324,323,323,324,324,337,325,324,330,324,327,324,334,322,323
11.6,637,637,637,638,628,618,612,606,610,618,624,630,629,630,617,613,614,609,623,620,608,614,646,655,661,668,664,655,650,644,647,645,657,661,660,666,651,655,666,660,316,325,326,338,315,318,321,326,324,324,324,325,338,326,325,332,325,329,325,336,323,324,314,317,319,323,322,323,324,324,337,325,324,330,323,326,324,334,321,322
11.64,637,637,637,638,628,619,612,606,610,619,624,630,629,630,617,613,614,609,623,620,608,614,646,655,661,669,664,655,650,644,647,645,657,662,660,666,651,655,666,660,316,325,326,338,315,318,321,326,324,324,325,325,338,326,325,332,325,329,325,336,323,324,315,317,319,323,322,323,324,324,337,325,324,330,323,326,324,334,321,322
11.68,637,637,637,638,628,618,612,606,610,618,624,630,628,630,617,613,614,609,623,620,608,614,645,655,661,668,664,655,650,644,647,645,657,661,660,665,651,655,666,660,317,325,326,339,316,318,322,326,325,325,325,325,338,326,326,332,325,329,326,336,324,324,315,317,320,324,323,323,324,325,338,326,324,330,324,327,325,335,322,323
11.72,637,637,637,638,628,618,613,606,610,619,624,630,628,630,618,613,614,609,623,620,608,614,645,655,661,668,664,655,649,643,647,644,656,661,660,665,651,655,666,659,317,325,326,339,316,319,322,326,325,325,325,325,339,326,326,332,326,329,326,336,324,325,315,317,320,324,323,324,324,325,338,326,325,331,324,327,325,335,322,323
11.76,636,637,637,638,627,618,613,606,610,619,624,630,628,630,618,614,614,609,623,620,608,614,645,655,661,668,663,655,649,643,647,644,656,661,660,665,651,655,665,659,317,325,327,340,316,319,322,326,325,325,325,325,339,327,326,333,326,329,326,337,324,325,315,317,320,325,324,324,324,325,339,326,325,331,325,328,325,335,322,323
11.8,636,636,637,637,627,618,612,606,610,618,624,630,628,629,617,613,614,609,623,620,608,614,645,654,660,667,663,654,649,643,646,644,656,661,659,665,651,654,665,659,317,325,327,340,316,319,322,326,325,325,325,325,339,327,326,333,326,329,326,337,324,325,315,318,320,325,324,324,325,325,339,326,325,331,325,328,326,335,322,323
11.84,636,636,636,637,627,618,612,605,609,618,623,629,628,629,617,613,613,608,622,620,607,613,645,654,660,668,663,654,649,643,646,644,656,661,659,665,651,654,665,659,317,325,326,339,316,319,322,326,325,325,325,325,339,326,326,332,326,329,326,336,324,325,315,317,320,324,323,324,324,325,338,326,325,331,324,327,325,335,322,323
11.88,635,636,636,637,626,617,611,605,609,617,623,629,627,629,616,612,613,608,622,619,607,613,644,654,660,668,663,654,649,643,646,644,656,661,659,665,650,654,665,659,317,325,326,339,316,318,322,326,325,325,325,325,339,326,326,332,326,329,326,336,324,324,315,317,320,324,323,324,324,325,338,326,325,331,324,327,325,335,322,323
11.92,635,635,636,636,626,617,611,604,608,617,622,628,627,628,616,612,612,607,621,619,606,612,644,653,660,667,663,654,648,642,645,643,655,660,659,664,650,654,665,658,316,325,326,339,315,318,322,326,325,325,325,325,339,326,326,332,326,329,326,336,324,325,315,317,320,325,323,324,324,325,338,326,325,331,324,327,325,335,322,323
11.96,634,635,635,636,625,616,610,604,608,617,622,628,626,628,615,611,612,607,621,618,606,612,643,653,659,667,662,653,648,642,645,643,655,660,658,664,649,653,664,658,316,325,326,339,315,318,321,326,325,324,325,325,338,326,325,332,325,329,326,336,324,324,314,317,320,324,323,323,324,324,338,325,324,330,324,327,325,335,322,323
12.0,634,635,635,636,625,616,610,604,608,616,622,628,626,628,615,611,612,607,621,618,606,612,643,653,659,666,662,653,648,641,645,642,655,660,658,664,649,653,664,658,316,325,326,338,315,318,321,326,325,324,324,325,338,326,325,332,325,329,325,336,324,324,314,317,320,324,323,323,324,324,337,325,324,330,324,327,325,334,322,323
12.04,634,634,635,635,625,616,610,604,608,617,622,628,626,627,615,611,612,607,621,618,606,612,643,652,659,666,662,653,647,641,645,642,654,659,658,663,649,653,664,657,315,324,325,338,314,318,321,326,324,324,324,324,337,325,325,331,325,328,325,335,323,324,314,316,319,324,323,323,323,324,337,325,324,330,324,327,324,334,322,322
12.08,634,634,635,635,625,616,610,604,608,616,622,628,626,627,615,611,612,607,621,618,606,612,643,652,659,666,662,653,647,641,644,642,654,659,658,663,649,653,664,657,314,323,324,337,313,317,320,325,324,323,323,323,337,324,324,331,324,328,324,334,323,323,313,315,319,323,322,322,323,323,336,324,323,329,323,326,323,333,321,322
12.12,633,634,634,635,625,616,610,604,608,616,621,627,626,627,615,611,612,607,620,618,605,612,642,652,658,666,661,652,647,641,644,642,654,659,658,663,648,652,663,657,313,323,323,336,313,316,319,324,323,323,323,323,336,323,324,330,324,327,323,334,322,322,312,315,318,323,321,322,322,322,335,323,322,328,322,325,323,332,320,321
12.16,633,634,634,635,625,616,610,604,608,616,621,627,626,627,615,611,612,607,620,618,606,612,642,652,658,666,661,652,647,641,644,642,654,659,657,663,648,652,663,657,313,322,323,336,312,315,319,324,322,322,322,322,335,323,323,329,323,326,323,333,321,322,311,314,317,322,321,321,321,321,335,322,322,328,322,325,322,332,320,321
12.2,633,634,634,635,624,615,610,604,608,616,621,627,626,627,615,611,611,606,620,618,605,612,642,652,658,666,661,652,646,640,644,641,654,659,657,663,648,652,663,657,312,321,322,334,311,314,318,323,321,321,321,321,334,322,322,328,322,325,322,332,320,321,310,313,316,321,320,320,320,320,334,321,321,327,321,324,321,331,319,320
12.24,633,634,634,635,624,615,609,603,607,616,621,627,625,627,614,610,611,606,620,617,605,611,642,652,658,666,661,652,647,640,644,641,654,659,658,663,648,652,663,657,311,320,321,334,310,313,317,322,321,321,320,320,334,321,321,328,322,325,321,332,320,321,310,313,316,321,320,320,320,320,333,321,320,327,320,324,321,330,318,319
12.28,633,634,634,635,624,615,609,603,607,616,621,627,625,627,614,610,611,606,620,617,605,611,642,652,658,666,661,652,647,640,644,641,654,659,657,663,648,652,663,657,311,320,321,334,310,313,317,322,321,320,320,320,333,321,321,328,321,325,321,331,320,320,309,312,316,320,319,319,319,320,333,320,320,326,320,323,320,330,318,319
12.32,633,633,634,634,624,615,609,603,607,615,621,627,625,626,614,610,611,606,620,617,605,611,642,652,658,666,661,652,646,640,644,641,654,659,657,663,648,652,663,657,311,320,321,334,310,313,317,322,321,320,320,320,334,321,321,328,321,325,321,331,319,320,309,312,315,320,319,319,319,320,333,321,320,326,320,323,320,330,318,319
12.36,633,634,634,635,624,615,609,603,607,616,621,627,625,626,614,610,611,606,620,617,605,611,642,652,658,666,661,652,646,640,644,641,654,659,657,663,648,652,663,657,311,320,321,334,310,313,317,322,321,320,320,320,334,321,321,328,321,325,321,331,320,320,309,312,316,321,319,319,319,320,333,321,320,326,320,323,320,330,318,319
12.4,633,633,634,634,624,615,609,603,607,615,621,627,625,626,614,610,611,606,620,617,605,611,642,652,658,666,661,652,646,640,644,641,654,659,657,663,648,652,663,657,311,320,321,334,310,313,317,322,321,320,320,320,334,321,321,328,321,325,321,331,319,320,309,312,316,320,319,319,319,320,333,321,320,326,320,323,320,330,318,319
12.44,633,633,634,634,624,615,609,603,607,615,621,627,625,626,614,610,611,606,620,617,605,611,642,652,658,666,661,652,646,640,644,641,654,659,657,663,648,652,663,657,311,320,321,334,310,313,317,322,321,320,320,320,334,321,321,328,321,325,321,331,320,320,309,312,316,321,319,319,320,320,333,321,320,326,320,323,320,330,318,319
12.48,633,634,634,635,624,615,609,603,607,615,621,627,625,626,614,610,611,606,620,617,605,611,642,652,658,666,661,652,646,640,644,641,654,659,657,663,648,652,663,657,311,320,321,334,310,313,317,322,321,320,320,320,334,321,321,328,321,325,321,331,320,320,309,312,316,321,319,319,320,320,333,321,320,326,320,323,320,330,318,319
12.52,633,634,634,635,624,615,610,603,607,616,621,627,626,627,615,611,611,606,620,617,605,611,642,652,659,666,662,652,647,641,644,642,654,659,658,663,648,652,664,657,311,320,321,334,310,313,317,322,321,320,320,320,334,321,321,328,321,325,321,331,320,320,310,313,316,321,320,320,320,320,333,321,320,327,320,324,321,331,318,319
12.56,633,634,634,635,624,615,610,603,607,616,621,627,626,627,615,611,611,606,620,617,605,611,642,652,659,666,662,653,647,641,644,642,654,659,658,664,649,653,664,658,312,321,322,335,311,314,318,323,321,321,321,321,335,322,322,328,322,325,322,332,320,321,310,313,316,321,320,320,320,320,334,322,321,327,321,324,321,331,319,320
12.6,634,634,635,635,625,616,610,604,608,616,622,628,626,627,615,611,612,607,621,618,606,612,643,653,659,667,662,653,647,641,645,642,655,660,658,664,649,653,664,658,312,321,322,335,311,314,318,323,322,321,321,321,335,322,322,329,322,326,322,332,321,321,311,313,317,322,320,320,321,321,334,322,321,327,321,324,322,331,319,320
12.64,634,635,635,636,626,617,611,604,608,617,622,628,627,628,616,612,612,607,621,618,606,612,643,653,660,667,663,654,648,642,646,643,655,660,659,665,650,654,665,658,313,322,323,336,312,315,319,324,322,322,322,322,336,323,323,329,323,327,323,333,321,322,311,314,317,322,321,321,321,321,335,323,322,328,322,325,322,332,320,321
12.68,635,636,636,637,626,617,611,605,609,618,623,629,627,629,616,612,613,608,622,619,607,613,644,654,660,668,663,654,649,642,646,644,656,661,659,665,650,654,665,659,313,322,323,336,312,315,319,324,322,322,322,322,336,323,323,330,323,327,323,333,321,322,311,314,317,322,321,321,321,322,335,323,322,328,322,325,322,332,320,321
12.72,636,636,637,637,627,618,612,605,610,618,624,630,628,629,617,613,614,608,623,620,607,614,645,655,661,669,664,655,649,643,647,644,657,662,660,666,651,655,666,660,313,322,323,336,312,315,319,324,323,322,322,322,336,323,323,330,323,327,323,333,322,322,312,314,318,322,321,321,322,322,335,323,322,328,322,325,322,332,320,321
12.76,636,637,637,638,627,618,612,606,610,619,624,630,628,630,617,613,614,609,623,620,608,614,645,655,662,669,665,655,650,643,647,645,657,662,661,666,651,655,667,660,313,322,323,336,312,315,319,324,323,322,322,322,336,323,323,330,323,327,323,333,322,322,311,314,317,322,321,321,321,322,335,323,322,328,322,325,322,332,320,321
12.8,637,637,638,638,628,619,613,607,611,619,625,631,629,630,618,614,615,610,624,621,608,615,646,656,662,670,665,656,650,644,648,645,658,663,661,667,652,656,667,661,312,321,322,335,311,315,318,324,322,322,321,321,335,323,323,329,323,326,322,333,321,322,311,314,317,322,321,321,321,321,335,322,321,328,321,325,322,332,319,320
12.84,637,638,638,639,628,619,613,607,611,620,625,631,629,631,618,614,615,610,624,621,609,615,646,656,663,670,666,656,651,645,648,646,658,663,662,668,652,657,668,661,311,320,321,334,310,314,317,323,321,321,321,320,334,322,322,328,322,325,322,332,320,321,310,313,316,321,320,320,320,320,334,321,321,327,321,324,321,331,319,320
12.88,637,638,638,639,628,619,614,607,612,620,625,631,630,631,619,615,615,610,624,621,609,615,646,656,663,670,665,656,651,645,648,646,658,663,662,667,652,656,668,661,309,318,320,333,308,312,316,321,320,319,319,319,332,320,320,327,320,324,320,330,318,319,308,311,315,320,319,318,318,318,332,319,319,325,319,322,319,329,317,318
12.92,637,638,638,639,628,619,613,607,612,620,625,631,630,631,619,615,616,610,624,621,609,616,646,656,662,670,665,656,651,644,648,645,658,663,661,667,652,656,667,661,307,317,318,331,306,310,314,319,318,317,317,317,331,318,318,325,318,322,318,328,317,317,306,309,313,318,317,316,316,316,330,318,317,324,317,321,317,327,315,316
12.96,635,636,636,637,627,618,612,607,611,619,624,630,628,629,618,614,615,609,623,620,608,615,644,654,661,668,664,655,649,643,646,644,656,661,660,666,651,655,666,659,305,315,316,330,304,308,312,318,317,316,315,315,329,317,317,324,317,321,317,327,315,316,304,308,311,317,316,315,315,315,329,316,316,323,316,320,316,326,314,315
13.0,634,635,635,636,626,617,611,606,610,618,623,628,627,628,617,613,614,609,622,619,607,614,643,653,659,666,662,653,648,642,645,643,655,660,658,664,649,653,664,658,304,314,315,328,303,307,311,317,315,315,314,314,328,315,316,322,316,319,315,325,314,315,303,306,310,315,314,314,314,314,327,315,315,321,315,318,315,325,313,314
13.04,632,633,633,633,623,615,610,604,609,616,621,626,625,626,615,611,612,607,620,617,606,612,641,650,657,664,659,651,645,639,642,640,652,657,655,661,647,650,662,655,303,313,315,328,303,306,310,316,315,314,313,313,328,315,315,322,315,319,315,325,313,314,302,306,310,316,314,314,313,313,327,315,315,321,315,318,315,325,313,314
13.08,631,631,632,632,622,614,608,603,608,615,620,625,624,625,614,610,611,606,619,616,605,611,640,649,655,662,657,649,644,638,641,639,650,655,654,659,645,649,660,653,303,313,315,328,302,306,310,316,315,314,313,313,328,315,315,322,315,319,315,325,313,314,302,306,310,316,314,314,313,313,328,315,315,321,315,318,315,325,313,314
13.12,630,631,631,632,622,614,609,605,609,616,620,625,623,625,615,610,613,607,619,616,606,613,639,648,654,660,655,647,642,637,640,638,649,654,651,657,644,648,658,651,302,312,316,330,301,305,309,316,315,313,312,312,330,316,316,323,315,319,316,327,313,314,301,304,309,315,314,313,312,312,330,316,315,322,315,318,315,326,312,313
13.16,630,630,631,631,621,613,608,604,610,616,619,624,622,624,615,609,612,606,619,615,605,613,638,648,653,659,654,646,642,636,641,638,648,654,651,657,643,648,657,650,301,311,321,336,300,304,309,317,315,313,312,311,335,320,319,326,318,321,319,331,313,314,300,304,309,317,315,313,312,311,335,320,319,325,318,321,319,331,312,313
13.2,630,630,631,632,621,613,608,604,609,615,619,624,622,624,615,609,612,606,619,614,605,612,639,648,653,659,653,646,642,637,641,638,648,654,650,657,644,649,657,650,302,312,324,340,301,305,310,318,317,314,313,313,338,324,321,328,320,323,323,334,314,315,301,305,310,318,317,314,313,312,338,324,321,328,320,323,322,334,314,315
13.24,629,629,630,630,620,611,607,603,608,614,618,623,621,623,613,607,611,605,617,613,604,611,637,647,652,658,652,645,641,635,640,637,647,653,649,656,642,648,656,648,303,314,325,341,302,306,311,319,318,315,314,314,339,324,322,329,321,324,323,335,315,316,302,306,311,320,318,315,314,314,339,324,322,329,321,324,323,335,315,316
13.28,629,629,630,631,620,612,608,604,609,615,619,624,621,623,614,608,612,606,618,614,605,612,638,647,652,656,651,645,640,635,640,637,646,653,649,655,642,647,655,648,305,316,325,341,304,308,313,321,320,317,316,316,340,325,323,330,322,325,324,336,317,318,304,308,313,321,319,317,316,316,340,325,323,330,322,325,324,336,317,317
13.32,628,628,629,629,619,611,607,603,608,614,618,622,620,622,613,607,611,604,617,613,604,611,636,645,651,656,651,644,639,634,638,635,645,651,648,654,641,646,654,647,307,317,323,339,305,309,313,321,319,318,317,317,337,323,321,328,321,324,322,334,317,318,306,310,314,322,320,318,318,317,338,323,322,329,322,325,322,334,318,319
13.36,627,627,628,628,619,611,606,603,607,613,617,622,619,621,612,607,610,604,616,612,603,610,635,644,650,655,651,643,638,633,637,634,645,650,647,653,640,645,654,647,308,318,323,338,307,310,315,321,320,319,318,318,337,323,322,329,321,325,322,333,318,319,307,311,316,323,321,319,319,318,337,323,322,329,322,326,323,334,319,320
13.4,626,627,627,627,618,610,606,601,606,612,616,621,619,621,611,606,609,603,615,611,603,609,635,644,649,655,650,642,638,632,636,634,644,649,647,653,639,644,653,646,311,321,326,340,310,313,317,323,322,321,321,321,339,325,324,330,323,326,324,336,320,321,310,314,318,325,323,322,321,321,340,326,325,332,324,328,325,336,321,322
13.44,626,626,627,627,618,610,605,601,606,612,616,621,618,620,611,606,608,603,615,611,602,609,635,643,649,654,650,642,637,632,636,633,644,649,646,652,639,643,652,646,313,323,328,342,312,315,319,325,323,323,323,323,341,327,325,332,325,328,326,337,321,322,312,316,320,327,325,324,324,323,342,328,327,334,326,330,327,338,324,324
13.48,626,626,627,627,618,610,605,601,606,612,616,621,618,620,611,606,609,603,615,611,602,609,634,643,648,654,649,642,637,632,635,633,643,649,646,652,639,643,652,645,316,325,330,345,314,317,321,327,325,325,325,325,344,330,328,335,327,330,329,340,324,325,315,318,322,329,327,326,326,325,344,330,329,336,329,332,330,341,326,326
13.52,626,626,626,626,617,609,605,601,605,612,615,620,618,620,611,605,608,603,615,611,602,609,634,643,648,654,649,642,637,632,635,633,643,649,646,652,639,643,652,645,318,327,332,347,316,319,323,328,327,327,327,327,346,332,330,336,329,332,331,342,325,326,317,321,325,331,329,328,328,328,346,332,331,338,331,334,332,343,328,328
13.56,627,627,627,627,619,611,606,602,607,613,617,622,619,621,612,607,610,604,616,612,603,610,635,644,649,655,650,642,638,633,636,634,644,650,647,653,640,644,653,646,320,329,334,349,318,321,324,330,329,328,328,329,347,334,332,338,331,334,333,343,327,328,319,322,326,332,331,330,329,329,348,334,333,340,332,336,334,345,329,330
13.6,627,627,628,628,619,611,607,603,607,614,617,622,619,621,612,607,610,604,616,612,604,611,636,644,649,655,650,643,638,633,637,634,645,650,647,653,640,644,653,646,321,330,336,350,320,322,326,331,330,330,330,330,349,335,333,339,332,335,334,345,328,329,320,324,327,334,332,331,331,330,349,335,334,341,334,337,335,346,331,331
13.64,628,628,628,628,619,611,607,603,608,614,618,622,620,622,613,608,610,605,617,613,604,611,636,645,650,655,651,643,639,634,637,635,645,650,648,654,640,645,654,647,322,331,336,351,320,323,326,332,331,330,330,331,349,336,334,340,333,336,335,346,329,330,321,324,328,334,333,332,331,331,350,336,335,342,334,338,336,347,331,332
13.68,628,628,629,629,620,612,608,603,608,614,618,623,620,622,613,608,611,605,617,613,604,611,636,645,650,655,650,643,639,634,638,635,645,650,647,653,641,645,653,647,322,332,338,352,321,324,327,333,332,331,331,331,351,337,335,341,334,337,336,347,330,331,321,325,329,335,333,332,332,332,352,338,336,343,335,338,337,348,332,332
13.72,628,628,629,629,620,612,608,603,608,614,618,623,620,622,613,608,611,605,617,613,605,611,637,645,650,656,651,644,639,634,638,635,645,651,648,654,641,645,654,647,323,332,338,352,321,324,327,333,332,331,331,332,351,337,335,341,334,337,336,347,330,331,322,325,329,335,334,333,332,332,351,337,336,343,335,339,337,348,332,333
13.76,628,628,629,629,620,612,608,604,608,614,618,623,620,622,613,608,611,605,617,613,605,612,636,645,650,656,651,643,639,634,638,635,645,651,648,654,641,645,654,647,323,333,339,354,322,325,328,334,333,332,332,332,352,339,336,343,335,338,337,348,331,332,322,326,330,336,334,333,333,333,353,339,337,344,336,340,338,349,333,333
13.8,627,628,628,628,619,611,607,603,608,614,618,622,620,622,613,608,611,605,617,613,604,611,636,645,650,656,651,643,639,634,637,635,645,651,648,654,641,645,654,647,324,333,340,354,322,325,328,334,333,332,332,333,353,339,336,343,335,338,338,349,331,332,323,326,330,336,335,334,333,333,354,340,338,345,337,340,339,350,333,334
13.84,628,628,629,629,619,611,607,603,608,614,618,622,620,622,613,608,611,605,617,613,604,611,636,645,650,656,651,644,639,634,638,635,645,651,648,654,641,645,654,647,324,333,340,355,323,326,329,335,334,333,333,333,354,340,337,344,336,339,338,350,331,333,323,327,330,336,335,334,333,333,354,340,338,345,337,340,339,350,333,334
13.88,627,628,628,628,619,611,607,603,608,614,617,622,620,622,613,607,611,605,617,612,604,611,636,645,650,656,651,643,639,634,637,635,645,651,648,654,641,645,654,647,324,333,340,355,322,325,329,335,334,333,333,333,354,339,337,344,336,339,338,350,332,333,323,327,330,337,336,334,334,333,354,340,338,345,337,341,339,351,334,334
13.92,626,627,627,627,618,610,606,602,607,613,616,621,618,621,612,606,609,603,615,611,603,610,635,643,649,655,650,642,638,632,636,634,644,650,647,653,640,644,653,646,325,335,340,355,323,326,330,336,335,334,334,334,354,340,337,344,337,340,338,350,333,334,324,328,332,339,337,336,335,335,355,340,339,346,339,342,340,351,335,336
13.96,626,627,627,627,618,610,605,600,605,612,616,621,618,620,611,605,608,602,615,610,602,609,635,645,650,657,652,643,639,633,637,634,645,651,648,655,640,645,654,647,325,335,343,359,323,326,330,337,336,335,335,335,358,343,340,347,338,341,341,353,333,334,324,328,332,340,338,336,336,335,358,343,342,349,340,344,343,355,336,337
14.0,628,629,629,629,619,610,606,600,606,613,617,622,619,621,611,605,609,602,616,611,602,609,638,647,653,661,655,646,641,636,640,637,649,655,652,659,643,649,658,651,325,336,350,366,324,327,330,338,337,335,335,335,364,348,344,351,341,344,346,358,333,335,325,328,332,340,339,336,336,336,365,349,345,352,343,346,347,360,336,337
14.04,630,631,631,632,620,611,606,600,605,613,618,624,621,623,612,606,609,602,617,612,602,609,640,650,657,665,659,650,645,638,643,639,652,658,655,662,646,652,662,654,325,335,348,365,324,327,330,337,336,334,335,335,363,348,343,350,341,343,346,358,333,334,324,328,331,338,338,335,335,335,363,348,344,351,342,344,346,358,334,336
14.08,630,631,632,632,621,612,607,601,606,614,619,624,622,624,613,607,610,604,618,614,603,610,640,651,657,665,660,651,645,639,643,640,653,658,656,663,647,652,663,655,326,336,342,358,324,327,330,336,335,335,335,336,357,342,339,346,338,341,340,353,333,334,325,328,331,337,336,336,336,336,357,342,340,347,339,342,341,353,334,335
14.12,633,633,634,634,623,614,608,602,607,615,620,626,625,626,614,610,611,605,620,616,604,611,642,652,659,667,662,653,647,641,644,642,654,660,658,664,649,653,664,658,327,337,338,353,325,328,331,335,334,335,335,336,352,338,336,344,336,339,337,349,333,334,325,328,331,336,335,335,336,336,352,338,337,344,336,340,337,349,333,335
14.16,635,635,636,636,626,617,611,605,610,618,623,629,627,628,617,612,613,608,622,619,607,613,644,654,661,669,664,655,649,642,646,644,657,662,660,666,651,655,666,660,327,337,338,352,326,328,332,337,335,336,336,336,351,338,337,343,336,340,337,348,334,335,326,329,332,337,336,336,336,336,351,338,337,344,337,340,337,348,334,335
14.2,637,638,638,638,628,620,614,609,613,621,626,631,629,631,620,615,617,611,625,621,610,617,646,656,662,669,664,656,650,644,648,645,657,662,661,666,652,656,667,660,326,335,337,351,325,327,331,336,334,334,335,335,350,337,336,343,335,339,336,347,333,334,325,328,331,336,334,335,335,335,350,337,336,342,335,339,336,347,333,334
14.24,639,639,640,640,630,622,617,612,617,624,628,633,631,633,623,618,620,614,627,623,613,620,647,657,662,668,663,655,651,645,649,647,657,663,660,666,653,657,666,659,323,333,338,353,322,325,329,335,334,333,333,333,352,338,336,343,335,339,337,348,332,333,322,325,329,335,334,333,333,333,352,338,336,343,336,339,337,348,332,333
14.28,641,641,642,642,632,624,619,613,619,626,630,635,633,635,625,619,622,616,629,625,615,622,650,659,664,670,665,657,653,647,652,649,659,665,661,668,654,659,668,661,322,332,338,354,321,324,328,335,334,332,332,332,353,338,336,343,335,339,337,349,332,332,321,324,328,335,334,332,332,332,352,338,336,343,335,339,337,348,331,332
14.32,643,643,644,644,634,625,620,615,620,627,632,637,635,637,626,621,624,618,631,627,617,624,652,660,665,671,666,658,654,649,653,650,660,666,663,669,656,661,669,662,321,331,337,352,320,324,328,335,333,332,331,331,351,336,335,342,335,338,336,348,331,332,320,323,327,334,333,331,331,331,351,336,335,341,334,337,335,347,330,331
14.36,643,643,644,644,634,626,621,616,621,628,632,637,635,637,627,621,624,618,631,627,617,624,651,660,665,671,666,659,654,649,653,651,661,666,663,669,656,661,669,662,320,330,334,349,319,322,327,333,331,330,330,330,349,334,333,340,333,336,334,345,330,330,318,322,326,332,331,330,329,329,348,334,333,339,332,336,333,344,329,330
14.4,644,644,645,645,635,626,621,616,621,628,632,638,636,638,627,622,624,619,632,628,618,625,652,661,666,672,667,660,655,650,654,651,661,667,664,670,657,662,670,663,317,327,332,347,316,320,324,331,329,328,327,327,346,332,331,338,331,334,331,343,328,328,316,319,323,330,328,327,327,327,345,332,330,337,330,333,331,342,326,327
14.44,644,644,645,646,635,627,622,617,621,628,633,638,637,638,628,623,625,619,632,629,618,625,653,661,667,672,667,660,656,650,654,652,662,667,664,670,657,662,670,664,315,325,330,344,315,318,323,329,327,326,326,325,344,330,329,336,329,332,329,341,326,326,314,317,321,328,326,325,325,325,343,329,328,335,328,331,329,340,324,325
14.48,645,645,645,646,636,627,622,617,622,629,633,639,637,639,628,623,625,619,633,629,618,625,653,662,667,673,668,661,656,651,655,652,662,668,665,671,658,662,671,664,314,324,328,342,313,317,321,328,326,325,324,324,342,328,328,335,327,331,328,339,324,325,313,316,320,326,325,324,324,323,341,328,327,333,326,329,327,338,323,324
14.52,645,645,646,646,636,627,622,617,621,629,633,639,637,639,628,623,625,619,633,629,618,625,654,662,668,673,668,661,656,651,655,653,662,668,665,671,658,663,671,664,313,323,329,344,313,317,321,328,326,325,324,324,343,329,328,335,328,331,328,340,324,325,312,315,319,326,325,324,323,323,343,328,327,334,327,330,328,339,323,324
14.56,644,644,645,646,635,626,620,614,619,627,632,638,636,638,626,620,623,616,631,627,616,623,653,662,667,673,667,660,656,651,656,652,662,669,665,671,658,664,671,664,313,324,336,352,313,317,322,330,329,326,325,324,351,336,333,341,332,335,335,347,326,326,312,316,320,328,327,325,324,324,350,335,332,339,331,333,334,345,324,325
14.6,643,643,644,645,634,624,618,612,617,626,631,636,634,636,625,618,621,615,630,625,614,622,652,661,667,672,667,659,655,650,655,652,662,668,664,671,657,663,670,663,316,327,340,356,316,320,324,332,331,328,327,327,355,340,337,344,335,338,338,351,328,329,315,318,323,331,330,327,327,327,354,339,336,342,334,336,337,349,326,328
14.64,641,642,642,643,632,622,616,609,615,623,628,634,632,634,622,616,619,612,627,623,611,619,651,661,666,673,667,659,654,649,654,650,661,668,664,671,656,662,671,663,317,328,339,355,316,320,324,332,331,328,328,328,354,339,336,343,334,338,338,350,328,329,316,319,323,331,330,328,327,327,353,338,335,342,334,336,337,349,327,328
14.68,640,641,641,642,630,620,614,608,613,622,627,633,631,633,621,615,618,611,626,622,610,617,650,660,665,672,666,658,653,648,653,649,660,667,663,670,655,661,669,662,318,328,340,356,317,321,325,333,331,329,328,328,355,340,337,344,335,338,339,351,328,329,317,320,324,332,331,329,328,328,355,340,336,343,335,337,338,350,328,329
14.72,638,638,639,639,628,619,613,607,612,620,625,631,629,631,619,614,616,610,624,621,609,616,647,657,663,670,665,656,651,645,649,646,658,664,661,667,653,657,667,660,319,329,335,350,318,321,325,331,330,329,329,329,349,335,333,340,332,335,334,345,328,329,318,322,325,332,331,329,329,329,349,335,333,340,332,336,334,345,328,329
14.76,639,639,640,640,630,620,614,608,614,621,626,632,630,632,621,615,617,611,626,622,610,617,648,658,664,669,664,656,652,646,650,647,658,664,661,667,653,658,668,660,317,327,334,350,316,319,324,330,329,328,327,327,349,334,332,340,331,335,333,345,327,328,316,319,323,330,329,327,327,327,349,334,332,339,331,334,333,345,326,328
14.8,640,640,640,641,629,619,613,606,612,620,625,632,630,632,619,613,616,609,625,620,608,616,649,659,665,670,664,657,652,647,652,648,659,665,661,668,654,660,668,661,316,326,339,354,315,319,323,330,329,327,326,326,353,338,335,342,333,336,337,349,326,327,314,318,321,329,328,326,326,326,353,338,334,341,332,334,336,348,325,326
14.84,638,638,639,639,628,618,611,604,610,619,624,630,628,630,618,612,614,607,623,619,607,614,648,658,663,670,664,656,651,645,650,647,658,665,661,668,653,659,667,660,317,327,341,357,316,319,324,332,331,327,327,327,356,341,337,344,335,338,339,351,327,328,315,318,322,330,330,327,326,326,355,340,336,343,334,336,338,350,326,327
14.88,637,637,637,638,627,618,612,605,610,619,624,630,628,630,617,612,614,608,623,619,607,614,646,656,661,668,662,654,650,644,648,645,656,662,659,665,651,656,665,658,320,330,336,351,319,322,326,332,331,329,329,330,350,336,334,341,333,336,335,347,328,329,318,321,325,331,330,329,329,329,350,335,333,340,332,335,334,346,328,329
14.92,637,637,638,638,627,618,612,605,609,618,624,630,629,630,617,613,614,608,623,620,607,613,646,656,663,670,665,656,651,644,648,645,658,663,661,667,652,656,668,661,321,330,331,345,320,322,326,330,329,329,329,330,344,331,330,337,330,333,331,341,328,329,319,322,325,329,328,328,329,329,344,331,329,336,329,332,330,340,327,328
14.96,636,636,636,637,626,617,611,604,608,617,622,629,627,629,616,612,612,607,622,619,606,612,645,655,661,669,664,655,650,643,646,644,657,661,660,666,651,655,666,660,321,330,331,344,320,323,326,330,329,329,329,330,343,331,330,336,329,333,330,341,328,328,320,322,325,328,327,328,329,329,343,330,329,335,328,331,330,340,326,327
15.0,635,635,635,636,625,616,610,604,608,616,622,628,626,628,615,611,612,607,621,618,605,612,644,654,660,667,663,654,648,642,645,643,655,660,659,665,650,654,665,658,321,330,331,345,320,322,326,330,329,329,329,330,344,331,330,337,330,333,331,341,328,328,319,322,325,329,328,328,329,330,344,331,330,336,329,332,330,341,327,328
15.04,634,634,634,635,624,615,610,604,608,616,621,627,625,627,615,610,612,606,620,617,605,612,643,652,658,665,660,652,647,641,645,642,653,659,656,663,648,653,663,656,320,330,334,350,319,322,325,331,330,329,330,330,349,334,332,339,331,335,333,345,328,329,319,322,325,331,330,329,330,330,348,334,332,339,331,335,333,344,328,329
15.08,634,635,636,636,625,616,610,604,609,617,622,628,626,628,616,610,613,606,621,617,606,613,644,653,659,665,660,652,647,641,647,643,654,660,657,663,649,655,663,656,320,330,342,358,319,322,326,333,332,330,329,329,356,342,338,345,336,339,340,352,329,330,318,321,325,333,332,329,329,329,356,341,338,344,336,338,340,351,328,330
15.12,634,634,635,635,624,614,608,601,607,615,620,627,624,626,614,609,611,604,620,615,603,611,644,654,659,666,661,652,647,641,646,643,654,661,657,664,649,655,664,657,319,329,341,356,318,321,325,332,331,329,329,329,355,340,337,344,335,337,339,351,328,329,318,321,324,331,330,329,329,329,355,340,336,343,334,337,338,350,327,329
15.16,634,635,635,636,624,614,608,602,607,615,621,627,625,627,615,609,611,605,620,616,604,611,644,654,660,667,662,653,648,642,647,643,655,661,658,665,650,655,665,657,318,328,338,354,317,320,324,330,330,328,327,328,353,338,335,342,333,336,337,348,327,328,316,319,323,330,329,327,327,327,352,338,334,341,333,335,336,348,326,327
15.2,635,635,635,636,625,615,609,602,607,616,621,627,625,627,615,609,611,605,620,616,604,611,644,654,660,666,661,653,648,642,646,643,655,661,658,664,650,655,664,657,317,327,336,352,316,319,323,330,329,327,327,327,351,336,333,340,332,335,335,347,326,327,316,319,323,329,329,327,327,327,351,336,333,340,331,334,334,346,326,327
15.24,634,635,635,636,624,614,608,601,607,615,621,627,625,627,614,609,611,604,620,616,603,611,644,654,660,667,662,653,648,642,647,643,655,661,658,665,650,655,665,657,316,326,338,353,315,318,322,329,328,326,326,326,352,337,334,341,332,335,336,348,325,326,315,318,322,329,328,326,326,326,352,337,334,341,332,335,336,347,325,326
15.28,635,635,636,636,624,614,608,601,606,615,621,627,625,627,614,608,611,604,620,615,603,610,645,655,661,668,663,654,649,642,647,644,656,662,659,666,651,656,666,658,316,326,340,356,315,318,322,329,329,326,325,326,355,340,336,343,333,336,338,350,325,326,315,318,321,329,328,326,325,325,354,340,335,342,333,335,338,349,325,326
15.32,634,634,635,636,624,614,608,601,606,615,620,627,624,626,614,608,610,604,620,615,603,610,644,654,660,667,661,653,648,642,646,643,655,661,658,664,650,655,664,657,317,327,340,356,315,319,323,330,329,327,326,326,354,339,336,343,333,336,338,350,326,327,315,319,323,330,330,327,326,326,354,339,335,342,333,336,337,349,326,327
15.36,633,634,634,635,624,614,608,602,607,615,620,626,624,626,614,609,611,604,620,615,604,611,643,653,658,665,659,651,646,640,645,642,653,659,656,663,648,653,662,655,317,327,338,354,315,319,323,330,329,327,326,326,352,337,334,341,332,335,336,348,326,327,315,319,323,331,330,327,327,326,352,337,334,341,333,336,336,348,326,327
15.4,633,634,634,635,624,614,609,603,608,616,621,627,625,626,615,609,612,605,620,616,605,612,643,652,658,664,659,651,646,640,645,642,653,659,655,662,648,653,662,655,317,327,335,351,316,319,322,329,328,326,326,327,350,335,332,339,331,334,334,345,325,326,316,319,323,330,329,327,327,327,350,335,332,339,331,334,334,345,326,327
15.44,633,633,634,634,624,614,609,602,608,616,620,626,624,626,615,609,611,605,620,616,604,611,642,652,657,664,658,650,646,640,644,641,652,658,655,661,647,652,661,654,316,326,334,350,315,318,321,328,327,326,325,326,349,334,331,338,330,333,333,345,324,325,315,318,322,329,328,326,326,326,349,334,332,339,330,334,333,345,325,326
15.48,633,633,634,635,624,614,608,602,607,615,620,626,624,626,614,609,611,605,620,616,604,611,643,652,658,664,659,651,646,640,645,642,653,659,655,662,648,653,662,655,316,326,335,351,315,318,322,329,328,326,326,326,350,335,332,339,331,334,334,346,325,326,315,318,322,329,328,326,326,326,350,335,332,339,331,334,334,345,325,326
15.52,633,634,634,635,624,614,609,602,607,616,621,627,624,626,615,609,611,605,620,616,604,611,643,652,658,664,659,651,646,640,645,642,653,659,656,662,648,653,662,655,317,327,337,353,316,319,323,330,329,327,327,327,351,336,334,341,332,335,335,347,326,327,316,319,323,330,329,327,327,327,351,336,333,340,332,335,335,347,326,327
15.56,634,634,634,635,624,615,609,602,608,616,621,627,624,626,615,609,612,605,620,616,604,612,643,652,658,665,659,651,646,641,645,642,653,659,656,663,648,653,662,655,318,328,338,354,316,320,324,331,330,328,327,328,353,338,335,342,333,336,337,348,327,328,316,320,324,331,330,328,328,327,353,338,335,342,333,336,336,348,327,328
15.6,634,634,635,635,624,615,609,603,608,616,621,627,625,627,615,610,612,606,620,616,605,612,643,652,658,664,659,651,646,641,645,642,653,659,655,662,648,653,662,654,318,328,339,354,317,320,324,331,330,328,328,328,353,338,335,342,333,337,337,349,327,328,317,320,324,331,330,328,328,328,353,338,335,342,333,336,337,348,327,328
15.64,633,633,633,634,624,614,609,603,608,616,621,626,624,626,615,609,612,605,620,615,605,612,642,651,657,663,657,649,645,639,644,641,651,658,654,661,647,652,661,653,319,329,338,354,317,321,325,332,330,329,328,328,352,337,335,342,333,336,336,348,328,329,317,321,325,332,331,329,329,328,352,337,335,342,334,337,336,348,328,329
15.68,633,633,634,634,624,615,609,603,609,617,621,627,624,626,615,609,612,606,620,616,605,613,642,652,657,663,657,650,645,640,645,641,652,658,654,661,647,653,661,653,318,328,340,356,317,320,324,332,331,328,328,328,354,339,336,343,334,337,338,350,328,329,317,320,324,332,331,328,328,328,354,339,336,343,335,337,338,350,328,329
15.72,634,634,634,635,624,615,610,603,609,617,621,627,624,627,616,610,613,606,621,616,605,613,643,652,657,663,658,650,646,640,645,642,652,658,654,661,647,653,661,654,320,330,341,357,319,322,326,334,332,330,330,330,356,341,338,345,336,339,339,351,330,330,319,322,326,334,333,330,330,330,356,341,338,345,336,339,339,351,330,331
15.76,634,634,635,635,625,615,610,603,609,617,622,628,625,627,616,610,613,606,621,616,606,613,643,653,658,665,659,651,647,641,646,643,653,660,656,663,649,654,662,655,322,331,343,358,320,323,327,335,333,331,331,331,357,342,339,346,337,340,341,353,331,332,320,323,327,334,333,331,331,331,357,342,339,346,337,340,340,352,330,332
15.8,634,634,635,635,624,614,609,602,607,616,621,627,624,626,615,609,611,605,620,615,604,611,643,653,659,666,660,652,647,641,646,642,654,660,657,663,649,654,663,656,320,330,342,357,319,322,326,333,332,330,329,330,356,341,337,345,335,338,340,351,329,330,319,322,326,333,332,330,330,330,356,341,338,344,336,338,340,351,329,330
15.84,635,635,636,636,625,615,609,602,607,616,621,628,626,628,615,610,611,605,621,617,604,611,644,654,660,667,662,653,648,642,646,643,655,661,658,664,650,655,665,658,322,331,337,352,320,323,326,331,330,330,330,331,351,336,334,341,333,336,335,347,328,329,320,322,325,330,330,329,330,330,351,336,333,340,332,335,335,346,328,329
15.88,635,635,636,636,625,615,609,602,607,615,621,627,626,627,615,610,611,605,620,617,604,611,644,654,661,668,663,654,649,643,646,644,656,661,659,665,650,655,666,659,321,330,334,348,320,322,325,329,329,329,329,330,347,333,331,338,330,334,333,344,327,328,320,322,324,329,328,328,329,330,347,333,331,338,330,333,332,343,326,328
15.92,634,635,635,636,625,615,608,601,606,615,620,627,626,627,614,610,610,605,620,617,603,610,644,654,661,668,663,654,649,642,645,643,656,661,659,665,650,654,666,659,321,329,333,347,319,321,324,328,328,328,328,329,346,332,330,337,329,332,331,342,326,327,319,321,324,328,328,328,328,329,346,332,330,337,329,332,331,342,326,327
15.96,634,635,635,636,625,615,608,601,605,614,620,627,626,627,614,609,610,604,620,617,603,609,644,654,661,668,664,655,649,642,646,643,656,661,660,665,650,654,666,659,321,329,332,346,319,321,324,328,327,328,328,329,345,332,330,336,329,332,331,342,326,327,319,321,324,328,327,327,328,329,345,331,330,336,329,332,331,341,326,327
16.0,634,635,635,636,625,615,608,601,605,614,620,627,626,627,614,609,610,604,620,617,603,609,644,654,661,669,664,655,649,642,646,643,656,661,660,666,650,654,666,660,322,330,332,346,320,322,325,328,328,328,329,330,345,332,330,337,329,332,331,342,326,327,320,322,324,328,327,328,329,330,345,332,330,336,329,332,331,341,326,327
16.04,635,635,635,636,625,615,608,601,606,615,621,627,626,627,614,610,610,605,620,617,603,610,644,655,662,669,665,655,649,643,646,644,657,661,661,666,651,654,667,660,322,330,331,344,320,322,325,328,328,328,329,330,344,331,329,336,329,332,330,341,327,328,320,322,324,328,327,328,329,330,343,331,329,335,328,331,330,340,326,327
16.08,634,634,634,635,624,614,608,600,605,614,620,626,625,626,613,609,609,604,619,616,603,609,643,654,660,668,664,654,648,642,645,642,656,660,660,665,650,653,666,659,322,330,331,344,320,322,325,328,327,328,329,330,343,330,329,335,328,332,330,340,326,327,320,322,324,328,327,328,329,330,343,330,329,335,328,331,329,340,326,327
16.12,633,634,634,635,624,614,608,600,605,614,620,626,625,626,613,609,609,604,619,616,603,609,643,653,660,668,663,654,648,641,645,642,655,660,659,665,649,653,665,659,321,330,331,344,320,322,324,328,327,328,328,329,343,330,329,335,328,331,329,340,326,327,320,322,324,327,327,328,328,329,343,330,329,335,328,331,329,340,326,327
16.16,633,633,634,634,623,614,608,601,605,614,620,626,625,626,613,609,609,604,619,616,603,609,643,653,660,668,663,653,647,641,644,642,655,660,659,664,649,653,665,658,321,329,330,343,319,321,324,327,326,327,328,329,342,329,328,334,328,331,329,339,325,326,319,321,324,327,326,327,328,328,342,329,328,334,327,330,329,339,325,326
16.2,632,633,633,634,623,614,607,600,605,614,619,626,624,625,613,609,609,604,618,616,602,609,642,652,659,667,663,653,647,640,644,641,655,659,658,664,649,652,664,658,320,328,329,342,319,321,323,326,326,326,327,328,341,329,327,334,327,330,328,338,325,326,319,321,323,326,326,326,327,328,341,329,327,333,327,330,328,338,325,326
16.24,632,633,633,633,623,613,607,600,604,613,619,625,624,625,612,608,609,603,618,615,602,608,642,652,659,667,662,653,647,640,643,641,654,659,658,664,648,652,664,658,320,328,329,342,318,320,323,326,325,326,327,328,341,329,327,333,327,330,328,338,324,325,318,320,323,326,325,326,327,328,341,329,327,333,327,330,328,338,324,325
16.28,632,632,633,633,623,613,607,600,604,613,619,625,624,625,612,608,608,603,618,615,602,608,641,652,658,666,662,652,646,640,643,641,654,658,658,663,648,651,664,657,319,327,328,341,318,319,322,325,325,325,326,327,340,328,326,333,326,329,327,337,324,325,318,320,322,326,325,326,326,327,340,328,326,333,326,329,327,337,324,325
16.32,632,633,633,633,623,613,607,600,604,613,619,625,624,625,612,608,608,603,618,615,602,608,642,652,659,667,662,653,647,640,643,641,654,659,658,663,648,652,664,658,318,327,327,340,317,319,321,325,324,325,326,326,339,327,326,332,325,328,326,336,323,324,317,319,321,325,324,325,326,326,339,327,326,332,325,328,326,336,323,324
16.36,632,633,633,633,623,613,607,599,604,613,618,625,624,625,612,608,608,603,618,615,601,608,642,652,659,667,662,653,647,640,643,641,654,659,658,663,648,652,664,658,318,326,327,340,317,319,321,324,324,324,325,326,339,327,325,332,325,328,326,336,323,324,317,319,321,325,324,325,325,326,339,327,325,332,325,328,326,336,323,324
16.4,632,633,633,634,623,613,607,599,604,613,619,625,624,625,612,608,608,603,618,615,602,608,642,652,659,667,662,653,647,640,643,641,654,659,658,664,648,652,664,658,318,326,326,339,316,318,321,324,323,324,325,326,339,326,325,331,324,327,326,336,322,323,316,318,321,324,323,324,325,326,338,326,325,331,324,327,325,335,322,323
16.44,632,633,633,634,623,613,607,600,604,613,619,625,624,625,612,608,608,603,618,615,602,608,642,652,659,667,663,653,647,640,643,641,654,659,658,664,648,652,664,658,318,326,326,339,316,318,321,324,323,324,325,325,338,326,325,331,324,327,325,335,322,323,316,318,321,324,323,324,325,325,338,326,325,331,324,328,325,335,322,323
16.48,632,633,633,633,623,613,607,600,604,613,619,625,624,625,612,608,609,603,618,615,602,608,642,652,659,667,662,653,647,640,643,641,654,659,658,663,648,652,664,658,317,326,326,339,316,318,321,324,324,324,325,326,339,326,325,331,325,328,326,336,323,323,316,318,321,325,324,324,325,326,339,326,325,331,325,328,326,336,323,324
16.52,632,632,633,633,623,613,607,600,605,613,619,625,624,625,612,608,609,604,618,615,602,608,641,652,658,666,662,652,646,640,643,641,654,658,657,663,648,651,664,657,317,326,326,339,316,318,321,325,324,324,325,325,338,326,325,331,325,328,325,336,323,323,316,318,321,325,324,324,325,325,339,326,325,332,325,328,326,336,323,324
16.56,633,633,633,634,623,614,608,601,605,614,620,626,624,626,613,609,610,604,619,616,603,609,642,652,658,666,662,652,646,640,643,641,654,658,658,663,648,652,664,657,317,326,326,339,316,318,321,325,324,324,325,325,338,326,325,331,325,328,325,336,323,324,316,318,321,325,324,325,325,325,338,326,325,331,325,328,325,335,323,324
16.6,633,633,634,634,624,614,608,601,606,614,620,626,625,626,613,609,610,605,619,616,603,610,642,652,659,666,662,652,647,640,643,641,654,659,658,663,648,652,664,657,317,325,326,339,315,318,321,325,324,324,325,325,338,326,325,331,325,328,325,335,323,324,315,318,321,325,324,324,325,325,338,326,325,331,325,328,325,335,323,324
16.64,633,633,633,634,624,614,608,602,606,615,620,626,625,626,613,609,610,605,619,616,604,610,642,652,658,666,661,652,646,640,643,641,654,658,657,663,648,652,663,657,316,325,325,338,315,318,321,325,324,324,324,325,338,325,325,331,325,328,325,335,323,324,315,317,321,325,324,324,324,325,338,325,325,331,325,328,325,335,323,324
16.68,633,634,634,634,624,615,609,602,607,615,621,627,625,626,614,610,611,606,620,617,604,611,642,652,658,666,661,652,647,640,644,641,654,659,657,663,648,652,663,657,315,324,325,338,314,317,321,325,324,324,324,324,338,325,325,331,325,328,325,335,323,324,314,317,320,325,324,324,324,324,337,325,324,331,324,328,324,334,322,323
16.72,633,634,634,634,624,615,609,603,607,615,621,627,625,626,614,610,611,606,620,617,604,611,642,652,659,666,661,652,647,640,644,642,654,659,657,663,648,652,663,657,315,324,325,338,314,317,320,325,324,324,324,324,337,325,324,331,324,328,324,335,323,323,313,316,320,324,323,323,323,324,337,324,324,330,324,327,324,334,322,323
16.76,634,634,634,635,625,615,609,603,607,616,621,627,626,627,615,611,611,606,620,617,605,611,643,653,659,666,661,652,647,641,644,642,654,659,657,663,649,653,664,657,314,324,324,338,313,316,320,325,324,323,323,323,337,324,324,331,324,328,324,335,323,323,313,316,319,324,323,323,323,323,337,324,323,330,323,327,324,334,321,322
16.8,633,633,634,634,624,614,608,602,606,615,620,626,625,626,614,609,610,605,619,616,604,610,642,652,659,666,661,652,647,640,644,641,654,659,657,663,648,652,664,657,313,323,324,337,312,315,319,324,323,323,322,323,336,324,323,330,323,327,323,334,322,322,312,315,318,323,322,322,322,322,336,323,323,329,323,326,323,333,321,322
16.84,633,633,634,634,624,615,609,602,606,615,620,627,625,626,614,610,610,605,619,617,604,610,642,652,658,666,661,652,646,640,644,641,654,659,657,663,648,652,663,657,312,321,323,336,311,314,318,323,322,321,321,321,335,322,322,329,322,326,322,333,320,321,311,314,317,322,321,321,321,321,335,322,322,328,322,325,322,332,320,321
16.88,633,633,634,634,624,614,608,602,606,615,620,626,625,626,614,610,610,605,619,616,604,610,642,652,658,666,661,652,646,640,644,641,654,659,657,663,648,652,663,657,311,321,322,335,310,313,317,323,321,321,321,321,335,322,322,328,322,325,322,332,320,321,310,313,317,322,321,320,320,320,334,322,321,328,321,325,321,332,319,320
16.92,632,633,633,634,623,614,608,602,606,614,620,626,624,626,613,609,610,605,619,616,603,610,642,651,658,665,661,652,646,640,643,641,653,658,657,663,648,652,663,656,311,320,321,335,310,313,317,322,321,320,320,320,334,321,321,328,321,325,321,332,320,320,309,313,316,322,320,320,320,320,334,321,321,327,321,324,321,331,319,320
16.96,632,633,633,634,623,614,608,602,606,614,620,626,624,626,613,609,610,605,619,616,603,610,642,652,658,666,661,652,646,640,643,641,653,658,657,663,648,652,663,657,311,320,321,335,310,313,317,322,321,320,320,320,334,321,321,328,321,325,321,332,320,320,310,313,316,322,320,320,320,320,334,321,321,327,321,324,321,331,319,320
17.0,632,633,633,633,623,614,608,601,605,614,619,626,624,625,613,609,609,604,619,616,603,609,641,651,658,665,661,652,646,639,643,641,653,658,657,663,647,651,663,656,311,320,321,334,310,313,317,322,321,320,320,320,334,321,321,328,321,325,321,332,320,320,310,313,317,322,321,320,320,320,334,321,321,327,321,325,321,331,319,320
17.04,632,633,633,633,623,614,608,601,606,614,620,626,624,625,613,609,610,604,619,616,603,610,641,651,658,666,661,652,646,640,643,641,653,658,657,663,647,651,663,657,311,320,321,334,310,313,317,322,321,320,320,320,334,321,321,328,321,325,321,332,320,320,310,313,316,321,320,320,320,320,334,321,321,327,321,324,321,331,319,320
17.08,632,633,633,633,623,614,608,601,605,614,619,626,624,625,613,609,609,604,619,616,603,609,641,651,658,666,661,652,646,639,643,641,653,658,657,663,647,651,663,657,311,320,321,334,310,313,317,322,321,320,320,320,334,321,321,328,321,325,321,331,320,320,309,313,316,321,320,320,320,320,334,321,321,327,321,324,321,331,319,320
17.12,632,632,633,633,623,614,608,601,606,614,619,626,624,625,613,609,610,604,619,616,603,610,641,651,658,666,661,652,646,639,643,641,653,658,657,663,647,651,663,656,310,319,321,334,309,312,316,322,320,320,319,319,333,321,321,327,321,325,321,331,319,320,309,312,316,321,320,319,319,319,333,320,320,327,320,324,320,330,318,319
17.16,632,632,633,633,623,613,608,601,606,614,619,626,624,625,613,609,610,604,619,616,603,609,641,651,658,665,661,652,646,639,643,640,653,658,657,663,647,651,663,656,309,319,320,333,308,312,316,321,320,319,319,319,333,320,320,327,320,324,320,331,319,319,308,311,315,320,319,319,319,319,333,320,320,326,320,323,320,330,318,319
17.2,632,632,632,633,622,613,607,601,606,614,619,625,624,625,613,609,609,604,618,616,603,609,641,651,657,665,661,651,645,639,643,640,653,658,656,662,647,651,663,656,309,318,320,333,308,311,315,321,320,319,319,318,333,320,320,327,320,324,320,330,318,319,307,311,314,320,319,318,318,318,332,319,319,325,319,323,319,329,317,318
17.24,631,632,632,633,622,613,607,601,605,614,619,625,624,625,613,609,609,604,618,615,603,609,641,651,657,665,660,651,645,639,642,640,653,658,656,662,647,651,662,656,308,318,319,332,307,311,315,320,319,318,318,318,332,319,319,326,319,323,319,329,318,318,307,310,314,319,318,318,317,317,331,319,318,325,318,322,318,329,317,317
17.28,631,632,632,633,622,613,607,601,605,613,619,625,623,625,612,608,609,604,618,615,602,609,640,651,657,665,660,651,645,639,642,640,653,658,656,662,647,651,663,656,308,317,318,332,307,310,314,320,319,318,317,317,331,319,319,326,319,323,319,329,317,318,306,310,313,319,318,317,317,317,331,318,318,325,318,322,318,328,316,317
17.32,631,631,632,632,622,613,607,601,605,613,618,625,623,624,612,608,609,604,618,615,602,609,640,650,657,664,660,650,645,638,642,639,652,657,656,661,646,650,662,655,307,317,318,331,306,309,314,319,318,317,317,317,331,318,318,325,318,322,318,328,317,317,306,309,313,318,317,316,316,316,330,317,317,324,317,321,317,327,316,316
17.36,631,631,632,632,621,612,606,600,604,613,618,624,623,624,612,608,608,603,617,615,602,608,640,650,657,665,660,651,645,638,642,639,652,657,656,662,646,650,662,655,307,317,318,331,306,310,314,319,318,317,317,317,331,318,318,325,318,322,318,328,317,317,306,309,313,318,317,317,317,317,330,318,317,324,318,321,317,328,316,317
17.4,631,631,632,632,622,612,606,600,605,613,618,624,623,624,612,608,608,603,617,615,602,608,640,650,657,664,660,650,645,638,642,639,652,657,656,662,646,650,662,655,307,316,317,331,306,309,313,319,318,317,317,316,330,317,318,324,318,322,317,328,316,317,305,309,312,318,317,316,316,316,330,317,317,323,317,321,317,327,315,316
17.44,631,632,632,633,622,613,607,600,605,613,619,625,623,624,612,608,609,603,618,615,602,609,640,650,657,665,660,651,645,639,642,640,652,657,656,662,647,651,662,656,306,316,317,330,305,309,313,319,317,316,316,316,330,317,317,324,318,321,317,328,316,317,305,308,312,317,316,316,316,316,330,317,317,323,317,320,316,327,315,316
17.48,631,632,632,633,622,613,607,600,605,613,619,625,623,625,612,608,609,603,618,615,602,609,640,651,657,665,660,651,645,639,642,640,653,657,656,662,647,651,662,656,306,316,317,330,305,309,313,319,317,317,316,316,330,317,317,324,318,322,317,328,316,317,305,308,312,317,316,316,316,316,330,317,317,323,317,320,317,327,315,316
17.52,631,632,632,633,622,613,607,600,604,613,619,625,623,625,612,608,608,603,618,615,602,608,641,651,657,665,660,651,645,639,642,640,653,658,656,662,647,651,663,656,306,316,317,331,305,309,313,319,318,317,316,316,330,317,318,324,318,322,317,328,316,317,305,308,312,318,317,316,316,316,330,317,317,323,317,320,317,327,315,316
17.56,631,632,632,633,622,613,607,600,604,613,619,625,623,625,612,608,608,603,618,615,602,608,641,651,657,665,661,651,645,639,642,640,653,658,656,662,647,651,663,656,306,316,317,331,305,309,313,319,318,317,316,316,330,317,318,324,318,322,317,328,316,317,305,308,312,318,317,316,316,316,330,317,317,323,317,320,317,327,315,316
17.6,632,632,632,633,622,613,607,601,605,613,619,625,624,625,612,608,609,604,618,615,602,609,641,651,658,665,661,651,646,639,643,640,653,658,657,662,647,651,663,656,306,316,317,331,305,309,313,319,318,317,316,316,330,317,318,324,318,322,317,328,316,317,305,308,312,318,317,316,316,316,330,317,317,323,317,320,317,327,315,316
17.64,632,633,633,634,623,613,607,601,605,614,619,626,624,625,613,609,609,604,618,616,603,609,641,651,658,666,661,652,646,640,643,641,654,659,657,663,648,652,663,657,307,317,318,331,306,310,314,320,318,317,317,317,331,318,318,325,319,323,318,329,317,318,305,309,313,318,317,316,316,316,331,318,317,324,317,321,317,328,315,316
17.68,632,632,633,633,623,613,607,601,606,614,619,626,624,625,613,609,610,604,619,616,603,610,641,651,658,665,661,651,646,639,643,640,653,658,657,663,647,651,663,656,307,317,319,332,306,310,314,320,319,318,317,317,332,319,319,326,319,323,319,330,317,318,305,309,313,319,318,317,317,317,331,318,318,325,318,322,318,329,316,317
17.72,632,632,633,633,623,614,608,601,606,614,620,626,624,625,613,609,610,604,619,616,603,610,641,651,657,665,660,651,645,639,643,640,653,658,656,662,647,651,662,656,308,318,320,334,307,311,315,321,320,319,318,318,334,320,320,327,320,324,320,331,318,319,307,310,314,320,319,318,318,318,333,320,319,326,319,323,319,330,317,318
17.76,632,633,633,634,623,614,609,603,608,615,620,626,624,626,614,609,611,605,619,615,604,611,641,651,656,663,658,649,645,639,643,640,651,657,654,661,647,651,661,654,308,319,325,340,307,311,315,323,321,320,319,319,339,324,323,331,323,327,324,336,319,320,306,310,314,322,321,319,319,318,339,324,323,330,322,326,323,335,318,319
17.8,634,634,635,635,624,615,609,603,608,617,621,627,625,627,615,609,612,605,620,616,605,612,643,653,658,665,659,651,646,641,646,643,653,660,656,663,648,654,662,655,307,318,333,349,307,311,316,325,324,320,319,318,348,333,329,337,328,331,331,343,320,321,306,310,314,323,322,319,318,318,347,332,328,335,326,329,330,342,318,320
17.84,635,636,636,637,626,616,610,604,609,617,622,629,626,628,616,610,613,606,622,617,606,613,645,655,660,666,661,653,648,642,648,644,655,662,657,665,650,656,664,657,308,319,334,350,308,312,317,326,325,321,320,319,349,333,330,338,328,332,332,344,321,322,307,311,315,324,323,320,319,319,348,333,329,336,327,330,331,343,319,321
17.88,636,637,637,638,626,616,610,603,609,618,623,629,627,629,617,610,613,606,622,618,606,613,646,656,662,668,663,654,650,644,649,645,656,663,659,666,651,657,666,658,309,320,332,348,308,312,317,326,325,321,320,320,347,332,329,337,328,331,331,343,321,322,307,311,316,324,323,320,320,320,347,331,328,335,327,330,330,342,320,321
17.92,637,637,638,639,627,617,611,605,610,619,624,630,628,630,618,612,614,608,623,619,607,614,646,656,662,669,664,655,650,644,649,646,657,664,660,667,652,658,667,660,311,322,329,345,310,314,318,325,324,322,322,322,344,329,327,335,326,330,328,340,322,322,310,313,317,324,323,321,321,321,343,328,326,333,325,328,327,339,320,321
17.96,638,638,639,640,628,618,612,605,610,619,624,631,630,631,618,613,614,609,624,621,607,614,647,658,664,671,666,657,652,646,650,647,659,665,662,669,654,658,669,662,311,321,325,340,310,314,318,324,323,322,321,321,340,325,324,332,324,328,325,337,321,321,310,313,316,322,321,320,321,321,339,325,323,330,322,326,324,335,319,320
18.0,638,639,639,640,628,618,612,605,610,619,624,631,630,631,618,613,614,608,624,621,607,614,647,658,664,672,667,658,652,646,650,647,660,665,663,669,654,659,670,663,312,322,325,339,311,314,318,323,322,321,321,322,339,325,324,331,323,327,324,336,320,321,310,313,316,321,320,320,321,321,338,324,322,329,322,325,323,334,318,320
18.04,637,637,638,639,627,617,611,604,609,617,623,630,629,630,617,612,613,607,623,620,606,613,647,657,664,671,666,657,651,645,649,646,659,664,662,668,653,658,669,662,312,322,326,340,311,314,318,323,322,321,322,322,340,325,324,331,323,327,325,336,320,321,310,313,316,321,321,320,321,321,339,325,323,330,322,325,324,335,319,320
18.08,636,637,637,638,626,616,610,603,608,617,622,629,628,629,616,612,612,607,622,619,605,612,646,656,662,670,665,656,650,644,648,645,658,663,661,667,652,657,667,661,314,323,327,341,313,316,319,324,323,323,323,323,341,327,325,332,325,328,326,338,321,322,312,315,318,322,322,322,322,323,340,326,324,331,324,327,325,336,320,321
18.12,636,637,637,638,626,616,610,603,608,616,622,629,628,629,616,611,612,606,622,619,605,612,646,656,662,670,665,656,650,644,648,645,657,663,661,667,652,656,667,660,316,325,329,343,315,318,321,326,325,325,325,325,343,329,327,335,327,330,328,340,323,324,314,317,320,324,324,324,324,325,342,328,326,333,325,328,327,338,322,323
18.16,636,637,637,638,626,616,610,603,608,616,622,629,628,629,616,611,612,606,622,619,605,612,646,656,663,670,665,656,650,644,648,645,658,663,661,667,652,657,667,660,317,327,332,347,316,320,323,328,328,327,327,327,347,332,331,338,330,333,331,343,326,326,316,318,321,326,326,326,326,327,346,332,329,336,328,331,330,342,324,325
18.2,636,636,637,638,626,616,610,603,608,617,622,629,627,629,616,611,612,606,622,618,605,612,645,655,662,669,664,655,650,643,648,645,657,663,660,666,651,656,667,659,320,329,336,351,319,322,325,331,330,329,329,329,350,335,334,341,333,336,335,346,328,329,318,321,324,330,329,328,329,329,349,335,332,339,331,334,334,345,327,328
18.24,636,637,637,638,626,616,610,603,608,617,622,629,628,629,616,611,612,606,622,619,605,612,646,656,663,670,665,656,650,644,648,645,658,663,661,667,652,657,668,660,320,330,336,351,319,322,326,332,331,330,330,330,350,336,334,341,333,336,335,347,329,330,319,321,325,330,330,329,329,330,349,335,333,340,332,335,334,345,327,329
18.28,637,637,638,639,627,617,611,604,609,617,623,630,629,630,617,612,613,608,623,620,606,613,646,657,663,671,666,657,651,645,649,646,658,664,662,668,653,657,668,661,321,330,333,348,320,323,327,332,331,330,330,330,347,333,332,339,332,335,333,344,329,330,319,322,325,329,329,329,329,330,347,333,331,338,330,333,332,343,327,328
18.32,636,637,637,638,626,617,610,604,609,617,623,629,628,629,616,612,613,607,622,619,606,613,646,656,662,670,665,656,650,644,648,645,657,663,661,667,652,656,667,660,321,331,334,349,320,323,327,332,331,331,331,331,348,334,333,340,333,336,334,345,330,330,320,322,326,331,330,330,330,330,348,334,332,339,332,335,333,344,328,329
18.36,636,637,637,638,627,618,612,605,609,618,624,630,629,629,617,613,614,608,623,620,607,613,646,656,663,670,665,656,650,644,648,645,658,663,661,667,652,656,668,661,323,333,334,348,322,325,329,334,332,332,332,333,348,334,334,340,333,337,334,345,331,332,322,325,328,332,331,331,332,332,347,334,333,339,332,336,333,344,330,331
18.4,637,637,638,638,628,618,612,606,610,619,624,630,629,630,618,614,614,609,623,621,608,614,646,656,662,670,665,656,651,644,648,645,658,663,661,667,652,656,667,661,324,333,334,348,323,326,330,334,333,333,333,333,347,334,334,341,334,337,334,345,332,333,322,325,328,332,331,332,332,333,347,334,333,339,332,335,333,343,330,331
18.44,637,637,638,639,628,619,613,606,611,619,625,631,629,630,618,614,615,609,624,621,608,615,646,656,662,669,665,656,650,644,648,645,658,663,661,667,652,656,667,660,323,333,334,348,322,326,329,334,333,332,333,333,347,334,334,340,334,337,334,344,332,332,322,324,328,332,331,331,332,332,347,334,332,339,332,335,333,343,330,331
18.48,636,637,637,638,627,618,612,606,610,619,624,630,629,630,618,613,614,609,623,620,608,614,645,655,661,668,664,655,650,644,647,645,657,662,660,666,651,655,666,660,323,332,333,347,322,325,329,334,332,332,332,332,347,333,333,340,333,337,333,344,331,332,321,324,327,332,331,331,331,332,346,333,332,338,332,335,332,343,330,330
18.52,635,635,636,636,626,617,611,605,610,618,623,629,627,628,617,612,614,608,622,619,607,614,644,654,660,666,662,653,648,642,646,643,655,660,658,664,650,654,664,657,320,330,333,348,319,323,327,333,331,330,330,330,347,333,333,340,332,336,333,344,330,330,319,322,326,332,331,330,330,330,347,333,332,339,332,335,333,344,329,330
18.56,635,635,635,636,626,616,611,605,610,618,623,628,626,628,617,612,614,608,622,618,607,614,644,653,659,666,661,653,647,642,646,643,654,660,657,664,649,654,664,657,319,329,334,349,318,321,326,332,331,329,329,329,348,334,332,340,332,336,333,345,329,329,318,321,325,332,330,329,329,329,348,334,332,339,332,335,333,344,328,329
18.6,634,635,635,636,625,616,610,605,609,617,622,628,626,628,616,611,613,607,621,618,606,613,644,653,659,666,661,653,648,642,645,643,654,660,658,664,649,654,664,657,320,330,334,348,319,322,326,332,331,330,330,330,348,333,332,340,332,336,333,344,329,330,319,322,326,332,331,330,330,330,348,333,332,339,332,335,333,344,329,330
18.64,634,635,635,635,625,616,610,604,608,616,622,628,626,627,615,611,612,607,621,618,606,612,643,653,659,667,662,653,648,641,645,643,655,660,659,664,649,653,665,658,322,331,332,346,320,324,327,332,331,331,331,331,345,332,332,338,332,335,332,343,330,331,320,323,327,332,331,331,331,331,345,332,332,338,331,335,332,342,330,330
18.68,634,634,635,635,625,616,610,604,608,616,622,628,626,627,615,611,612,607,621,618,606,612,643,652,659,666,661,652,647,641,644,642,654,659,658,663,649,653,664,657,320,330,331,345,319,322,326,331,329,329,329,330,344,331,330,337,330,334,331,341,328,329,319,322,326,331,330,329,330,330,344,331,330,337,330,334,331,341,328,329
18.72,633,634,634,634,624,616,610,604,609,617,622,627,625,627,615,611,612,607,621,617,606,613,642,651,658,665,660,651,646,640,644,641,653,658,656,662,648,652,662,656,320,330,331,345,319,322,325,331,329,329,329,329,345,331,330,337,330,334,331,342,328,329,319,322,326,331,330,329,330,329,345,331,331,337,331,334,331,341,329,329
18.76,633,633,634,634,624,615,610,604,608,616,621,627,625,627,615,610,612,607,620,617,606,612,642,651,657,663,659,650,645,639,643,641,652,657,655,661,647,651,661,654,322,332,334,348,321,324,328,333,332,331,331,332,347,334,333,340,333,336,333,344,331,331,320,323,327,333,331,331,331,331,347,333,333,339,332,336,333,344,330,331
18.8,632,632,633,633,624,615,610,605,610,617,621,627,624,626,616,611,613,607,620,616,607,613,640,649,655,661,656,648,643,638,642,640,650,656,653,659,645,650,659,652,322,333,337,351,321,325,329,335,334,333,333,333,351,336,335,343,335,339,336,347,332,333,321,325,329,335,334,333,333,333,350,336,335,342,335,338,336,347,332,333
18.84,631,631,632,632,622,614,609,604,609,616,620,625,623,625,615,610,612,606,619,615,606,613,639,648,653,659,655,647,642,637,641,638,649,654,652,658,644,649,657,651,324,334,339,354,323,326,330,337,335,334,334,334,353,338,337,344,336,340,338,349,333,334,323,326,330,337,335,334,334,334,352,338,337,344,337,340,338,349,333,334
18.88,630,631,631,631,622,613,609,604,609,615,620,625,622,624,614,609,612,606,619,614,605,612,639,648,653,659,654,646,642,636,640,638,648,654,651,657,643,648,657,650,325,335,341,356,323,327,331,337,336,334,334,334,355,340,338,345,337,341,339,351,334,334,323,327,331,337,336,335,334,334,355,340,338,345,338,341,339,351,334,335
18.92,629,629,630,630,620,612,607,603,608,614,618,623,621,623,613,607,611,604,617,613,604,611,638,647,652,657,652,645,640,635,639,637,647,653,649,656,642,647,655,648,323,333,341,357,322,325,329,336,335,333,333,333,355,341,338,345,337,340,339,351,332,333,322,326,330,337,336,334,333,333,355,341,339,346,338,341,340,351,333,334
18.96,629,629,630,630,620,612,607,603,608,614,618,623,621,623,614,608,611,605,618,613,604,611,638,646,651,656,651,644,640,635,639,636,646,652,648,655,642,647,655,648,322,332,340,356,321,325,328,335,334,332,332,332,355,340,338,345,336,340,339,350,332,332,321,325,329,336,335,333,332,332,355,340,338,345,337,340,339,351,332,333
19.0,629,630,630,631,621,612,608,604,609,615,619,624,622,624,614,609,612,606,618,614,605,612,638,647,653,658,652,645,641,636,640,637,647,653,650,656,643,648,656,649,320,330,337,353,319,322,326,333,332,330,330,330,352,337,335,342,334,337,336,348,330,330,319,322,326,333,332,330,330,330,351,337,335,342,334,337,336,347,330,331
19.04,630,630,631,631,621,612,608,603,608,615,619,624,622,624,614,609,611,605,618,615,604,611,638,647,653,659,654,646,642,636,640,637,648,654,650,657,643,648,657,650,318,328,334,349,317,321,325,331,330,329,328,328,348,334,332,339,332,335,333,344,328,329,317,321,325,332,330,329,328,328,348,334,332,339,332,335,333,344,328,329
19.08,627,628,628,629,619,610,605,600,605,612,616,622,619,621,611,606,608,602,615,612,601,608,636,646,652,658,653,645,640,634,638,635,647,652,650,656,642,646,656,649,320,330,335,350,319,322,326,332,331,330,330,330,349,335,333,340,332,336,334,345,329,330,319,323,327,333,332,331,330,330,349,335,334,341,333,337,334,346,330,331
19.12,626,627,627,628,617,609,603,598,602,610,615,620,618,620,609,604,606,600,614,610,599,606,635,645,651,658,653,644,639,634,638,635,646,652,650,656,641,646,656,649,322,332,338,353,320,323,327,333,332,331,331,332,352,337,335,342,334,337,336,348,330,331,321,324,328,334,333,332,332,332,352,337,336,343,335,338,337,348,331,332
19.16,626,627,627,627,617,608,603,597,602,610,614,620,618,620,609,603,606,600,613,610,599,606,635,645,652,659,654,645,640,634,638,635,647,653,650,656,641,646,657,649,322,332,338,353,321,323,327,332,331,331,331,332,352,337,335,342,334,337,336,348,329,331,321,325,328,334,333,332,332,332,352,337,336,343,335,338,337,348,331,332
19.2,626,627,627,628,617,608,602,596,601,609,614,620,618,619,608,603,605,599,613,609,598,605,635,646,652,660,655,646,640,634,638,635,648,653,651,657,642,646,658,651,323,332,337,352,321,324,327,332,331,331,332,332,351,336,334,341,333,336,335,347,329,331,321,325,328,334,333,332,332,332,351,336,335,342,334,338,336,347,331,332
19.24,626,627,627,628,617,607,602,595,600,609,614,620,617,619,607,602,604,598,613,609,597,604,636,646,652,660,654,646,640,634,638,635,647,653,651,657,642,647,657,650,320,330,338,353,319,321,325,331,330,329,329,330,352,337,334,341,333,336,336,348,327,329,319,322,326,332,331,330,330,330,352,337,335,342,334,337,336,348,329,330
19.28,627,627,627,628,617,607,601,595,600,608,614,620,617,619,607,602,604,598,613,609,597,604,636,646,653,660,655,646,641,634,638,636,648,654,651,658,642,647,658,650,318,328,336,351,316,319,322,328,328,327,327,327,350,335,332,339,331,334,334,346,325,326,317,320,324,330,329,328,328,328,350,335,333,340,332,335,334,346,327,328
19.32,626,627,627,627,617,607,601,595,600,608,613,619,618,619,607,603,604,598,613,609,597,604,636,646,652,660,655,646,640,634,637,635,647,653,651,657,642,646,657,650,316,325,330,344,314,317,320,325,325,324,324,325,343,329,327,334,326,330,328,339,323,324,314,318,321,327,326,325,325,325,343,329,328,335,327,331,329,340,324,325
19.36,625,626,626,627,616,606,600,593,597,606,612,618,617,618,605,601,602,596,611,608,595,601,635,646,653,661,656,647,641,634,637,634,648,653,652,657,642,645,658,652,312,321,323,337,311,313,316,320,319,320,320,321,336,323,321,328,321,324,322,333,318,319,311,314,317,322,321,320,321,321,336,323,322,329,322,325,322,333,319,320
19.4,625,626,626,626,616,606,600,593,598,606,612,618,617,618,605,601,602,596,611,608,595,601,635,645,652,660,655,646,640,633,636,634,647,652,651,657,641,645,658,651,307,316,319,332,305,308,311,316,315,315,315,316,331,318,317,324,316,319,317,328,313,314,306,309,312,317,316,316,316,316,332,318,318,324,317,321,318,329,315,316
19.44,625,625,626,626,615,606,599,593,598,606,612,618,617,618,605,601,602,596,611,608,595,601,635,645,652,660,655,646,640,633,636,634,647,652,651,657,641,645,657,651,303,313,316,330,302,305,308,314,313,312,312,313,329,316,315,321,314,318,315,326,311,312,302,305,309,315,314,313,313,313,329,316,315,322,315,318,315,326,312,313
19.48,624,625,625,626,615,606,600,594,599,607,612,618,616,618,606,601,602,596,611,607,595,602,634,645,651,659,654,645,639,632,636,634,646,652,650,656,641,645,657,649,301,311,317,332,299,303,307,314,313,311,311,311,331,316,315,322,314,318,316,327,310,311,300,303,308,315,314,312,312,311,331,316,315,322,315,318,316,327,311,312
19.52,623,624,625,625,614,605,599,593,598,606,611,617,615,617,605,600,602,596,610,606,594,602,633,644,651,659,654,644,638,632,636,633,646,652,650,656,640,645,656,649,299,310,315,330,298,301,305,312,311,310,310,310,329,314,313,320,313,316,314,325,309,310,298,302,306,313,312,311,310,310,329,314,314,321,313,317,314,326,310,311
19.56,621,622,622,623,612,603,597,591,596,604,609,615,613,615,603,598,600,594,608,604,593,600,631,641,648,656,651,642,636,629,633,630,643,649,647,653,637,642,654,646,298,309,314,329,296,300,305,312,311,309,309,309,328,313,312,320,312,316,313,324,308,309,297,301,306,313,312,310,309,309,328,313,313,320,313,317,313,325,309,311
19.6,620,621,622,622,611,601,596,590,595,603,608,614,612,614,602,596,599,593,607,603,592,599,630,641,648,656,650,641,635,629,633,630,643,649,646,653,637,642,653,646,296,307,315,331,295,299,303,311,310,308,307,307,330,315,313,320,312,316,314,326,307,308,295,300,305,313,312,309,308,308,330,315,314,321,314,317,315,327,309,310
19.64,619,620,620,621,610,600,595,589,595,602,607,613,610,612,601,596,598,592,606,602,591,598,629,640,647,654,649,640,634,627,631,628,641,647,645,652,636,640,652,644,296,308,316,331,295,299,304,312,311,308,308,308,330,315,314,321,313,316,314,326,307,309,296,300,305,314,313,310,309,308,331,316,315,322,314,318,315,327,309,310
19.68,620,621,621,621,610,601,595,589,595,602,607,614,611,613,601,596,598,592,607,603,591,598,630,641,648,657,651,642,635,628,632,630,643,649,647,654,637,642,654,647,298,308,315,330,296,300,304,311,310,309,308,308,329,315,313,320,312,315,314,325,307,309,297,301,306,314,313,310,309,309,330,315,314,322,314,318,315,326,310,311
19.72,621,621,622,622,611,601,595,590,595,603,608,614,612,614,602,597,599,593,607,604,591,599,631,642,649,658,652,642,636,629,633,630,644,650,648,654,638,642,655,648,299,310,315,330,298,301,305,312,311,310,309,310,329,314,313,321,313,316,314,325,309,310,298,302,307,314,313,311,310,310,329,315,314,322,314,318,314,326,310,311
19.76,622,623,623,624,612,603,597,592,597,604,609,615,614,615,604,598,601,594,609,605,593,600,632,643,651,659,653,644,638,631,634,632,645,651,649,656,639,644,656,649,304,315,320,335,302,306,310,317,316,315,314,314,334,319,318,326,318,321,319,331,314,315,302,306,311,318,317,315,315,315,334,320,319,326,318,322,319,331,314,316
19.8,623,624,625,625,614,604,599,594,599,607,611,617,615,617,606,600,603,597,611,607,595,603,633,644,651,658,653,644,638,631,636,633,646,652,649,656,640,645,656,648,308,319,325,341,307,310,315,322,321,320,319,319,340,324,323,331,323,326,324,336,319,320,307,311,316,323,322,320,320,319,340,325,324,331,323,327,324,336,319,320
19.84,624,624,625,625,614,605,600,595,600,607,612,618,615,617,606,601,604,597,611,607,596,604,633,643,650,657,652,643,637,631,635,632,645,650,648,654,639,644,654,647,313,325,329,345,312,315,320,328,326,325,324,324,344,328,327,335,327,331,328,340,324,325,312,316,321,329,327,326,325,325,344,329,328,336,328,332,328,341,325,326
19.88,623,623,624,624,614,605,600,594,599,607,611,617,614,616,605,600,602,597,610,607,596,603,632,642,649,656,652,642,636,630,633,631,644,649,648,654,638,642,654,647,320,330,332,347,318,321,325,331,329,329,330,330,346,331,331,338,330,334,331,342,328,329,319,323,327,334,332,331,331,331,346,332,332,340,332,337,332,344,331,331
19.92,622,623,623,623,614,605,599,593,598,606,611,616,614,616,605,600,601,596,610,606,595,602,632,642,648,656,651,642,636,629,633,631,644,648,647,653,638,641,653,647,324,334,336,350,323,325,329,334,333,333,333,334,349,335,334,341,334,337,334,345,332,333,323,327,331,337,335,335,335,334,349,336,336,343,336,340,336,347,334,335
19.96,622,622,623,622,613,605,599,593,597,605,610,616,613,615,604,599,601,596,609,605,595,601,631,641,647,654,650,640,635,629,632,630,642,647,646,652,637,640,652,645,327,337,338,353,325,328,331,337,335,336,336,337,351,338,337,343,336,340,337,348,334,335,326,330,334,340,339,338,338,337,352,339,339,346,339,343,339,350,337,338
20.0,622,622,623,623,614,605,600,595,599,607,611,616,614,616,606,600,603,597,610,606,596,603,631,640,646,653,649,640,634,629,632,630,642,647,645,651,636,640,651,644,327,337,340,355,325,328,332,338,336,336,336,337,354,340,338,345,338,341,339,350,335,336,326,330,335,342,340,338,338,338,355,341,341,348,341,345,341,352,338,339
20.04,622,622,623,623,613,604,599,594,599,607,611,616,613,615,605,599,603,596,610,605,596,603,631,641,647,654,649,640,635,629,633,630,642,648,645,651,636,641,651,644,325,336,343,359,324,327,330,337,336,335,335,335,357,343,340,347,339,342,341,353,334,335,325,329,333,341,339,337,336,336,359,343,342,350,341,345,343,355,337,338
20.08,623,623,623,623,614,605,600,594,600,607,611,617,613,616,606,600,603,596,610,605,596,603,632,642,648,655,649,641,636,630,634,631,643,649,646,652,637,642,652,645,324,334,343,359,322,325,329,337,336,334,334,334,358,342,340,347,338,341,341,353,333,334,323,327,332,340,338,336,335,335,359,343,341,349,340,344,342,355,335,336
20.12,623,624,624,624,614,605,600,594,599,607,612,617,614,616,606,599,603,596,610,605,596,603,633,643,649,655,650,641,636,631,634,632,643,649,646,653,638,643,653,646,324,334,344,360,322,325,329,336,335,334,333,334,358,343,340,347,338,341,341,354,332,334,323,327,331,339,338,335,335,334,359,343,342,349,340,344,343,355,335,336
20.16,625,625,625,625,615,606,601,594,600,608,612,618,614,617,606,600,603,596,611,606,596,604,635,644,650,657,651,643,638,632,636,633,645,651,648,655,639,645,654,647,324,335,347,363,323,325,329,337,336,334,334,334,362,346,342,349,340,343,344,356,333,334,323,327,332,340,338,336,335,335,362,347,344,351,342,345,346,358,335,336
20.2,624,625,625,625,615,606,601,595,600,608,613,618,615,617,607,600,604,597,611,606,597,604,634,644,650,656,651,642,637,632,636,633,644,651,647,654,639,644,654,647,325,336,347,363,324,327,331,338,337,335,335,335,361,346,342,349,341,343,344,356,334,335,324,328,333,341,339,337,336,336,362,347,344,351,343,346,345,358,337,337
20.24,625,625,625,625,615,606,601,595,600,608,612,618,615,617,607,600,604,597,611,606,597,604,634,644,650,657,652,643,638,632,636,633,645,651,648,655,639,645,655,647,327,337,349,364,325,328,332,339,338,336,336,336,363,348,344,351,342,345,346,358,335,336,326,330,334,342,341,338,337,337,364,348,346,353,344,347,347,359,338,339
20.28,625,626,626,626,616,607,601,596,601,609,613,619,616,618,607,601,604,598,612,607,597,605,635,645,651,658,653,644,639,633,637,634,646,652,649,656,640,645,656,648,328,339,349,364,327,330,333,340,339,338,338,338,363,348,344,351,343,345,346,358,336,338,327,331,335,343,341,339,339,339,364,348,346,353,344,348,347,359,339,340
20.32,626,626,626,626,616,607,602,596,601,609,614,619,616,619,608,602,605,598,613,608,598,605,635,645,651,658,653,644,639,633,637,634,646,652,649,656,641,646,656,649,329,339,348,364,328,330,334,340,340,338,338,339,362,347,344,351,342,345,346,358,337,338,328,332,336,343,342,340,339,339,363,348,346,353,344,348,347,359,339,340
20.36,627,627,627,628,618,609,603,596,601,609,614,620,618,620,608,603,605,599,613,609,598,605,636,646,652,659,654,645,640,634,638,635,647,653,651,657,642,646,657,650,330,340,345,361,328,331,334,339,338,338,339,340,359,344,342,349,341,344,343,355,336,338,329,333,336,342,341,340,340,340,360,345,344,351,343,346,344,356,339,340
20.4,628,628,629,629,619,609,603,597,602,610,615,621,619,621,609,604,606,600,614,611,599,606,638,648,655,662,657,648,642,636,639,637,650,655,653,659,644,648,660,653,330,339,342,357,328,330,333,338,337,337,338,339,355,341,339,346,338,342,340,351,335,336,329,332,335,340,339,339,339,339,356,342,341,348,340,344,341,353,338,338
20.44,628,628,629,629,619,609,603,597,602,610,615,621,619,621,609,605,606,600,614,611,599,605,637,648,654,662,657,648,642,636,639,636,649,654,653,659,644,647,659,653,330,339,341,355,329,331,333,337,336,337,338,339,354,340,338,345,338,341,339,350,335,336,329,332,335,340,338,338,339,339,354,341,340,347,340,343,340,351,337,338
20.48,629,629,629,630,619,610,604,597,602,610,616,622,620,621,609,605,606,600,615,611,599,606,638,648,655,662,657,648,643,636,639,637,650,655,653,659,644,648,660,653,332,341,343,357,330,332,335,339,338,339,339,340,356,343,341,347,340,343,342,353,337,338,330,333,336,340,339,339,340,340,357,343,341,348,341,344,342,353,338,339
20.52,629,630,630,630,620,610,604,597,602,611,616,622,620,622,610,605,606,600,615,611,599,606,639,649,655,663,658,649,643,637,640,638,650,656,654,660,645,649,660,653,333,342,347,362,331,333,336,340,340,340,340,341,360,346,343,350,342,345,345,356,338,339,331,334,337,342,341,341,341,341,361,346,344,351,343,346,345,357,339,340
20.56,629,630,630,631,620,610,604,598,603,611,616,623,620,622,610,605,607,601,616,612,600,607,639,649,656,663,658,649,644,637,641,638,651,657,654,661,645,650,661,654,333,342,348,363,331,333,336,340,340,340,340,341,362,347,344,351,342,345,346,357,338,339,331,334,337,343,342,341,341,342,362,348,345,352,344,347,347,358,340,341
20.6,630,630,631,631,620,611,605,599,604,612,617,623,621,623,611,606,608,602,616,613,600,607,639,650,656,664,658,649,644,638,641,639,651,657,655,661,645,650,661,654,332,341,346,361,330,333,336,340,339,340,340,341,360,345,343,350,342,345,344,356,338,339,331,334,337,342,341,341,341,341,360,346,344,351,343,346,345,356,339,340
20.64,629,629,630,630,619,610,604,598,603,611,616,622,620,622,610,605,607,601,615,612,600,607,638,649,655,663,658,649,643,637,640,638,650,656,654,660,645,649,660,653,331,340,343,358,329,331,334,338,338,338,339,339,357,343,340,347,340,343,342,353,336,337,330,333,336,341,340,339,340,340,357,343,342,349,341,345,343,354,338,339
20.68,629,630,630,630,620,611,605,599,604,612,617,623,621,622,611,606,608,602,616,612,601,608,639,648,655,662,657,648,643,637,640,638,650,655,653,659,644,649,660,652,330,339,343,359,328,330,334,339,338,338,338,339,357,343,341,348,340,343,342,353,336,337,329,332,335,341,340,339,339,339,358,343,342,349,341,345,343,354,338,339
20.72,628,629,629,630,619,610,605,599,604,612,616,622,620,622,610,605,607,601,615,612,600,607,638,648,654,661,656,647,642,636,640,637,649,655,652,659,644,648,659,651,330,339,345,361,328,331,334,340,339,338,338,339,359,344,342,349,341,344,343,355,337,338,328,332,335,341,340,339,339,339,360,345,343,350,342,345,344,356,338,339
20.76,628,628,629,629,619,610,605,600,605,612,616,622,620,621,611,606,608,602,616,612,601,608,637,647,652,659,654,646,641,635,638,636,647,653,650,656,642,647,657,650,330,340,344,360,328,331,334,340,339,338,339,339,358,344,342,349,341,344,343,354,337,338,329,332,336,342,340,339,339,339,359,344,343,350,342,346,344,355,339,339
20.8,627,627,628,628,618,609,605,600,605,611,616,621,619,621,611,605,608,602,615,611,601,608,636,646,651,658,653,645,640,634,638,635,646,652,649,656,641,646,656,649,330,340,345,360,329,331,335,340,339,339,339,339,359,344,342,349,341,344,343,355,337,338,329,333,336,342,341,340,340,340,360,345,343,351,343,346,344,356,339,340
20.84,628,628,629,629,619,610,605,600,605,612,617,622,619,621,611,606,609,602,616,611,602,609,637,646,652,658,653,645,640,635,639,636,647,653,650,656,642,647,656,649,330,339,347,363,328,331,334,341,340,339,339,339,362,347,344,351,342,345,345,357,337,338,328,332,336,343,341,340,339,339,362,347,345,352,344,347,346,358,339,340
20.88,628,629,629,629,619,610,605,599,605,612,617,622,619,621,611,605,608,602,616,611,601,609,637,647,652,659,653,645,641,635,640,636,647,654,650,657,642,648,656,649,329,339,351,367,327,331,334,341,340,338,338,339,365,350,346,353,344,347,348,360,337,339,328,331,335,343,342,339,339,339,366,350,347,354,345,348,349,361,339,340
20.92,629,629,630,630,619,610,605,599,604,612,617,622,620,622,611,605,608,601,616,611,601,608,638,648,654,661,655,647,642,636,641,638,649,655,652,659,644,649,658,651,329,339,350,366,327,330,334,340,339,338,338,338,364,349,345,352,343,346,348,359,337,338,328,331,335,342,341,339,339,339,365,350,346,354,345,348,348,360,338,339
20.96,629,629,630,630,620,610,605,599,604,612,617,623,621,622,611,606,608,602,616,612,601,608,638,648,655,662,657,648,643,637,640,638,650,655,653,659,644,649,660,653,330,340,344,359,328,331,334,339,338,338,339,339,358,343,341,348,340,343,342,354,336,338,329,332,335,341,339,339,339,339,358,344,342,349,341,345,343,354,338,339
21.0,629,629,629,630,619,610,604,598,602,610,616,622,620,622,610,605,606,601,615,612,599,606,638,649,655,663,658,649,643,636,640,637,650,655,654,660,644,648,660,653,330,340,342,356,329,331,334,338,337,337,338,339,355,341,339,346,339,342,340,352,335,337,329,332,335,340,339,339,339,339,356,342,340,347,340,343,341,352,337,338
21.04,629,629,630,630,620,610,604,598,602,611,616,622,621,622,610,605,607,601,615,612,600,606,638,649,655,663,658,649,643,637,640,638,650,656,654,660,645,649,660,654,330,339,342,356,328,331,334,338,337,337,338,339,355,341,339,346,339,342,340,352,335,337,329,332,335,339,338,338,339,339,356,342,340,347,340,343,341,352,337,338
21.08,629,630,630,630,620,610,605,598,603,611,616,623,621,622,610,606,607,601,616,612,600,607,639,649,655,662,658,648,643,637,640,638,650,655,654,660,644,649,660,653,329,339,342,356,328,330,333,338,337,337,338,338,355,341,339,346,338,342,340,351,335,336,328,331,335,340,338,338,338,339,355,341,340,347,340,343,341,352,337,338
21.12,629,630,630,631,620,611,605,599,603,612,617,623,621,622,611,606,607,602,616,613,601,607,639,649,655,662,658,648,643,637,640,638,650,656,654,660,645,649,660,653,329,338,341,356,327,330,333,337,336,337,337,338,355,341,339,346,338,341,340,351,335,336,328,331,334,339,338,338,338,338,355,341,340,347,339,343,340,352,336,337
21.16,629,630,630,631,620,611,606,600,604,612,617,623,622,623,611,607,608,603,616,614,601,608,639,649,655,663,658,649,643,637,641,638,651,656,654,660,645,649,660,654,329,338,339,353,327,330,333,338,337,337,337,338,352,339,338,345,338,341,338,349,335,336,328,330,334,338,337,337,338,338,353,339,338,345,338,342,339,349,336,337
21.2,629,629,630,630,620,610,605,598,602,611,616,622,621,622,610,606,606,601,615,613,600,606,638,649,655,664,659,649,643,637,640,638,651,656,655,660,645,649,661,654,329,338,339,353,328,330,333,337,336,337,337,338,352,339,338,344,337,340,338,349,335,336,328,331,334,338,337,337,338,338,352,339,338,344,338,341,338,349,336,337
21.24,629,630,630,631,620,611,605,598,602,611,616,623,621,622,610,606,606,601,616,613,600,606,639,649,656,664,660,650,644,637,641,638,652,656,655,661,646,649,662,655,329,338,338,352,328,330,332,336,335,336,337,337,351,338,337,343,336,339,337,348,334,335,328,330,333,336,335,336,337,337,351,338,337,343,336,340,337,348,334,335
21.28,629,630,630,631,620,610,604,598,602,611,616,623,621,622,610,606,606,601,615,613,600,606,639,649,656,664,660,650,644,637,640,638,652,656,656,661,645,649,662,655,329,337,338,351,327,329,332,335,334,335,336,337,350,337,336,342,335,338,337,347,333,334,327,330,332,336,335,335,336,337,350,338,336,343,336,339,337,347,334,335
21.32,629,630,630,631,620,610,604,598,602,611,616,623,621,622,610,606,606,601,615,613,600,606,639,649,656,664,660,650,644,637,641,638,652,656,656,661,646,649,662,655,328,337,337,350,327,329,331,334,334,335,335,336,350,337,335,342,335,338,336,346,333,334,327,329,332,335,334,335,336,336,350,337,336,342,335,338,336,347,333,334
21.36,629,630,630,630,619,610,604,597,601,610,616,622,621,622,609,605,606,601,615,612,599,605,639,649,656,664,660,650,644,637,640,638,652,656,655,661,645,649,662,655,328,337,337,350,327,329,331,334,333,334,335,336,349,337,335,341,335,337,336,346,332,333,327,329,331,335,334,335,336,336,349,337,336,342,335,338,336,346,333,334
21.4,629,630,630,630,620,610,604,597,601,610,616,622,621,622,609,605,606,600,615,612,599,605,639,649,656,664,660,650,644,637,640,638,652,656,655,661,645,649,662,655,328,336,337,350,327,328,331,334,333,334,335,336,349,337,335,341,334,337,336,346,332,333,327,329,331,334,334,334,335,336,349,337,335,342,335,338,336,346,333,334
21.44,629,629,630,630,619,610,604,597,601,610,616,622,621,622,609,605,606,600,615,612,599,605,639,649,656,664,660,650,644,637,640,638,651,656,655,661,645,649,661,655,328,336,337,350,326,328,331,334,333,334,335,336,349,336,335,341,334,337,336,346,332,333,326,329,331,335,334,335,335,336,349,337,335,342,335,338,336,346,333,334
21.48,629,630,630,630,620,610,604,597,602,610,616,622,621,622,609,605,606,601,615,612,599,606,639,649,656,664,660,650,644,637,640,638,651,656,655,661,645,649,661,655,328,336,337,350,326,328,330,334,333,334,335,336,349,336,335,341,334,337,335,346,332,333,326,329,331,334,334,334,335,336,349,336,335,341,335,338,336,346,333,334
21.52,630,630,631,631,620,611,605,598,603,611,617,623,622,623,610,606,607,602,616,613,600,607,639,649,656,664,660,650,644,638,641,639,652,656,656,661,646,649,662,655,328,336,336,349,326,328,331,334,333,334,335,335,349,336,335,341,334,337,335,345,332,333,326,328,331,335,334,334,335,336,349,336,335,341,335,338,336,346,333,334
21.56,630,631,631,632,621,612,606,599,604,612,618,624,622,624,611,607,608,603,617,614,601,608,640,650,657,665,660,651,645,638,641,639,652,657,656,661,646,650,662,656,327,335,336,349,326,328,331,334,333,334,334,335,348,336,335,341,334,337,335,345,332,333,326,328,331,335,334,334,335,335,348,336,335,341,335,338,335,345,333,334
21.6,631,631,632,632,622,612,606,600,604,613,618,624,623,624,612,608,608,603,617,615,602,608,640,650,657,665,660,651,645,639,642,640,652,657,656,662,647,650,662,656,327,335,336,349,325,328,331,335,334,334,335,335,348,336,335,341,335,338,335,345,333,334,325,328,331,335,334,334,335,335,348,336,335,341,335,338,335,345,333,334
21.64,631,632,632,632,622,613,607,600,604,613,618,625,623,624,612,608,608,603,617,615,602,608,641,651,657,665,660,651,645,639,642,640,653,657,656,662,647,650,662,656,327,335,336,349,325,328,331,335,334,334,335,335,348,336,335,341,335,338,335,345,333,334,325,328,330,334,333,334,334,335,348,335,335,341,334,337,335,345,332,333
21.68,631,631,632,632,622,612,606,600,604,613,618,624,623,624,612,607,608,603,617,614,602,608,640,650,657,665,660,651,645,639,642,640,652,657,656,661,646,650,662,656,326,335,336,349,325,328,331,335,334,334,334,335,348,336,335,341,335,338,335,345,333,333,325,327,330,334,333,334,334,335,348,335,334,341,334,337,335,345,332,333
21.72,631,631,632,632,622,612,606,600,604,613,618,624,623,624,611,607,608,603,617,614,602,608,640,650,657,664,660,651,645,639,642,640,652,657,656,661,646,650,662,656,327,335,336,349,325,328,331,335,334,334,334,335,348,336,335,341,334,338,335,345,333,333,325,327,330,334,333,334,334,335,348,335,334,341,334,337,335,345,332,333
21.76,631,631,632,632,622,612,606,599,604,612,618,624,622,624,611,607,608,603,617,614,601,608,640,650,657,664,660,651,645,638,641,639,652,657,656,661,646,650,662,656,326,335,335,348,325,327,330,334,333,334,334,335,348,335,334,341,334,337,335,345,332,333,325,327,330,334,333,333,334,334,348,335,334,340,334,337,335,345,332,333
21.8,631,631,631,632,622,612,606,599,604,612,618,624,622,624,611,607,608,603,617,614,601,608,640,650,657,664,660,650,645,638,641,639,652,657,656,661,646,650,662,655,326,334,335,348,325,327,330,334,333,333,334,334,347,335,334,340,334,337,334,344,332,333,324,327,330,334,333,333,334,334,347,335,334,340,334,337,334,344,332,333
21.84,630,631,631,632,621,612,606,599,604,612,618,624,622,624,611,607,608,603,617,614,601,608,640,650,656,664,660,650,644,638,641,639,652,657,656,661,646,650,662,655,325,334,335,348,324,327,330,334,333,333,333,334,347,335,334,340,334,337,334,344,332,333,324,326,329,334,333,333,333,334,347,334,334,340,333,337,334,344,332,332
21.88,630,631,631,632,621,612,606,599,604,612,618,624,622,623,611,607,608,603,617,614,601,608,640,650,656,664,660,650,644,638,641,639,652,656,655,661,646,649,661,655,325,334,334,347,324,326,329,334,333,333,333,333,346,334,333,340,333,337,334,344,332,332,323,326,329,333,332,332,333,333,346,334,333,339,333,336,333,343,331,332
21.92,630,631,631,631,621,612,606,599,603,612,617,624,622,623,611,607,607,602,617,614,601,607,639,649,656,664,660,650,644,638,641,639,652,656,655,661,646,649,661,655,325,333,334,347,323,326,329,334,332,333,333,333,347,334,333,340,333,337,334,344,331,332,323,326,329,333,332,332,333,333,346,334,333,339,333,336,333,343,331,332
21.96,630,630,631,631,621,611,606,599,603,612,617,623,622,623,611,607,607,602,616,614,601,607,639,649,656,664,659,650,644,637,641,638,651,656,655,661,645,649,661,655,324,333,334,347,323,326,329,333,332,332,333,333,346,334,333,340,333,336,333,344,331,332,323,326,329,333,332,332,332,333,346,334,333,339,333,336,333,343,331,331
22.0,630,630,631,631,620,611,605,599,603,612,617,623,622,623,611,607,607,602,616,614,601,607,639,649,656,664,659,650,644,637,641,638,651,656,655,661,645,649,661,655,324,333,334,346,323,326,329,333,332,332,332,333,346,333,333,339,333,336,333,343,331,332,322,325,328,332,331,332,332,332,346,333,332,339,332,335,333,343,330,331
22.04,629,630,630,631,620,611,605,599,603,612,617,623,622,623,611,607,607,602,616,613,601,607,639,649,656,664,659,650,644,637,641,638,651,656,655,661,645,649,661,655,324,332,333,346,322,325,328,333,332,332,332,332,346,333,332,339,332,336,333,343,331,331,322,325,328,332,331,331,332,332,345,333,332,338,332,335,332,342,330,331
22.08,629,630,630,631,620,611,605,599,603,611,617,623,621,623,610,606,607,602,616,613,601,607,639,649,656,664,659,649,644,637,640,638,651,656,655,661,645,649,661,655,323,332,333,346,322,325,328,333,331,332,332,332,345,333,332,339,332,336,332,343,330,331,322,325,328,332,331,331,332,332,345,333,332,338,332,335,332,342,330,331
22.12,629,630,630,630,620,611,605,599,603,611,617,623,621,622,610,606,607,602,616,613,601,607,638,648,655,663,659,649,643,637,640,638,651,656,655,660,645,648,661,654,323,332,332,345,322,325,328,332,331,331,331,332,345,332,332,338,332,335,332,342,330,331,322,324,327,332,331,331,331,332,345,332,332,338,331,335,332,342,330,330
22.16,629,630,630,630,620,611,605,599,603,611,617,623,621,622,610,606,607,602,616,613,600,607,638,648,655,663,659,649,643,637,640,638,651,656,655,660,645,649,661,654,323,332,332,345,321,324,327,332,331,331,331,331,345,332,332,338,331,335,332,342,330,330,321,324,327,331,330,330,331,331,344,332,331,337,331,334,331,342,329,330
22.2,629,629,630,630,620,611,605,599,603,611,616,623,621,622,610,606,607,602,616,613,600,607,638,648,655,663,659,649,643,637,640,638,651,656,655,660,645,649,661,654,322,331,332,345,321,324,327,331,330,330,331,331,344,332,331,337,331,334,331,341,329,330,321,324,327,331,330,330,331,331,344,332,331,337,331,334,331,341,329,330
22.24,629,630,630,631,620,611,605,599,603,611,617,623,621,622,610,606,607,602,616,613,601,607,638,648,655,663,659,649,643,637,640,638,651,656,654,660,645,649,661,654,321,330,331,344,320,323,326,331,330,330,330,330,344,331,330,337,330,334,331,341,329,329,320,323,326,330,329,329,330,330,343,331,330,336,330,333,330,340,328,329
22.28,629,630,630,631,620,611,605,599,603,611,617,623,622,623,611,607,607,602,616,613,601,607,638,649,655,663,659,649,643,637,640,638,651,656,655,660,645,649,661,654,321,330,330,343,319,322,326,331,329,329,329,330,343,330,330,336,330,333,330,340,328,329,319,322,325,330,329,329,329,329,343,330,330,336,329,333,330,340,328,328
22.32,629,630,630,631,620,611,605,599,604,612,617,623,622,623,611,607,608,602,616,613,601,607,639,649,656,663,658,649,644,637,640,638,651,656,654,660,645,649,661,654,320,330,330,344,319,322,326,330,329,329,329,330,343,330,330,336,330,333,330,340,328,329,319,322,325,330,329,329,329,329,343,330,329,336,329,333,330,340,327,328
22.36,629,630,630,631,620,611,605,599,603,611,617,623,622,623,610,606,607,602,616,613,601,607,639,649,656,663,659,649,644,637,640,638,651,656,655,660,645,649,661,654,318,328,329,342,317,320,324,329,328,327,327,328,342,329,328,335,328,332,328,339,326,327,317,320,324,328,327,327,327,328,341,329,328,334,328,331,328,338,326,327
22.4,629,630,630,631,620,610,604,598,603,611,616,623,621,622,610,606,607,601,616,613,600,606,638,649,656,664,659,649,643,637,640,638,651,656,655,661,645,649,661,654,317,326,327,340,316,319,322,327,326,326,326,326,340,327,327,333,327,330,327,337,325,326,315,318,322,327,326,325,326,326,340,327,326,333,326,330,326,337,324,325
22.44,629,629,630,630,619,610,604,599,603,611,616,622,621,622,610,606,607,602,616,613,600,607,638,648,655,663,658,649,643,636,640,637,650,655,654,660,644,648,660,654,315,324,325,339,314,317,321,326,324,324,324,324,338,325,325,332,325,329,325,335,323,324,313,316,320,325,324,324,324,324,338,325,325,331,324,328,325,335,323,323
22.48,628,629,629,630,619,610,604,598,602,611,616,622,621,622,610,606,606,601,615,612,600,606,638,648,655,663,658,649,643,636,640,637,650,655,654,660,644,648,660,653,313,322,323,337,312,315,319,324,323,322,322,322,336,323,323,330,323,327,323,334,321,322,311,315,318,323,322,322,322,322,336,323,323,329,323,326,323,333,321,322
22.52,629,629,630,631,620,611,605,599,603,611,617,623,621,622,610,606,607,602,616,613,601,607,638,648,655,663,658,649,643,637,640,638,651,656,654,660,645,649,660,654,312,321,323,336,311,314,318,323,322,322,321,321,336,323,323,329,323,326,322,333,321,322,310,314,318,323,322,321,321,321,335,322,322,329,322,326,322,333,320,321
22.56,631,631,632,632,622,613,607,601,605,613,619,625,623,624,612,608,609,604,618,615,602,609,640,650,657,664,659,650,645,638,642,639,652,657,655,661,646,650,662,655,311,321,322,336,310,314,318,323,322,321,321,321,335,322,322,329,322,326,322,333,321,321,310,313,317,323,321,321,321,321,335,322,322,328,322,325,322,332,320,321
22.6,633,634,634,635,624,615,609,603,607,615,621,627,625,626,614,610,611,606,620,617,604,611,642,652,658,665,661,652,646,640,644,642,654,659,657,663,648,652,663,657,311,321,323,337,310,314,318,324,322,322,321,321,336,323,323,330,323,327,323,334,321,322,310,313,317,323,321,321,321,321,336,323,322,329,322,326,322,333,320,321
22.64,637,637,637,638,628,618,612,606,610,619,624,630,629,630,618,614,614,609,623,621,608,614,645,655,661,668,663,655,649,643,647,645,657,662,660,665,651,655,666,659,312,322,323,337,311,314,318,324,323,322,322,322,336,323,323,330,323,327,323,334,321,322,310,313,317,323,321,321,321,321,336,323,322,329,322,325,322,333,320,321
22.68,639,640,640,641,630,621,615,609,613,622,627,633,632,633,621,617,617,612,626,624,611,617,648,658,664,670,665,657,652,646,650,648,659,664,662,668,654,658,668,661,313,323,325,339,312,316,320,326,325,323,323,323,339,325,325,332,325,329,325,336,323,324,311,314,318,324,323,322,322,322,338,324,324,330,324,327,324,334,321,322
22.72,642,642,643,644,633,624,618,612,617,625,630,636,634,636,624,619,621,615,629,626,614,621,650,659,665,671,666,658,654,648,653,650,660,666,663,669,656,660,669,662,313,324,328,343,313,317,322,329,327,325,325,324,343,328,328,335,328,332,328,340,325,326,312,315,319,326,325,324,324,324,341,327,326,333,326,329,327,338,322,324
22.76,642,643,644,645,633,624,619,613,618,626,631,636,635,636,625,620,622,616,630,627,615,622,651,660,665,671,666,659,654,649,654,651,661,667,663,670,656,661,669,662,314,325,330,346,314,318,323,331,329,327,326,325,345,331,330,338,330,334,330,343,327,327,313,316,320,327,326,325,325,325,344,330,328,335,328,331,329,340,324,325
22.8,641,641,642,644,632,623,618,613,618,625,630,635,634,635,624,619,621,615,629,626,614,621,650,659,664,670,664,657,653,648,653,649,659,665,662,668,655,660,668,661,314,325,331,346,314,318,323,331,329,326,326,325,346,331,331,338,330,334,331,343,327,327,312,316,320,328,326,325,325,324,345,330,329,335,328,331,329,341,324,325
22.84,639,640,641,642,631,622,616,611,616,623,628,634,632,634,623,618,620,614,628,624,613,620,648,657,663,668,663,656,651,646,651,648,658,664,660,667,653,658,666,659,315,326,331,347,314,319,324,331,329,327,326,326,346,332,331,339,331,335,331,343,327,328,313,317,321,328,327,326,325,325,345,331,329,336,329,332,330,341,325,326
22.88,638,638,639,640,629,620,615,610,615,622,626,632,631,632,621,616,618,612,626,623,611,618,646,655,661,666,661,654,650,644,649,646,656,662,658,665,651,657,665,658,316,326,332,347,315,319,324,332,330,328,327,326,347,332,332,339,331,335,332,344,328,328,314,318,322,329,328,326,326,326,346,332,330,337,330,333,331,342,325,327
22.92,636,637,637,638,627,618,613,608,613,620,625,630,629,630,620,615,617,611,625,621,610,617,645,654,659,665,660,652,648,643,647,644,654,660,657,663,650,655,663,656,316,326,332,347,315,320,324,332,330,328,327,327,347,332,332,339,331,335,332,344,328,329,315,318,322,329,328,327,326,326,346,331,330,337,330,333,331,342,326,327
22.96,634,634,635,636,625,616,611,606,611,618,623,628,627,628,617,613,615,609,622,619,608,615,643,652,657,663,658,651,646,641,645,642,652,658,655,661,648,653,661,654,317,327,332,347,316,320,325,332,330,328,328,327,346,332,331,339,331,335,332,344,328,329,315,319,323,330,329,327,327,327,346,331,330,337,330,333,331,342,326,327
23.0,632,633,633,634,623,615,609,604,608,616,621,626,625,626,615,611,612,607,620,617,605,612,641,650,656,663,658,650,645,639,643,640,652,657,655,661,647,651,661,654,317,327,330,345,317,321,325,331,330,328,328,328,344,330,330,338,330,334,330,342,328,329,316,319,323,329,328,327,327,327,344,330,329,336,329,333,329,340,326,327
23.04,630,630,631,631,621,612,606,600,605,613,618,624,622,623,612,607,609,603,617,614,602,609,639,649,655,662,657,648,643,637,641,638,650,655,653,659,645,649,659,653,318,328,331,345,317,321,325,331,330,329,328,328,345,331,331,338,331,335,331,342,328,329,317,320,324,330,329,328,328,328,344,330,330,337,330,333,330,341,327,328
23.08,629,629,629,630,619,610,604,598,603,611,616,622,620,622,610,605,606,601,615,612,600,606,638,648,654,661,656,647,642,636,640,637,649,655,652,659,644,648,659,652,318,329,332,347,317,321,325,331,329,329,329,329,347,332,331,338,331,334,332,343,328,328,317,321,324,331,329,329,329,329,346,332,331,338,331,334,331,343,327,329
23.12,629,629,630,630,619,610,604,597,602,611,616,622,620,622,609,604,606,600,615,611,599,606,638,648,655,662,657,648,642,636,641,637,650,656,653,660,644,649,660,652,318,329,334,350,317,320,324,331,329,328,328,329,349,334,332,340,331,335,333,345,327,328,317,320,324,331,330,329,329,329,349,334,332,339,332,335,333,345,327,329
23.16,628,629,629,630,618,609,603,596,601,610,615,621,619,621,609,603,605,599,614,610,598,605,638,648,655,662,657,648,642,636,640,637,650,656,653,660,644,649,660,653,318,328,335,351,317,320,324,330,329,328,328,328,350,335,333,340,332,335,334,346,327,328,317,320,324,331,330,328,328,328,350,335,333,340,332,335,334,346,327,329
23.2,629,630,631,632,619,609,603,596,602,610,616,622,621,622,609,604,606,599,615,611,598,606,640,650,657,664,659,650,644,638,643,639,652,658,655,662,646,651,662,654,316,327,336,352,315,318,323,330,329,327,327,327,351,335,333,340,332,335,334,347,326,327,315,318,322,329,328,327,326,326,350,335,332,340,331,334,334,346,325,327
23.24,629,629,630,631,618,608,602,595,601,609,615,621,620,621,609,603,605,599,614,610,597,605,639,650,657,664,659,650,644,637,643,639,652,658,655,662,646,652,662,654,315,326,338,354,314,318,322,329,328,326,326,326,353,337,334,341,332,335,336,348,325,326,314,317,321,328,328,325,325,325,352,337,333,340,331,334,335,347,324,326
23.28,627,628,629,630,617,607,601,595,601,609,614,620,618,620,608,602,605,598,614,609,597,605,638,649,656,663,657,648,643,636,641,638,650,657,654,661,645,651,661,653,314,325,339,356,313,317,321,329,328,325,325,325,354,339,335,342,333,335,337,349,325,326,313,317,321,330,329,325,325,325,354,339,335,342,333,336,337,349,325,326
23.32,627,628,629,630,616,607,601,595,601,609,614,620,617,620,608,601,605,597,613,608,597,605,638,649,655,663,657,648,642,636,642,638,650,658,653,661,645,652,660,652,315,325,349,366,314,318,323,334,333,327,326,325,364,348,343,350,339,341,346,358,327,329,313,317,322,332,332,327,326,325,364,348,342,349,338,340,346,357,326,328
23.36,627,628,629,630,617,608,603,597,603,611,615,621,618,621,610,603,607,599,614,609,599,607,638,648,655,662,656,647,642,636,642,637,649,657,652,660,644,651,659,651,314,325,347,364,313,317,323,334,332,327,326,325,362,346,341,348,338,341,344,357,327,328,313,317,322,333,332,327,325,325,362,346,341,348,338,340,344,356,327,328
23.4,625,626,626,627,616,606,601,596,602,609,613,619,616,619,608,601,605,598,613,607,598,605,635,645,651,659,653,644,639,633,638,635,646,653,649,657,641,647,656,648,315,326,342,359,314,318,322,331,330,327,326,326,357,341,337,344,335,337,339,352,326,328,314,318,323,332,331,327,327,326,357,341,337,345,335,338,340,352,327,328
23.44,626,626,627,627,616,607,601,596,601,609,613,619,616,619,608,602,605,598,613,608,597,605,636,646,652,658,652,644,639,633,638,635,646,653,649,656,641,647,656,648,315,326,340,356,314,318,323,331,330,327,326,326,355,339,336,343,334,337,338,350,327,328,314,318,323,332,331,327,327,326,355,340,336,344,335,338,338,350,327,328
23.48,626,626,627,627,617,608,603,598,603,610,614,620,617,619,609,603,606,600,613,609,599,606,635,645,650,657,651,643,638,633,637,634,645,651,648,655,640,645,655,647,318,328,338,354,317,320,324,332,331,329,328,328,352,337,334,342,333,336,336,348,328,329,317,321,325,333,332,329,329,328,353,337,335,343,334,338,336,349,329,330
23.52,627,628,628,628,618,609,604,599,604,612,616,621,618,621,610,604,608,601,615,610,601,608,636,646,651,657,652,644,640,634,639,635,646,652,649,656,641,647,655,648,318,329,340,356,317,321,325,333,332,329,329,329,355,339,336,344,335,338,338,350,329,330,317,321,326,334,333,330,329,329,355,340,337,344,336,339,339,351,330,331
23.56,629,629,630,630,619,610,605,600,605,613,617,623,620,622,612,605,609,602,616,611,601,609,638,648,653,659,654,646,641,636,640,637,648,654,650,657,643,649,657,649,319,330,343,359,318,322,326,335,333,330,330,330,358,342,339,346,337,340,341,353,330,331,318,322,327,336,334,331,330,330,358,343,340,347,338,341,341,353,331,332
23.6,631,631,632,632,621,612,606,600,605,613,618,624,621,624,612,606,609,602,617,613,602,609,640,650,656,663,657,649,644,638,643,639,651,657,653,661,646,651,660,653,321,331,344,360,320,323,328,335,334,332,331,331,358,343,340,347,338,341,342,354,331,332,320,324,328,336,335,332,332,331,358,343,340,347,338,341,342,354,332,333
23.64,633,633,634,635,623,614,608,601,607,615,620,626,624,626,614,608,611,604,619,615,603,611,642,652,658,665,659,651,646,640,645,642,653,659,656,663,648,653,662,655,323,334,343,359,322,326,330,337,336,334,334,334,358,343,340,347,339,342,342,354,333,334,322,326,330,337,336,334,334,333,358,343,340,347,339,342,341,353,333,334
23.68,634,634,635,635,624,614,609,602,607,616,621,627,625,627,615,609,611,605,620,616,604,611,643,653,659,666,661,652,647,641,646,642,654,660,657,664,649,654,664,656,325,335,343,359,324,327,331,338,337,335,335,335,358,343,341,348,339,343,342,354,334,335,323,327,331,338,337,335,335,335,358,343,340,347,339,342,342,354,334,335
23.72,634,635,635,636,625,615,609,602,607,616,621,628,626,627,615,610,612,605,621,617,604,612,644,654,660,667,662,653,648,642,647,643,655,662,658,665,650,655,665,657,326,336,345,360,325,328,332,339,337,336,336,336,359,344,342,349,340,344,343,355,335,336,324,327,331,338,337,336,335,336,359,344,341,348,340,343,343,355,334,336
23.76,634,634,635,636,624,615,609,602,607,616,621,627,625,627,615,609,611,605,620,616,604,611,643,653,660,667,661,653,647,641,646,643,655,661,658,665,649,655,664,657,328,338,344,360,326,329,333,339,338,337,337,337,359,344,342,349,341,344,343,355,336,337,326,329,333,339,338,337,337,337,358,344,341,348,340,343,343,354,336,337
23.8,634,634,635,636,624,615,609,602,607,616,621,627,626,627,615,610,611,605,620,617,604,611,643,653,659,667,662,653,647,641,646,643,655,660,658,664,649,654,664,657,330,340,343,358,329,332,335,341,340,339,339,340,357,343,342,349,341,345,342,354,338,339,329,331,335,340,339,339,339,339,357,343,341,348,341,344,342,353,337,338
23.84,633,634,634,635,624,615,609,602,606,615,621,627,625,626,614,610,611,605,620,617,604,611,642,652,658,666,661,652,646,640,644,642,654,659,657,663,648,652,663,657,332,341,343,356,331,334,337,342,340,340,341,341,356,342,342,348,341,345,342,353,339,340,331,333,336,341,340,340,340,341,355,342,341,347,341,344,341,352,338,339
23.88,631,632,632,632,622,613,607,600,604,613,619,625,623,624,612,608,609,603,618,615,602,609,641,650,657,664,659,650,645,638,642,640,652,657,655,661,646,650,661,655,333,342,343,357,332,334,337,342,341,341,341,342,356,343,342,348,342,345,342,353,339,340,331,334,337,342,341,341,341,341,356,343,342,348,342,345,342,353,339,340
23.92,631,631,632,632,622,613,607,600,604,613,618,625,623,624,612,608,608,603,618,614,602,608,640,650,656,663,659,650,644,638,642,639,652,657,655,661,646,650,661,654,333,342,344,358,332,335,338,343,341,341,342,342,357,344,343,349,342,346,343,354,340,341,332,335,338,343,341,341,342,342,357,344,343,349,342,346,343,354,340,341
23.96,629,630,630,630,620,611,605,599,604,612,617,623,621,622,611,606,607,602,616,612,601,607,638,648,654,661,656,648,642,636,640,637,649,655,653,659,644,648,659,652,332,342,345,359,331,333,337,342,341,341,341,341,358,344,343,350,342,346,343,355,340,340,331,334,338,343,342,341,341,342,358,344,343,350,343,347,344,355,341,341
24.0,628,628,628,628,618,609,603,597,601,610,615,621,618,620,609,603,605,599,614,610,599,605,637,647,653,661,655,646,641,635,639,636,648,654,652,658,643,647,658,651,331,341,346,361,329,332,335,341,340,340,340,340,360,345,343,350,342,345,344,356,338,339,330,333,337,343,342,341,341,341,360,345,344,351,343,347,345,357,340,341
24.04,627,628,628,629,618,609,603,596,601,609,615,621,619,621,609,604,605,599,614,611,598,605,637,647,654,662,657,647,642,635,639,636,649,654,653,659,643,647,659,652,330,339,342,357,328,331,334,339,338,338,338,339,356,342,340,347,340,343,341,352,336,338,329,332,335,341,340,339,339,339,356,342,341,348,341,344,342,353,338,339
24.08,626,627,627,627,617,607,601,595,600,608,613,620,618,619,607,603,604,598,613,609,597,604,636,647,653,661,656,647,641,634,637,635,648,653,652,658,642,646,659,652,329,338,341,355,327,329,332,337,336,336,337,337,354,340,339,345,338,341,339,351,334,336,327,331,334,339,338,338,338,338,355,341,340,347,339,343,340,352,337,337
24.12,626,626,627,627,616,607,601,595,599,608,613,619,617,619,607,602,603,598,612,609,596,603,636,646,653,661,655,646,640,634,637,635,648,653,651,658,642,646,658,651,328,338,341,356,326,329,332,337,336,336,336,337,355,341,338,345,338,341,339,351,334,335,327,330,334,339,338,337,337,337,355,341,340,347,339,343,341,352,336,337
24.16,627,627,627,628,617,607,601,595,600,608,614,620,617,619,607,602,604,598,613,609,597,604,637,647,653,660,655,646,641,634,638,635,648,654,651,658,642,647,658,650,328,337,343,359,326,328,332,337,336,336,336,337,358,343,340,347,339,342,341,353,334,335,326,330,334,340,339,337,337,337,358,343,341,349,341,344,342,354,336,337
24.2,628,628,628,629,618,608,602,596,601,609,615,621,618,620,608,603,605,599,614,610,598,605,637,648,654,661,656,647,642,635,639,636,649,655,652,659,643,648,659,651,325,335,342,358,323,326,330,337,336,335,335,335,357,342,339,346,338,341,340,352,333,334,324,328,332,338,337,336,335,335,357,342,340,348,339,343,341,353,335,336
24.24,627,628,628,629,617,607,601,595,600,608,614,620,618,620,607,602,604,598,613,609,596,604,638,648,655,662,657,648,642,636,639,637,650,655,653,660,644,648,660,653,324,334,338,354,322,325,328,333,333,332,333,333,352,338,336,343,335,338,337,348,330,332,323,326,330,335,334,333,333,334,353,338,337,344,336,339,337,349,332,333
24.28,627,627,628,628,617,607,601,594,599,608,613,620,618,620,607,602,604,598,613,609,596,603,637,648,655,662,657,648,642,635,639,636,650,655,653,659,643,648,660,653,322,332,335,350,320,323,326,331,330,330,331,331,349,335,333,340,332,335,334,345,328,329,321,324,328,333,332,331,332,332,349,335,334,341,334,337,335,346,330,331
24.32,626,627,627,628,617,607,601,594,599,608,613,619,617,619,607,602,603,597,612,609,596,603,636,647,654,662,657,647,641,635,639,636,649,655,653,659,643,648,659,652,318,328,334,349,316,319,323,329,328,327,327,328,348,333,331,338,330,333,332,344,325,327,317,321,325,331,330,329,329,328,349,334,333,340,332,335,333,345,328,329
24.36,626,627,627,627,616,606,600,594,599,607,613,619,617,619,606,601,603,597,612,608,596,603,636,647,654,662,657,647,641,635,638,636,649,655,653,659,643,647,660,652,316,326,331,346,314,317,321,326,326,325,325,326,345,330,328,336,328,331,329,341,323,325,315,319,323,329,328,327,327,326,346,331,330,337,330,333,331,342,326,327
24.4,626,627,628,628,616,607,600,594,599,607,613,619,618,619,607,602,603,597,612,609,596,603,637,648,655,664,659,648,642,635,639,636,650,655,654,660,644,648,661,654,314,324,328,343,313,315,319,324,324,323,323,324,342,327,326,333,325,328,326,338,321,323,313,317,321,327,326,325,325,325,342,328,327,334,327,331,327,339,324,325
24.44,627,628,628,629,617,607,601,594,600,608,613,620,618,620,607,602,604,598,613,610,596,603,637,648,656,665,659,649,643,636,639,637,651,656,655,661,644,649,662,655,313,323,327,341,311,314,318,324,323,322,322,323,340,326,325,332,324,328,325,337,321,322,312,316,320,326,325,324,323,323,341,327,326,333,326,330,326,338,323,324
24.48,628,629,630,630,618,608,602,596,601,609,615,621,620,621,609,604,605,599,614,611,598,605,639,650,657,666,660,650,644,637,641,638,652,658,656,663,646,650,663,656,312,322,327,341,310,313,318,324,323,322,322,322,341,326,325,332,325,328,326,337,321,322,311,315,319,326,325,323,322,322,341,327,326,333,326,329,326,338,322,323
24.52,631,632,632,633,621,611,605,599,604,612,618,624,622,624,612,606,608,602,617,614,600,608,641,652,659,667,662,652,646,639,643,640,654,660,658,664,648,653,664,657,311,322,327,342,310,314,318,325,324,322,322,322,341,327,326,333,325,329,326,338,321,322,310,314,319,326,325,323,322,322,342,327,326,334,326,330,327,338,322,323
24.56,633,634,634,635,623,613,606,600,605,614,619,626,624,626,613,608,610,603,619,615,602,609,643,654,661,669,663,654,648,641,645,642,656,662,659,666,650,655,666,659,312,323,329,344,311,314,319,326,325,323,323,323,343,328,327,335,327,330,328,340,323,324,311,315,319,327,326,324,323,323,343,329,328,335,327,331,328,340,323,324
24.6,635,635,636,637,625,615,608,602,607,616,621,628,626,628,615,610,612,605,621,617,604,611,645,655,662,670,664,655,649,643,648,644,657,663,660,667,651,656,667,659,311,322,330,345,310,314,319,327,326,323,322,322,344,329,328,336,328,331,329,341,323,324,310,314,319,327,326,323,322,322,344,329,328,335,327,331,329,341,323,324
24.64,635,635,636,636,625,615,608,601,607,615,621,628,626,627,615,609,611,604,620,616,603,611,645,655,662,669,664,655,649,643,647,644,657,663,660,667,651,656,667,659,312,323,331,347,311,315,320,328,327,324,324,323,346,331,329,337,329,332,330,342,324,325,311,315,320,328,327,325,324,323,346,331,329,337,329,332,330,342,324,325
24.68,635,635,636,636,624,614,608,601,606,615,621,627,625,627,614,608,611,604,620,616,603,611,645,655,661,669,663,654,649,642,647,644,656,663,659,666,651,656,666,658,313,324,334,350,311,316,321,329,328,325,324,324,349,334,332,339,331,334,333,345,325,326,311,316,321,329,328,325,324,324,349,334,332,339,331,334,333,345,325,326
24.72,635,635,636,637,624,614,608,601,607,616,621,628,625,627,615,608,611,604,620,615,603,611,645,655,662,669,663,654,649,643,648,644,656,664,659,667,651,657,667,658,313,324,340,357,312,316,321,331,330,326,324,324,355,340,336,344,334,337,338,351,326,327,311,315,320,330,329,325,324,324,355,339,336,343,333,336,338,350,325,326
24.76,632,632,633,634,622,613,607,600,605,614,619,625,623,625,612,607,609,603,618,615,602,609,641,652,658,666,661,651,646,639,644,641,654,659,657,663,648,653,663,656,319,329,333,349,317,321,325,332,330,329,329,329,348,333,332,339,331,335,332,345,328,329,317,321,325,332,330,329,329,329,348,333,332,339,331,335,332,344,328,329
24.8,632,633,633,634,622,612,606,599,603,612,618,625,624,625,612,608,608,602,618,615,601,607,642,652,660,668,663,653,647,640,644,641,655,660,659,665,649,653,665,659,321,330,331,345,319,322,326,331,330,330,330,330,344,331,331,338,331,334,331,342,329,330,319,322,326,331,330,329,330,330,344,331,330,337,330,334,330,341,328,329
24.84,632,632,633,633,622,613,606,600,604,613,619,625,624,625,612,608,609,603,618,615,602,608,641,652,659,666,662,652,646,639,643,641,654,659,657,663,648,652,664,657,321,331,333,347,320,323,327,333,332,331,331,331,346,333,332,339,332,336,332,343,330,331,320,323,327,332,331,331,331,331,346,332,332,339,332,335,332,343,330,331
24.88,630,631,631,632,621,612,605,599,603,612,618,624,622,624,611,607,608,602,617,614,601,607,640,650,657,665,660,651,645,638,642,639,652,658,656,662,646,651,662,656,324,334,336,350,322,325,330,335,334,334,334,334,350,336,335,342,335,339,335,347,332,333,322,326,330,336,334,334,334,334,350,336,335,342,335,339,335,346,333,334
24.92,632,632,633,633,622,613,607,600,605,613,619,625,623,625,612,607,609,603,618,614,602,609,641,651,658,665,660,651,646,639,644,641,653,659,656,663,647,652,663,656,325,336,340,356,324,327,332,339,337,336,336,336,355,340,339,347,339,342,339,352,335,336,323,327,331,338,337,336,336,336,355,340,339,346,338,342,339,351,335,336
24.96,632,633,633,634,623,613,607,600,605,614,619,626,624,625,613,607,609,603,619,615,602,609,642,652,659,666,661,652,646,640,645,641,654,660,657,664,648,653,663,656,327,338,344,360,326,329,334,341,340,338,338,338,359,344,342,350,342,345,343,356,337,338,326,329,333,340,339,338,338,338,359,344,342,349,341,345,343,355,337,338
25.0,633,634,634,635,624,615,609,602,607,616,621,627,625,627,615,610,611,605,620,617,604,611,643,653,659,667,662,652,647,641,645,642,655,660,658,664,649,654,664,657,331,341,344,359,330,333,338,344,342,341,341,341,359,344,344,351,343,347,344,356,341,341,329,332,336,342,341,340,340,341,358,344,343,350,342,346,343,355,339,340
25.04,633,633,634,635,624,615,609,602,606,615,620,627,625,626,614,610,610,605,620,616,604,610,642,652,658,665,661,651,646,640,644,641,654,659,657,663,648,652,663,656,335,345,347,361,334,337,341,347,345,344,344,345,360,346,346,353,346,350,346,357,344,344,333,336,340,345,343,343,344,344,360,346,345,351,344,348,345,356,342,343
25.08,632,632,633,634,623,614,608,601,605,614,620,626,624,625,613,609,609,604,619,615,603,610,641,650,656,664,659,650,645,639,643,640,652,657,655,661,647,651,661,655,337,347,349,363,336,339,343,348,346,346,346,346,362,348,348,355,347,351,348,359,345,346,335,338,342,347,345,345,346,346,362,348,347,354,346,350,347,358,344,345
25.12,630,631,631,632,621,612,607,601,605,613,618,624,622,624,612,608,609,603,617,614,603,609,639,649,655,662,657,648,643,637,641,639,650,656,654,660,645,649,660,653,338,348,350,364,337,340,343,349,347,347,347,347,363,349,348,355,348,352,349,360,346,346,337,340,343,348,347,347,347,347,363,349,348,355,348,351,349,359,346,346
25.16,631,632,632,633,622,613,607,601,606,614,619,625,623,625,613,608,610,604,618,615,603,610,640,650,656,662,657,649,644,638,642,639,651,656,654,660,646,650,660,653,336,346,350,365,335,338,342,348,346,346,346,346,365,350,348,356,348,351,349,361,345,345,334,337,341,347,346,345,345,346,364,349,348,355,347,351,349,360,344,345
25.2,630,630,631,631,620,611,606,600,605,613,618,624,622,623,612,607,609,603,617,613,602,609,639,649,655,662,657,648,643,637,641,638,650,656,653,660,645,650,660,653,336,346,350,365,335,338,342,348,346,346,346,346,365,350,348,356,348,352,349,361,345,345,335,338,342,348,346,346,346,346,364,350,348,355,348,351,349,361,345,345
25.24,631,631,631,632,621,612,606,599,603,612,618,624,622,624,611,607,608,602,617,614,601,608,640,650,656,664,659,650,644,638,642,639,652,657,655,661,646,650,661,655,336,346,347,362,335,338,341,346,345,345,345,345,361,347,346,353,346,349,347,358,343,344,335,337,340,345,344,344,345,345,361,347,346,352,345,348,346,357,343,344
25.28,630,631,631,632,621,611,605,599,603,612,617,624,622,623,611,607,607,602,617,614,601,607,640,650,657,664,660,650,644,638,642,639,652,657,656,661,646,650,662,655,336,344,346,359,334,337,340,344,343,343,344,344,359,345,344,351,344,347,345,356,342,342,334,336,339,343,342,343,343,344,358,345,344,350,343,347,344,355,341,342
25.32,630,630,631,631,621,611,605,598,602,611,617,623,622,623,610,606,607,601,616,613,600,607,640,650,656,663,658,649,644,638,641,639,651,656,654,660,645,650,661,654,334,344,346,360,333,335,339,343,342,342,343,343,359,345,344,351,343,347,345,356,341,342,333,335,338,343,342,342,343,343,359,345,344,351,343,346,344,356,340,341
25.36,630,630,630,631,620,610,604,596,601,610,616,622,621,622,609,605,606,600,615,612,599,605,639,650,656,664,659,650,644,637,641,639,652,657,655,661,646,650,661,655,335,344,347,361,333,335,338,343,342,342,343,343,360,346,344,351,343,347,345,357,340,341,333,335,338,343,342,342,343,343,360,346,344,351,343,347,345,356,340,341
25.4,630,630,631,631,620,610,603,596,601,610,616,623,621,622,609,605,605,600,615,612,598,605,640,650,657,665,660,650,644,638,642,639,652,657,656,662,646,650,662,655,334,343,346,360,332,334,337,341,340,341,342,342,360,345,343,350,342,345,344,356,339,340,332,334,337,341,340,341,342,342,359,345,343,350,342,345,344,355,339,340
25.44,630,631,631,632,620,610,603,596,601,610,616,623,621,623,609,604,605,599,615,612,598,605,640,651,657,665,660,650,645,638,642,639,652,658,656,662,646,651,662,655,333,342,346,361,331,334,337,341,340,340,341,342,360,346,344,351,342,346,345,357,339,340,331,333,336,341,340,340,341,342,360,346,343,350,342,345,345,356,338,339
25.48,630,630,631,631,620,609,603,596,601,610,616,622,620,622,609,604,606,599,615,611,598,605,640,650,656,664,659,649,644,638,642,639,652,658,655,662,646,651,661,654,331,341,350,365,330,332,336,342,341,340,340,341,364,349,346,353,344,347,348,360,338,339,330,332,336,342,341,340,340,341,364,349,346,353,344,347,347,359,338,340
25.52,629,629,630,630,619,609,603,596,601,610,616,622,620,622,609,604,606,599,615,611,599,606,638,648,655,663,657,648,643,636,641,638,650,656,654,660,645,649,660,653,333,343,348,364,331,334,337,343,342,342,342,342,362,347,345,352,344,347,346,358,340,341,331,334,337,343,342,342,342,342,362,347,345,352,344,347,346,358,340,341
25.56,628,629,630,630,619,609,603,596,601,610,615,622,620,622,609,604,605,600,615,612,598,605,638,648,656,664,659,649,643,636,640,638,651,656,655,661,645,649,661,654,333,342,344,358,331,334,337,341,340,341,341,342,357,343,342,349,341,345,343,354,339,340,331,334,337,341,340,341,341,342,357,343,342,349,342,345,343,354,339,340
25.6,628,628,629,629,618,609,603,597,601,610,615,621,620,621,609,604,605,600,614,611,599,605,638,648,655,663,658,648,642,636,639,637,650,655,654,660,644,648,660,653,330,340,341,356,329,331,335,339,338,339,339,340,355,341,340,347,339,343,340,352,337,338,329,332,335,340,339,339,340,340,355,341,340,347,340,344,341,352,338,339
25.64,627,627,628,628,617,608,603,597,602,610,615,621,618,620,608,604,605,600,614,610,599,605,636,646,653,660,655,646,640,634,638,635,648,653,651,658,642,647,658,651,329,340,342,357,328,331,335,340,339,339,339,339,356,342,340,348,340,344,341,353,337,338,328,331,335,341,340,339,339,340,356,342,341,348,341,344,341,353,338,339
25.68,627,628,628,629,618,609,604,599,604,611,616,621,619,621,610,604,608,601,615,610,600,608,637,646,652,658,653,645,640,634,639,636,647,653,650,657,642,647,656,649,325,337,345,362,324,328,333,340,339,337,337,336,361,345,343,350,342,345,344,357,336,337,324,328,333,341,339,337,337,336,361,345,343,350,342,345,344,357,337,338
25.72,627,628,628,628,617,608,603,597,603,610,615,621,618,620,609,603,606,599,614,609,599,606,637,647,652,659,653,645,640,634,639,636,647,654,650,657,642,648,657,649,323,334,346,363,322,325,330,338,337,334,333,333,361,345,342,349,340,343,344,356,333,334,322,326,330,338,337,334,334,333,361,345,342,350,341,344,344,356,334,335
25.76,627,628,628,628,618,608,603,597,603,610,615,621,618,620,609,603,606,600,614,609,599,607,637,647,652,659,653,645,640,635,639,636,647,654,650,657,642,648,657,649,323,333,346,362,321,325,329,337,336,334,333,333,361,345,342,349,340,343,344,356,333,334,322,326,330,338,337,334,334,333,361,345,342,350,341,344,344,356,334,335
25.8,627,627,628,628,617,608,603,598,603,610,615,621,618,620,609,603,607,600,614,610,599,607,636,646,652,658,652,644,640,634,639,635,646,653,649,656,641,647,656,648,324,334,345,361,322,326,330,337,336,334,334,334,360,344,341,348,339,343,343,355,333,334,323,326,331,339,338,335,334,334,360,344,342,349,341,344,343,356,335,336
25.84,627,627,628,628,617,608,603,598,603,611,615,621,618,620,609,604,607,600,614,610,599,607,636,646,652,658,652,644,640,634,639,635,646,653,649,656,641,647,656,648,324,334,345,362,323,326,330,338,337,335,334,334,360,345,342,349,340,343,343,356,334,335,323,327,331,339,338,335,335,334,360,345,342,350,341,344,344,356,335,336
25.88,628,628,629,629,618,609,604,599,604,612,616,622,619,621,610,604,608,601,615,610,600,608,637,647,653,659,653,645,641,635,640,636,647,654,650,657,642,648,657,649,325,335,349,366,323,327,332,340,339,336,335,335,364,348,345,352,343,346,347,359,335,336,324,327,332,341,340,336,336,335,364,349,345,352,343,346,347,359,336,337
25.92,628,629,629,629,619,609,604,598,604,611,616,622,619,621,610,604,607,600,615,610,600,607,638,647,653,659,654,646,641,635,640,637,648,654,650,657,643,648,657,649,327,338,351,367,326,329,334,342,341,338,337,337,366,351,347,354,345,347,349,361,337,338,326,330,334,343,341,338,338,338,366,351,347,354,345,348,349,361,338,339
25.96,629,630,630,631,620,610,605,598,604,612,617,623,620,622,611,605,608,601,616,611,600,608,639,648,654,660,655,647,642,636,641,638,649,655,652,658,644,649,658,651,331,341,353,369,329,333,337,345,343,341,341,341,368,352,349,356,347,350,351,363,340,341,329,333,337,345,344,342,341,341,368,352,349,356,347,350,351,363,341,342
26.0,630,630,631,631,620,611,605,598,603,612,617,623,620,623,611,605,607,601,616,612,600,608,639,649,655,662,656,648,643,637,642,638,650,656,653,660,645,650,659,652,334,345,353,369,333,336,340,347,346,344,344,344,368,352,350,357,348,352,351,364,343,344,333,336,340,347,346,344,344,344,368,352,350,357,349,352,351,364,343,344
26.04,630,630,631,631,621,611,605,598,603,612,617,623,621,623,610,605,607,601,616,612,600,607,640,649,655,662,657,649,643,637,641,639,650,656,654,660,645,650,660,653,337,347,353,369,336,338,342,348,347,346,346,347,368,353,350,357,349,352,351,363,345,346,336,338,342,348,347,346,346,347,368,353,350,357,349,352,351,363,345,346
26.08,630,630,631,631,620,611,605,598,603,612,617,623,621,623,610,605,607,601,616,612,600,607,639,649,655,663,658,649,643,637,641,638,651,656,654,660,645,650,660,653,339,348,354,369,337,340,343,349,348,347,348,348,368,354,351,358,350,353,352,364,346,347,337,340,343,349,348,347,348,348,368,354,351,358,350,353,352,364,346,347
26.12,629,629,629,630,619,610,604,597,602,611,616,622,620,621,609,604,606,600,615,611,599,606,638,648,655,662,657,648,643,636,640,638,650,656,653,660,644,649,660,652,338,348,354,369,336,339,342,347,346,346,347,347,368,353,350,357,349,352,352,364,344,346,337,340,343,349,348,347,347,348,368,353,351,358,350,353,352,364,346,347
26.16,629,629,630,630,619,610,604,598,603,611,616,622,620,622,610,605,607,600,615,611,600,607,638,649,655,662,657,648,643,636,640,638,650,656,653,660,644,649,660,652,336,346,351,367,334,337,340,346,345,345,345,346,366,351,348,356,347,351,349,362,343,344,335,338,342,348,346,346,346,346,366,351,349,357,348,352,350,362,344,345
26.2,630,630,630,631,620,610,604,598,603,611,617,623,620,622,610,605,607,601,616,612,600,607,639,649,655,662,657,648,643,637,641,638,650,656,653,660,645,650,660,653,335,345,350,366,333,336,340,345,344,344,344,344,365,350,348,355,346,350,349,361,342,343,333,337,340,346,345,344,344,345,365,350,348,356,347,351,349,361,343,344
26.24,630,630,630,631,620,610,604,598,603,611,617,623,620,622,610,605,607,600,616,611,600,607,639,649,655,662,657,648,643,637,641,638,650,656,653,660,645,650,660,652,334,344,352,368,332,335,339,346,344,343,344,344,367,351,349,356,347,350,350,362,342,343,333,336,340,346,345,344,344,344,367,351,349,356,348,351,350,362,343,344
26.28,630,630,631,631,621,611,605,599,604,612,617,623,621,623,611,605,608,601,616,612,601,608,640,649,655,661,656,648,643,637,642,639,650,656,653,659,645,650,659,652,334,344,354,370,333,336,340,347,346,344,344,344,369,353,350,358,349,352,352,364,343,344,333,336,340,347,346,344,344,344,368,353,350,358,349,352,352,364,343,344
26.32,630,630,630,631,620,611,606,600,605,613,618,623,621,623,612,606,609,602,617,612,602,609,639,649,654,660,655,647,642,637,641,638,649,655,651,658,644,649,658,651,334,344,354,370,333,336,340,347,346,344,344,344,369,353,350,358,349,352,352,364,343,344,333,336,340,347,346,344,344,344,369,353,350,358,349,352,352,364,344,345
26.36,629,630,630,631,620,611,606,600,605,613,617,623,620,622,612,606,609,602,616,612,602,609,638,648,654,660,654,646,642,636,641,638,648,655,651,658,644,649,658,650,332,342,354,370,331,334,338,346,344,342,342,342,369,353,350,357,348,351,352,364,342,343,331,334,339,346,345,343,342,342,369,353,350,357,348,352,352,364,342,343
26.4,630,630,631,631,620,611,606,601,606,614,618,624,621,623,613,606,610,603,617,612,602,610,639,649,654,660,655,647,642,637,642,638,649,656,651,659,644,650,658,651,331,341,353,369,330,333,338,345,344,342,341,341,368,352,349,356,347,351,351,363,341,342,330,333,338,346,345,342,341,341,368,352,349,357,348,351,351,363,341,342
26.44,630,630,631,632,620,611,606,601,607,614,618,624,621,623,613,607,610,604,618,613,603,610,639,649,654,660,655,647,642,637,642,638,649,656,651,658,644,650,658,651,331,342,352,368,330,333,338,345,344,342,341,341,367,351,348,356,347,350,350,362,341,342,330,333,338,345,344,342,341,341,366,351,348,355,347,350,350,362,341,342
26.48,630,630,631,631,621,612,607,602,607,614,618,624,621,623,613,607,610,604,618,613,603,611,639,648,653,659,654,646,642,636,641,638,648,655,651,658,644,649,657,650,330,340,350,366,329,332,337,344,343,341,340,340,365,350,347,354,345,349,348,361,340,341,329,332,337,344,343,341,340,340,365,350,347,354,346,349,348,361,340,341
26.52,629,629,630,631,620,611,606,601,606,613,618,623,620,623,612,606,610,603,617,612,602,610,638,647,653,659,653,646,641,636,641,637,648,654,650,657,643,649,657,649,328,338,349,366,326,330,334,342,341,338,338,338,364,349,346,353,344,347,347,360,338,339,326,330,335,343,341,339,338,338,364,349,346,353,344,348,348,360,338,339
26.56,627,628,628,629,618,609,604,598,603,611,616,621,619,621,610,604,607,600,615,610,600,607,637,647,652,659,653,645,640,635,640,636,647,654,650,657,642,648,657,649,326,336,349,365,324,328,332,340,339,336,336,336,364,348,345,352,343,346,347,359,336,337,325,328,333,341,340,337,336,336,364,348,345,352,343,346,347,359,337,338
26.6,627,627,628,629,617,608,603,597,602,610,615,621,618,620,609,603,606,599,614,609,599,606,636,646,652,659,653,645,640,634,639,636,647,654,650,657,642,648,656,649,323,334,347,363,322,326,330,338,337,334,334,334,362,346,342,350,340,343,344,357,333,334,322,326,330,338,337,335,334,334,362,346,343,350,341,344,345,357,334,335
26.64,626,626,627,628,616,607,602,596,601,609,614,620,617,619,608,602,605,598,613,609,598,605,635,645,651,659,653,644,639,633,638,635,647,653,650,656,641,647,656,649,321,332,341,357,320,323,327,334,333,332,332,332,355,340,337,345,336,339,339,351,331,332,320,324,328,335,334,333,332,332,356,340,338,345,337,340,339,351,332,333
26.68,625,626,626,627,616,607,601,595,600,608,613,619,617,618,607,602,604,598,612,608,597,604,635,645,651,659,654,645,639,633,637,634,646,652,650,656,641,646,656,649,320,330,335,351,318,322,326,332,331,330,330,330,350,335,333,341,333,336,334,346,329,330,319,322,326,333,332,331,330,330,350,335,334,341,333,337,334,346,330,331
26.72,622,623,623,624,613,604,598,592,597,605,610,616,614,615,604,599,601,595,609,605,594,601,632,643,649,657,652,642,637,630,634,631,644,650,648,654,638,643,654,647,318,329,334,349,317,320,324,330,329,328,328,329,348,333,331,339,331,334,332,344,327,328,317,321,325,332,331,329,329,329,348,334,333,340,332,336,333,345,329,330
26.76,619,620,621,621,610,601,596,591,596,603,608,613,611,613,602,597,599,593,607,603,592,599,629,639,646,653,648,639,634,627,631,628,641,647,644,651,635,640,651,644,319,330,335,351,318,321,325,332,330,329,329,329,350,335,333,340,332,336,334,346,328,329,318,322,326,333,332,330,330,330,350,335,334,342,334,337,335,347,330,331
26.8,619,619,620,620,610,601,595,590,595,602,607,613,610,612,601,596,598,592,606,602,591,599,628,639,645,653,648,638,633,627,630,628,640,646,644,650,634,639,650,643,321,332,337,353,319,322,326,333,332,331,331,332,351,336,334,342,333,337,335,347,329,331,320,324,329,336,334,333,332,332,352,337,336,344,336,339,336,349,332,333
26.84,618,619,619,620,609,600,595,590,594,602,607,613,610,612,601,596,598,592,606,602,591,598,628,638,645,654,649,639,633,626,630,627,641,646,645,651,635,639,651,644,323,334,335,350,321,324,328,334,332,332,333,333,349,335,334,341,333,337,334,346,331,332,322,326,330,336,335,334,334,334,350,335,335,343,335,339,335,347,333,334
26.88,620,620,621,621,610,601,596,590,594,602,608,614,612,613,601,597,598,593,607,603,591,598,629,640,647,656,651,641,635,628,631,629,643,648,647,653,636,640,653,646,325,335,336,351,323,326,329,334,333,333,334,335,350,336,335,341,334,338,335,346,332,333,324,327,331,336,335,335,335,335,350,336,336,343,336,339,336,347,334,334
26.92,621,622,622,622,612,603,597,591,596,604,609,615,613,615,603,598,600,594,608,605,593,600,631,641,648,657,652,642,636,629,633,630,644,649,648,654,638,642,654,647,326,336,337,351,324,326,330,335,334,334,334,335,350,336,335,342,335,338,336,347,332,333,324,328,331,337,335,335,335,335,351,337,336,343,336,340,336,348,334,335
26.96,621,622,623,623,612,603,598,592,596,604,610,616,614,615,603,599,600,595,609,605,593,600,631,642,649,658,653,643,637,630,633,631,645,650,649,655,638,642,655,648,325,335,336,351,324,326,330,335,334,334,334,335,350,336,335,342,335,338,335,346,332,333,324,328,331,337,335,335,335,335,350,336,336,343,336,340,336,347,334,335
27.0,623,623,624,624,613,604,598,592,598,605,610,616,614,616,604,599,601,595,609,606,594,601,632,643,650,658,652,643,637,631,635,632,645,650,648,655,639,644,655,648,323,334,338,354,321,324,328,334,333,332,333,333,353,337,335,343,335,338,336,349,331,332,322,326,330,336,335,334,334,334,353,338,337,344,336,340,337,350,333,334
27.04,624,624,625,625,614,605,599,593,598,606,611,617,615,617,605,599,602,596,610,606,595,602,634,644,651,659,653,644,638,632,636,633,646,652,649,656,640,645,656,648,322,333,340,356,321,324,328,334,333,332,332,333,355,339,337,344,336,339,338,351,331,332,321,325,329,337,335,334,333,333,356,340,338,346,337,341,339,352,333,334
27.08,625,625,626,626,615,606,600,594,599,607,612,618,616,618,606,601,603,597,611,607,596,603,635,645,652,660,655,645,639,633,637,634,647,653,651,657,641,646,657,650,323,334,339,355,321,324,328,334,333,333,333,333,353,338,336,344,335,339,337,349,331,332,322,325,329,336,335,334,334,333,354,339,337,345,336,340,338,350,333,334
27.12,625,626,626,626,615,606,600,594,599,607,612,618,616,618,606,601,603,596,611,607,596,603,635,646,653,661,655,646,640,633,637,634,647,653,651,658,641,646,658,650,325,335,341,357,323,326,330,336,335,334,334,335,356,340,338,345,337,340,339,351,332,334,324,327,331,338,336,335,335,335,356,341,339,347,338,342,340,352,334,335
27.16,628,628,629,629,618,609,603,596,602,610,615,621,619,621,609,603,605,599,614,610,599,606,638,648,654,662,656,647,642,636,640,637,649,655,652,659,644,648,659,652,329,340,346,362,328,331,334,341,339,339,339,339,361,345,343,350,342,345,344,356,337,338,328,331,335,342,340,339,339,340,361,346,344,351,343,346,345,357,338,339
27.2,629,629,629,630,619,609,604,597,602,611,616,622,619,621,609,604,606,600,615,611,599,606,638,649,655,662,657,648,642,636,640,638,650,656,653,660,644,649,660,652,335,345,352,368,333,336,340,346,345,344,344,345,367,351,349,356,347,351,350,362,343,344,333,337,340,347,346,345,345,345,367,352,349,357,348,351,350,363,343,344
27.24,628,628,629,629,618,609,603,597,602,610,615,621,619,621,609,603,606,599,614,610,599,606,638,648,654,661,656,647,642,636,640,637,649,655,652,659,644,649,659,651,337,347,355,371,335,338,342,348,347,346,346,347,370,354,351,359,350,353,353,365,345,346,336,339,343,350,348,347,347,347,370,355,352,360,351,354,354,366,346,347
27.28,628,628,628,629,618,609,603,597,602,610,615,621,618,620,609,603,606,599,614,609,599,606,637,647,653,660,655,646,641,635,639,636,648,655,651,658,643,648,658,650,336,347,356,373,335,338,342,349,348,346,346,347,371,356,353,360,351,354,354,367,345,346,335,339,343,351,350,348,347,347,372,356,354,361,352,356,355,368,347,348
27.32,628,628,628,629,618,609,604,598,603,611,616,621,618,621,610,604,607,600,615,610,600,607,637,647,653,660,654,646,641,635,639,636,648,654,651,658,643,648,658,650,335,345,355,372,333,336,340,347,346,345,345,345,370,354,351,358,349,352,353,365,343,345,334,338,342,350,348,346,346,345,371,355,352,360,351,354,354,366,346,346
27.36,628,628,629,629,619,609,604,598,604,611,616,622,619,621,610,604,607,600,615,610,600,607,637,647,653,659,654,646,641,635,639,636,647,654,650,657,643,648,657,649,332,342,353,370,330,334,338,345,344,342,342,342,368,352,349,356,347,350,351,363,341,342,331,335,339,347,346,343,343,342,369,353,350,358,349,352,352,364,343,344
27.4,629,629,629,630,619,610,604,598,604,612,616,622,619,621,610,604,608,601,615,610,600,608,638,648,654,660,654,646,641,636,640,637,648,655,651,658,643,649,658,650,332,342,356,373,331,334,338,346,345,342,342,342,371,356,352,359,349,352,354,366,342,343,331,335,339,347,346,343,342,342,371,356,352,359,350,353,354,367,342,344
27.44,629,629,629,630,619,609,604,598,604,612,616,622,619,621,610,604,608,600,615,610,600,608,638,648,653,660,654,646,641,636,641,637,648,655,651,658,643,649,657,650,333,344,359,376,332,336,340,348,347,344,344,344,374,359,354,361,352,355,357,369,344,345,332,336,340,349,348,344,344,344,374,359,355,362,352,355,357,369,344,345
27.48,628,628,629,629,618,608,603,596,602,610,615,621,618,621,609,603,606,599,614,609,598,606,638,649,655,662,656,647,642,636,641,637,649,656,652,660,644,650,659,652,335,345,359,376,334,337,341,348,347,345,345,345,374,359,354,361,352,354,357,369,344,345,334,337,341,349,348,346,345,345,374,359,355,362,353,355,357,369,345,346
27.52,627,628,628,629,618,608,602,595,600,609,614,620,618,620,608,602,605,598,613,609,597,605,637,648,655,662,657,647,642,635,640,637,649,655,653,660,644,649,660,652,336,346,355,372,334,337,340,347,346,345,345,346,370,355,351,358,349,352,353,365,343,345,335,338,342,348,347,346,346,346,370,355,352,359,350,354,354,366,345,346
27.56,627,628,628,629,617,608,601,595,600,608,614,620,618,620,607,602,604,598,613,609,597,604,637,648,655,663,657,648,642,635,639,637,650,655,653,660,644,648,660,653,337,346,351,367,335,337,340,345,344,344,345,346,365,351,348,355,347,350,349,361,342,344,336,338,341,347,346,345,346,346,366,351,349,356,348,351,350,362,344,345
27.6,626,627,627,628,617,607,601,594,599,608,613,619,618,619,607,602,603,597,612,609,596,603,636,647,654,663,657,648,642,635,638,636,649,655,653,659,643,647,660,653,336,345,348,363,334,336,339,343,343,343,344,345,362,348,345,352,344,347,347,358,341,342,335,338,341,345,344,344,345,345,363,348,347,354,346,349,348,359,343,344
27.64,625,626,626,626,615,606,600,593,598,607,612,618,616,618,606,601,602,596,611,608,595,602,635,646,653,661,656,646,640,633,637,634,648,653,652,658,642,646,658,651,336,345,348,362,334,336,338,342,342,342,343,344,361,347,345,352,344,347,346,357,340,342,334,337,341,345,344,344,344,345,362,348,346,354,346,349,347,359,343,344
27.68,625,626,626,626,616,606,601,594,599,607,613,619,617,618,606,602,603,597,612,608,596,603,635,646,652,660,655,646,640,633,637,634,648,653,651,657,642,646,658,651,335,345,347,362,334,336,339,343,342,343,343,344,361,347,345,352,344,347,346,357,341,342,334,337,341,345,344,344,344,345,361,347,346,353,346,349,347,358,343,344
27.72,625,626,626,627,616,607,601,595,599,608,613,619,617,619,607,602,603,598,612,609,597,603,635,645,652,660,655,646,640,633,637,634,647,652,651,657,641,645,657,651,336,345,347,361,334,336,339,343,342,343,344,344,360,346,344,351,344,347,345,356,341,342,334,337,341,345,344,344,344,345,360,347,346,352,345,349,346,357,343,344
27.76,624,625,625,626,615,606,600,594,598,607,612,618,616,618,606,601,602,597,611,608,596,602,634,644,651,660,655,645,639,632,636,633,647,652,651,656,641,644,657,650,336,345,346,359,334,337,340,344,343,343,344,345,359,345,344,351,344,347,345,355,341,342,335,338,341,345,344,344,345,345,359,346,345,352,345,348,345,356,343,344
27.8,623,624,624,625,614,605,599,593,597,606,611,617,615,617,605,600,601,596,610,607,595,601,633,643,650,659,654,644,638,631,634,632,646,651,650,656,640,643,656,650,336,345,346,359,334,336,339,343,342,343,344,344,358,345,344,350,343,347,344,355,341,342,335,338,341,345,344,344,344,345,358,346,345,351,345,348,345,356,343,344
27.84,623,624,624,625,614,605,599,593,597,606,611,617,615,617,605,600,601,596,610,607,595,601,633,644,651,659,654,644,638,631,635,633,646,651,650,656,640,643,656,650,335,344,345,359,334,336,339,343,342,342,343,344,358,345,343,350,343,346,344,354,341,342,334,337,340,345,343,343,344,344,358,345,344,351,344,348,345,355,342,343
27.88,624,624,625,625,614,605,599,593,597,605,611,617,615,617,605,600,601,596,610,607,595,601,633,644,651,659,654,644,638,632,635,633,646,651,650,656,640,644,656,650,335,344,344,357,333,335,338,342,341,341,342,343,356,344,342,349,342,345,343,353,340,341,334,336,339,343,342,343,343,343,357,344,343,350,343,346,344,354,341,342
27.92,624,624,624,625,614,605,599,592,596,605,611,617,615,617,604,600,600,595,610,607,594,600,633,644,651,660,655,645,639,632,635,633,647,651,650,656,640,644,657,650,334,343,343,357,332,334,337,340,340,341,341,342,356,343,341,348,341,344,342,352,339,340,333,336,338,342,341,342,342,343,356,343,343,349,342,346,343,353,340,341
27.96,623,624,624,625,614,605,599,592,596,605,610,617,615,616,604,600,600,595,610,607,594,600,633,644,651,659,654,644,638,631,634,632,646,651,650,656,640,643,656,650,334,342,343,356,332,334,337,340,339,340,341,342,355,342,341,347,340,344,342,352,338,339,332,335,338,342,341,341,342,342,356,343,342,349,342,345,342,353,340,341
28.0,624,624,625,625,615,605,599,593,597,606,611,617,616,617,605,600,601,596,610,607,595,601,634,644,651,659,654,645,638,632,635,633,646,651,650,656,640,644,656,650,333,342,342,355,331,333,336,340,339,340,340,341,355,342,341,347,340,343,341,351,338,339,332,334,337,342,341,341,341,341,355,342,341,348,341,345,342,352,340,340
28.04,624,625,625,625,615,605,599,593,597,606,611,617,616,617,605,600,601,596,610,607,595,601,634,644,651,659,655,645,639,632,635,633,646,651,650,656,640,644,656,650,332,341,342,355,331,333,336,340,339,339,340,341,354,341,340,346,340,343,341,351,337,338,331,334,337,341,340,340,341,341,355,342,341,347,341,344,341,352,339,340
28.08,624,625,625,625,615,605,599,593,597,606,611,618,616,617,605,601,601,596,610,607,595,601,634,644,651,659,655,645,639,632,635,633,647,651,650,656,640,644,657,650,332,340,341,354,330,332,335,339,338,339,339,340,354,341,340,346,339,342,340,350,337,338,330,333,336,340,339,339,340,340,354,341,340,347,340,343,341,351,338,339
28.12,624,625,625,626,615,606,600,593,598,606,612,618,616,618,605,601,602,597,611,608,595,602,634,644,651,659,655,645,639,632,635,633,647,651,651,656,641,644,657,650,331,340,340,353,329,332,334,338,337,338,339,339,352,340,339,345,338,342,339,349,336,337,329,332,335,339,338,339,339,339,353,340,339,346,339,342,340,350,337,338
28.16,624,625,625,625,615,605,599,592,597,606,611,618,616,617,605,600,601,596,610,607,594,601,634,645,652,660,655,645,639,632,635,633,647,652,651,657,641,644,657,651,330,339,339,352,329,331,334,337,336,337,338,338,351,339,338,344,337,340,338,348,335,336,329,332,334,338,337,338,338,339,352,339,338,345,338,341,339,349,336,337
28.2,625,625,625,626,615,606,599,593,597,606,611,618,616,618,605,601,601,596,611,608,595,601,634,645,652,660,656,646,640,633,636,634,647,652,651,657,641,645,658,651,330,338,339,352,328,330,333,337,336,337,337,338,351,338,337,344,337,340,338,348,335,336,328,331,334,337,336,337,338,338,351,338,338,344,337,341,338,348,336,336
28.24,625,625,625,626,615,606,599,593,597,606,611,618,616,618,605,601,601,596,611,608,595,601,634,645,652,660,656,646,640,633,636,634,647,652,651,657,641,645,658,651,329,338,338,351,328,330,333,336,335,336,337,338,351,338,337,343,336,340,337,347,334,335,328,330,333,337,336,337,337,338,351,338,337,344,337,340,338,348,335,336
28.28,625,626,626,627,616,606,600,593,598,606,612,619,617,618,605,601,602,597,611,609,595,602,635,645,652,660,656,646,640,633,636,634,648,652,651,657,641,645,658,651,328,337,337,350,327,329,332,335,335,335,336,336,349,337,336,342,335,339,336,346,334,334,327,329,332,336,335,335,336,336,350,337,336,342,336,339,336,347,334,335
28.32,625,626,626,627,616,606,600,593,598,606,612,619,617,618,606,602,602,597,611,609,595,602,635,646,653,661,656,647,641,634,637,635,648,653,652,658,642,646,659,652,327,336,336,350,326,328,331,335,334,335,335,336,349,336,335,342,335,339,336,346,333,334,326,328,331,335,334,335,335,336,349,336,335,342,335,339,336,346,333,334
28.36,625,626,626,627,615,606,599,593,597,606,612,618,617,618,605,601,602,596,611,608,595,601,635,646,653,661,656,647,641,634,637,635,648,653,652,658,642,646,659,652,326,335,336,349,325,327,330,335,334,334,335,335,349,335,335,341,334,338,335,346,333,333,325,328,331,335,334,334,335,335,349,335,335,341,335,338,335,345,333,334
28.4,626,626,627,627,616,607,600,594,598,607,612,619,618,619,606,602,602,597,612,609,596,602,635,646,653,661,656,647,641,634,637,635,648,653,652,658,642,646,658,652,325,334,335,348,324,326,329,334,333,333,333,334,347,334,334,340,333,337,334,344,331,332,324,326,330,334,333,333,333,334,347,334,334,340,334,337,334,344,332,332
28.44,626,626,627,627,616,607,600,594,598,607,613,619,618,619,606,602,603,597,612,609,596,602,635,646,653,661,656,647,640,634,637,635,648,653,652,658,642,646,658,652,324,333,334,348,323,325,329,333,332,332,333,333,347,334,333,340,333,336,334,344,331,332,323,326,329,333,332,332,333,333,347,334,333,340,333,336,334,344,331,332
28.48,627,628,628,629,617,608,602,595,600,608,614,620,619,620,607,603,604,598,613,610,597,604,637,647,654,662,657,648,642,635,639,636,649,654,653,659,643,647,659,653,323,333,334,348,322,325,328,333,332,332,332,333,348,334,333,340,333,336,334,345,331,332,322,325,328,333,332,332,332,333,348,334,333,340,333,336,333,344,330,331
28.52,628,628,629,629,618,609,602,596,600,609,615,621,619,621,608,603,604,599,614,611,598,604,637,648,654,662,657,648,642,635,639,637,650,655,653,659,644,648,660,653,323,333,335,349,322,325,328,333,332,332,332,333,349,335,334,341,333,337,334,345,331,332,321,324,328,333,332,332,332,332,348,334,333,340,333,336,334,345,330,331
28.56,627,628,628,629,618,608,602,595,600,609,614,621,619,620,607,603,604,598,613,610,597,604,637,647,654,662,657,648,642,635,639,636,650,655,653,659,644,648,660,653,323,334,336,351,322,325,328,334,333,333,333,333,350,336,334,342,334,338,335,347,331,332,322,325,328,333,332,332,333,333,350,335,334,341,334,337,335,346,330,332
28.6,629,629,630,630,619,609,603,596,601,610,615,622,620,622,609,604,605,599,615,611,598,605,638,649,655,663,658,649,643,636,640,638,651,656,654,660,645,649,661,654,323,333,335,351,322,325,328,333,332,332,333,333,350,335,334,341,334,337,335,346,331,332,322,324,328,333,332,332,332,333,349,335,334,341,333,337,334,346,330,331
28.64,629,630,630,631,619,610,603,596,601,610,616,622,620,622,609,604,605,600,615,612,598,605,639,649,656,664,659,649,643,637,641,638,651,656,655,661,645,650,661,654,323,333,335,350,321,324,328,333,332,332,332,332,349,335,333,341,333,337,334,346,330,331,321,324,327,332,331,331,332,332,349,334,333,340,332,336,334,345,329,330
28.68,629,629,630,631,619,609,603,596,600,609,615,622,620,622,609,604,605,599,615,611,598,605,639,649,656,664,659,650,644,637,641,638,651,657,655,661,645,650,662,655,322,332,334,349,320,323,327,331,330,331,331,331,348,333,332,339,332,335,333,344,329,330,320,323,326,330,330,330,331,331,347,333,332,339,331,334,332,344,328,329
28.72,629,629,630,631,619,609,602,595,600,609,615,622,620,622,608,604,605,599,614,611,597,604,639,649,657,665,660,650,644,637,641,638,652,657,655,662,646,650,662,655,321,331,333,349,320,323,326,331,330,330,330,331,348,333,332,339,331,335,333,344,328,329,320,322,325,330,329,329,330,331,347,333,331,338,331,334,332,344,328,329
28.76,629,630,630,631,619,609,603,596,601,610,616,622,621,622,609,604,605,599,615,612,598,605,639,650,657,665,660,650,644,638,642,639,652,658,656,662,646,651,662,655,321,331,333,348,319,322,325,330,329,330,330,330,348,333,332,339,331,334,332,344,328,329,319,322,325,329,329,329,330,330,347,333,331,338,330,333,332,343,327,328
28.8,629,630,630,631,619,609,603,596,601,610,615,622,621,622,609,604,605,599,615,612,598,605,639,649,656,664,659,650,644,637,641,638,651,657,655,661,645,650,662,655,321,331,333,348,319,322,326,331,330,330,330,330,348,333,332,339,331,335,332,344,328,329,319,322,325,330,329,329,330,330,347,333,331,338,331,334,332,344,328,329
28.84,630,630,631,631,620,610,604,598,603,611,617,623,621,623,610,606,607,601,616,613,600,607,639,650,656,664,659,649,644,637,642,639,651,657,655,661,646,650,661,654,320,331,334,350,319,322,326,333,331,331,330,331,349,334,333,341,333,336,333,346,329,330,319,322,326,332,331,330,330,330,349,334,333,340,332,336,333,345,329,330
28.88,630,630,631,631,620,611,605,598,603,612,617,623,621,623,610,606,607,601,616,613,600,607,639,650,656,664,659,649,644,637,641,639,651,657,655,661,646,650,661,654,320,331,334,349,319,322,327,333,332,331,331,331,348,334,333,340,333,337,333,345,330,331,319,322,326,332,331,330,330,330,348,333,332,339,332,336,333,344,329,330
28.92,630,631,631,632,621,611,605,599,604,612,618,624,622,623,611,606,608,602,617,613,601,608,640,650,656,664,659,650,644,638,642,639,652,657,655,661,646,651,661,654,319,330,333,348,318,322,326,333,331,330,330,330,347,333,332,340,332,336,332,344,330,330,318,321,325,331,330,329,329,329,347,332,331,338,331,335,332,343,328,329
28.96,631,631,632,632,621,612,605,599,604,612,618,624,622,624,611,607,608,602,617,614,601,608,640,650,657,665,660,650,645,638,642,639,652,658,656,662,646,651,662,655,317,328,331,346,316,320,325,331,330,329,328,328,345,331,331,338,331,335,331,342,328,329,316,320,324,330,329,328,328,328,345,331,330,337,330,334,330,342,327,328
29.0,631,632,632,633,622,612,606,600,604,613,618,625,623,624,612,607,608,603,618,614,601,608,641,651,658,665,660,651,645,639,643,640,653,658,656,663,647,652,663,656,316,326,329,344,315,319,323,330,328,327,327,326,343,329,329,336,329,333,329,341,327,327,314,318,322,328,327,326,326,326,343,329,328,335,328,332,328,340,325,326
29.04,631,632,632,633,622,612,606,599,604,612,618,624,623,624,611,607,608,602,617,614,601,608,641,651,658,666,661,651,645,639,643,640,653,658,657,663,647,651,663,656,315,325,327,342,314,317,322,328,327,326,325,325,341,327,327,335,328,331,327,339,325,326,313,317,321,327,326,325,325,325,341,327,326,333,326,330,327,338,324,325
29.08,631,632,632,633,622,612,606,599,604,612,618,625,623,624,612,607,608,602,617,614,601,608,641,651,658,666,661,652,646,639,643,640,653,659,657,663,647,651,663,657,313,323,325,339,312,316,320,327,325,324,324,323,339,325,326,333,326,330,325,336,324,324,312,315,319,325,324,323,323,323,338,325,324,331,325,328,324,335,322,323
29.12,631,632,632,633,622,612,606,599,603,612,618,625,623,624,611,607,608,602,617,614,601,607,641,651,658,666,662,652,646,639,643,640,654,659,657,663,648,652,664,657,312,322,324,337,311,315,319,325,324,323,323,322,337,324,324,331,324,328,324,335,322,323,311,314,318,324,323,322,322,322,337,323,323,330,323,327,323,334,321,322
29.16,632,632,633,633,622,612,606,599,604,613,618,625,624,625,612,608,608,603,618,615,601,608,641,652,659,667,662,652,646,640,643,641,654,659,658,664,648,652,664,657,312,322,323,336,311,314,318,324,323,322,322,322,336,323,323,330,323,327,323,334,321,322,310,313,317,323,322,321,321,321,336,322,322,329,322,326,322,333,320,321
29.2,632,632,633,634,622,613,606,599,604,613,619,625,624,625,612,608,608,603,618,615,601,608,641,652,659,667,662,652,646,640,643,641,654,659,658,664,648,652,664,657,311,321,322,335,310,313,317,322,321,321,321,321,335,322,322,328,322,325,322,332,320,320,309,313,316,321,320,320,320,320,334,321,321,327,321,324,321,331,319,320
29.24,632,632,633,633,622,612,606,599,603,612,618,625,623,624,611,607,607,602,617,615,601,607,641,652,659,667,662,652,646,640,643,641,654,659,658,664,648,652,664,658,310,320,321,335,309,312,316,321,320,320,320,320,334,321,321,328,321,324,321,332,319,320,309,312,316,321,320,319,320,320,334,321,320,327,320,324,320,331,318,319
29.28,631,632,632,633,622,612,605,598,602,612,618,624,623,624,611,607,607,602,617,614,600,607,641,652,659,667,662,652,646,639,643,641,654,659,658,664,648,652,664,658,310,319,320,333,308,311,315,320,319,319,319,319,333,320,320,326,320,323,320,330,318,318,308,311,314,319,318,318,319,319,333,320,319,326,319,322,319,330,317,318
29.32,631,632,632,633,621,611,605,598,602,611,617,624,623,624,611,606,607,601,617,614,600,606,641,652,659,668,663,653,647,640,643,641,655,660,659,664,648,652,665,658,309,318,319,332,308,311,314,319,318,318,318,318,332,319,319,325,319,322,319,329,317,317,307,310,313,318,317,317,318,318,332,319,318,324,318,321,318,329,316,317
29.36,631,631,632,632,621,610,604,596,601,610,616,623,622,623,610,605,606,600,616,613,599,605,641,651,659,667,662,652,646,639,642,640,654,659,658,664,648,651,664,658,308,317,318,332,307,309,313,318,317,317,317,317,331,318,318,324,318,321,318,328,315,316,306,309,313,317,317,316,317,317,331,318,317,324,317,321,317,328,315,316
29.4,629,630,630,631,619,609,603,596,600,609,615,622,621,622,608,604,605,599,615,612,598,604,639,650,657,666,661,651,644,637,641,638,652,657,656,662,646,650,663,656,306,316,317,331,305,308,312,317,316,315,315,316,330,317,316,323,316,320,316,327,314,315,305,308,312,317,316,316,316,316,330,317,316,323,316,320,316,327,314,315
29.44,628,628,629,629,618,608,602,595,600,608,614,621,619,621,608,603,604,598,614,611,597,604,638,648,656,664,659,649,643,636,639,637,651,656,655,660,644,648,661,655,304,314,315,329,303,306,310,315,314,314,314,314,328,315,315,321,315,318,315,325,312,314,303,307,310,316,315,314,314,314,328,315,315,322,315,319,315,325,313,314
29.48,627,628,628,629,618,608,601,595,599,608,614,620,619,620,607,603,603,598,613,610,596,603,637,648,656,664,659,649,643,636,639,637,651,656,655,661,644,648,661,655,303,313,314,327,301,305,309,315,314,313,313,313,327,314,314,320,314,318,314,324,312,313,302,305,309,315,314,313,313,313,327,314,314,321,314,318,314,324,312,313
29.52,627,628,628,629,617,608,601,595,600,608,614,621,619,620,608,603,604,599,613,610,597,604,637,648,656,664,659,649,643,636,639,637,651,656,655,661,644,648,661,654,301,312,313,327,300,304,308,314,313,312,312,312,326,313,313,320,313,317,313,324,311,312,300,304,308,314,313,312,312,312,326,313,313,320,314,317,313,324,312,312
29.56,628,629,629,630,618,608,602,596,601,609,615,621,620,621,608,604,605,599,614,611,598,605,638,649,656,664,659,650,643,636,640,637,651,656,655,661,645,649,662,655,301,311,313,326,300,304,308,315,313,312,312,311,326,313,313,320,313,317,313,324,311,312,300,303,308,314,313,312,311,311,326,313,313,320,313,317,312,323,311,312
29.6,629,629,629,630,619,609,603,596,601,609,615,622,620,621,609,604,605,600,614,611,598,605,638,649,656,663,658,649,643,636,640,637,650,655,654,660,644,648,660,654,302,312,314,328,301,304,309,315,314,313,313,312,327,314,314,321,314,318,314,325,312,313,301,304,309,315,314,313,312,312,327,314,314,321,314,318,314,325,312,313
29.64,628,629,629,630,619,609,603,596,601,610,615,622,620,621,609,604,605,600,614,611,598,605,638,649,656,663,658,649,643,636,640,637,650,656,654,660,644,648,661,654,301,312,313,327,300,304,309,316,314,313,312,312,327,313,314,321,314,318,313,324,312,313,300,304,309,315,314,312,312,312,327,313,314,321,314,318,313,324,312,313
29.68,628,629,629,630,619,609,603,597,601,610,615,622,620,622,609,604,605,600,615,611,598,605,638,649,656,664,659,649,643,636,640,637,651,656,655,661,645,649,661,654,302,312,314,328,301,304,309,316,314,313,312,312,327,314,314,321,315,319,314,325,313,313,300,304,309,315,314,313,312,312,327,314,314,321,314,318,314,324,312,313
29.72,628,629,629,630,618,608,602,596,600,609,615,621,620,621,608,604,605,599,614,611,597,604,638,649,656,664,660,650,643,636,640,637,651,656,655,661,645,649,662,655,302,313,314,328,301,305,309,316,314,313,313,313,327,314,314,321,315,319,314,325,313,314,301,305,309,315,314,313,313,312,327,314,314,321,315,318,314,325,312,313
29.76,627,628,628,629,618,608,602,595,600,609,614,621,619,620,608,603,604,599,613,610,597,604,637,648,655,664,659,649,643,636,639,637,651,656,655,661,644,648,661,654,303,314,315,329,302,306,310,317,315,314,314,314,329,315,315,322,316,319,315,326,314,315,302,306,311,317,316,315,314,314,329,315,316,322,316,320,315,326,314,315
29.8,627,627,628,628,617,607,601,594,599,608,613,620,618,620,607,602,603,598,613,610,596,603,637,648,655,663,658,648,642,635,638,636,650,655,654,660,644,647,661,654,303,313,315,329,302,305,310,316,315,314,313,313,328,315,315,322,315,319,315,326,313,314,302,306,310,317,315,314,314,313,328,315,315,322,316,319,315,326,314,314
29.84,626,627,627,628,616,607,600,594,599,607,613,619,618,619,607,602,603,597,612,609,596,603,636,647,654,663,658,648,641,634,638,635,649,654,653,659,643,647,660,653,303,314,315,329,302,306,310,316,315,314,314,314,329,315,315,322,315,319,315,326,313,314,302,306,311,317,316,315,314,314,329,315,316,323,316,320,315,326,314,315
29.88,625,626,626,627,615,606,600,594,598,607,612,618,617,618,606,601,602,597,611,608,595,602,635,646,653,662,657,647,641,633,637,634,649,654,653,659,642,646,659,652,303,314,315,329,302,306,310,316,315,314,314,314,328,315,315,322,315,319,315,326,313,314,302,306,311,317,316,315,314,314,328,315,316,322,316,320,315,326,314,315
29.92,623,624,625,625,614,604,598,592,597,605,611,617,615,617,604,600,601,595,610,607,594,601,633,645,652,661,656,646,639,632,635,633,647,652,651,657,641,644,658,651,303,314,315,329,302,306,310,317,315,314,314,314,328,315,315,322,316,319,315,326,314,315,302,306,311,317,316,315,314,314,328,315,316,323,316,320,315,326,314,315
29.96,623,624,624,624,613,604,598,592,597,605,610,617,615,616,604,599,601,595,610,606,593,600,633,644,651,660,655,645,638,631,634,632,646,651,651,656,640,644,657,650,304,314,315,329,302,306,311,317,316,315,314,314,329,315,316,323,316,320,315,326,314,315,303,307,311,318,317,315,315,314,329,315,316,323,317,321,316,326,315,316
30.0,622,623,624,624,613,604,598,592,596,605,610,616,614,616,604,599,600,595,609,606,593,600,632,643,651,659,655,644,638,631,634,632,646,651,650,656,639,643,657,650,305,315,316,330,303,307,311,318,317,315,315,315,329,316,316,323,317,320,316,327,315,316,304,308,312,319,318,316,316,315,330,316,317,324,318,321,316,327,316,317
30.04,622,623,623,623,613,603,598,592,596,604,610,616,614,616,604,599,600,595,609,606,593,600,632,643,650,659,654,644,637,630,633,631,645,650,649,655,639,643,656,649,306,316,317,331,304,308,313,319,318,317,316,316,330,317,317,324,318,322,317,328,316,317,305,309,313,320,319,317,317,316,331,317,318,325,319,323,318,328,317,318
30.08,622,623,623,623,613,603,597,592,596,604,609,616,614,615,603,599,600,595,609,606,593,600,632,643,650,658,653,643,637,630,633,631,645,650,649,654,638,642,655,648,307,318,319,333,306,309,314,320,319,318,318,318,332,319,319,326,319,323,319,330,317,318,306,310,315,321,320,319,318,318,333,319,320,327,320,324,319,330,318,319
30.12,621,622,622,622,612,603,597,592,597,604,609,615,613,615,603,598,600,594,608,604,593,600,631,641,648,656,651,641,636,629,632,630,643,649,647,653,637,641,654,646,310,322,324,340,309,312,317,324,322,321,321,321,339,324,323,331,323,327,324,336,320,321,309,314,319,326,324,323,322,322,339,325,325,332,325,329,325,337,322,323
30.16,621,622,622,622,611,602,597,591,597,605,609,615,611,614,603,596,601,593,608,602,593,601,631,642,648,656,650,641,635,629,634,631,643,650,646,654,637,643,653,645,313,325,340,357,312,316,321,330,329,325,325,325,355,339,335,342,333,336,337,350,325,326,312,317,322,332,331,327,326,325,356,340,337,344,335,338,338,351,327,328
30.2,619,620,620,620,609,599,594,588,594,602,606,612,609,612,601,594,598,590,605,600,590,598,630,641,648,657,651,641,635,628,633,629,643,650,646,654,637,643,654,646,314,325,345,362,312,316,320,330,329,325,325,325,360,344,338,345,335,337,341,354,325,326,313,318,323,334,332,327,326,325,361,345,341,348,338,341,343,356,328,329
30.24,616,616,617,616,605,595,589,583,589,597,602,609,605,608,596,589,593,586,601,596,585,593,627,638,646,654,648,638,632,625,629,626,640,646,644,651,634,639,651,643,316,327,342,359,314,317,321,330,329,326,326,326,357,341,336,343,334,336,339,351,325,326,315,320,325,334,333,328,328,327,358,342,339,346,337,340,341,353,329,329
30.28,612,613,613,613,602,593,587,581,587,594,599,605,602,605,594,588,591,584,599,594,583,591,623,634,642,650,645,634,628,621,624,622,636,642,640,647,630,634,647,640,316,326,335,351,314,316,320,326,326,325,325,326,349,334,331,338,329,332,333,345,323,324,315,320,324,332,331,328,327,327,351,336,334,342,333,337,335,347,328,329
30.32,611,611,612,611,601,592,586,581,587,594,598,604,601,604,593,587,590,584,598,593,582,590,621,632,639,648,643,633,626,619,622,620,634,640,638,645,628,632,645,638,316,326,334,349,314,316,320,326,326,325,325,326,347,332,330,337,328,331,331,343,323,325,315,320,325,333,331,329,328,327,349,334,333,341,333,337,334,346,329,329
30.36,611,612,612,612,602,592,587,581,587,594,599,605,601,604,593,587,591,584,598,593,583,590,622,633,640,648,643,633,627,620,623,621,634,640,638,645,628,632,645,638,316,327,335,351,314,317,320,327,327,325,326,326,349,334,331,338,330,332,332,344,323,325,316,321,326,334,332,329,328,328,351,336,335,343,334,338,335,348,330,330
30.4,614,615,615,615,604,594,588,582,588,596,601,607,603,606,595,589,592,585,600,595,584,592,625,637,644,653,648,637,631,624,627,624,639,645,643,650,632,637,650,643,318,328,343,359,316,318,322,329,329,327,327,328,357,342,337,343,334,336,339,351,325,327,317,322,327,335,334,330,329,329,358,343,340,347,338,341,342,354,330,331
30.44,619,620,620,620,609,599,593,586,592,600,605,612,609,611,599,593,596,589,604,600,588,596,630,642,649,659,653,642,636,628,632,629,644,650,648,655,637,642,655,648,320,330,344,360,318,320,324,331,330,328,329,329,358,343,338,344,335,337,340,352,327,328,319,323,327,334,333,331,330,330,359,344,340,347,338,341,342,354,330,331
30.48,622,623,623,624,612,602,596,589,594,603,608,615,612,615,602,596,598,592,608,603,591,598,634,645,653,662,656,646,639,632,635,633,647,653,652,658,641,645,659,651,321,330,341,357,319,321,324,330,329,328,329,330,355,340,336,343,334,336,338,350,326,328,320,323,327,333,332,330,330,330,356,341,338,345,336,339,340,352,329,330
30.52,624,625,625,625,613,603,596,589,595,604,609,616,614,616,603,598,599,593,609,605,591,599,635,647,655,663,658,648,641,634,637,634,649,655,653,660,642,647,660,653,324,333,342,357,322,324,327,332,332,331,332,333,356,341,337,344,335,338,339,351,329,331,322,325,328,334,334,332,333,333,356,342,339,346,337,340,340,352,331,332
30.56,626,627,627,628,615,605,599,592,598,606,612,618,616,618,606,600,602,596,611,607,594,602,637,648,655,663,658,648,642,635,639,636,650,656,653,660,644,649,661,653,326,336,345,361,325,327,330,336,335,335,335,336,359,344,340,348,339,342,342,354,333,334,325,328,332,338,337,336,336,336,360,344,342,349,340,343,343,355,334,336
30.6,628,629,629,630,618,607,601,594,600,609,614,621,618,620,608,602,604,597,613,609,596,604,639,650,657,665,659,649,644,637,641,638,651,658,655,662,645,651,662,654,328,338,350,367,326,329,333,339,339,337,337,338,365,349,345,352,343,346,347,360,335,337,327,330,334,341,340,338,338,338,365,350,346,354,344,347,348,361,337,338
30.64,629,630,630,631,619,609,603,597,603,611,616,622,620,622,610,604,607,600,615,611,599,607,639,650,657,665,659,649,644,637,642,639,652,658,655,662,646,651,662,654,327,338,348,364,326,329,332,340,339,337,337,338,363,347,343,351,342,345,345,358,336,337,326,330,334,342,340,338,338,338,363,347,345,352,343,347,346,359,337,339
30.68,633,633,634,635,623,614,608,602,607,615,621,627,624,626,614,609,611,605,620,615,604,611,643,653,659,667,661,652,647,641,645,642,654,660,657,664,649,654,664,657,326,337,342,359,324,328,332,339,338,337,337,337,358,342,340,348,340,344,341,354,336,337,324,328,333,340,338,337,337,337,358,342,341,349,340,344,341,354,336,337
30.72,634,635,635,636,625,615,609,603,607,616,622,628,626,628,615,610,611,606,621,617,604,611,644,654,661,669,665,655,649,642,646,643,657,662,660,667,651,655,667,660,326,336,338,353,324,327,332,337,336,336,336,336,352,338,337,344,337,341,337,349,334,335,324,328,332,338,336,336,336,336,352,338,337,344,337,341,337,349,335,336
30.76,635,636,636,637,626,616,610,603,607,616,622,629,627,628,615,611,612,606,621,618,605,612,645,656,663,671,666,656,650,643,647,644,658,663,661,668,652,656,668,661,324,334,336,350,323,326,330,335,334,334,334,334,350,336,335,342,335,339,335,347,333,334,323,326,330,336,335,334,334,334,350,336,335,342,335,339,335,347,333,334
30.8,632,633,633,634,623,614,608,602,607,615,620,626,624,626,614,609,610,605,619,616,603,610,642,653,660,668,663,653,647,640,644,641,655,660,659,665,649,653,665,658,325,336,337,351,324,327,331,337,335,335,335,335,351,337,336,343,336,340,336,348,334,335,324,328,332,338,336,336,336,335,351,337,337,344,337,341,337,348,335,336
30.84,629,629,630,630,620,611,605,600,605,612,617,623,621,622,611,606,609,602,616,613,601,609,638,649,655,662,657,648,642,636,640,637,650,655,653,660,644,649,660,653,324,335,338,354,323,326,330,337,335,334,334,335,353,338,337,344,336,340,337,349,333,334,323,327,332,339,337,336,335,335,353,338,338,346,338,342,338,350,335,336
30.88,626,627,627,628,617,608,603,598,604,611,615,620,618,620,610,604,607,601,614,610,600,607,636,646,652,659,653,645,640,634,638,635,647,653,650,656,641,646,657,649,322,333,340,356,320,324,328,336,334,333,332,333,355,339,337,345,336,340,338,351,332,333,321,326,331,339,337,335,334,333,356,340,339,347,339,343,339,352,335,335
30.92,624,624,625,625,614,605,600,595,601,608,612,618,614,617,607,600,604,597,611,606,596,604,634,644,650,657,651,642,637,631,636,633,644,651,647,655,639,645,654,647,319,330,344,361,317,321,325,334,333,330,329,329,359,343,339,347,337,340,341,354,329,331,318,323,328,338,336,332,331,330,360,344,341,349,340,343,343,356,333,334
30.96,622,622,623,623,612,603,598,593,599,606,610,616,612,615,605,598,602,595,609,604,595,603,632,642,648,655,650,641,636,630,634,631,643,649,646,653,637,643,653,645,319,330,343,360,317,321,325,334,333,330,329,329,358,342,339,346,337,339,341,353,329,330,318,323,328,338,336,332,331,330,359,343,341,349,340,343,342,355,333,333
31.0,621,622,622,623,612,602,597,592,597,605,609,615,612,614,604,597,601,594,608,604,593,601,631,642,648,655,650,641,635,629,633,630,643,649,646,653,637,642,653,645,321,332,343,360,320,323,328,336,335,332,332,332,358,342,339,347,338,341,341,353,331,333,320,325,330,339,338,334,333,333,359,343,341,349,340,344,342,355,335,335
31.04,620,621,621,621,611,602,596,591,597,604,609,614,610,613,603,596,600,593,607,602,593,600,630,641,647,655,649,640,634,628,632,629,642,648,645,652,636,641,652,644,323,334,345,362,321,324,329,337,336,334,333,334,360,344,341,348,339,342,342,355,332,334,323,327,333,341,340,337,336,335,361,345,344,351,342,346,345,357,337,337
31.08,620,621,621,621,611,601,596,591,596,604,608,614,611,613,603,596,600,593,607,602,592,600,630,641,647,654,649,640,634,628,632,629,642,648,645,652,636,641,652,644,322,333,344,361,320,324,328,337,335,333,333,333,359,343,340,348,339,342,342,354,332,333,321,326,331,340,338,335,334,333,360,344,342,350,341,345,343,356,335,336
31.12,620,621,621,621,611,602,597,591,597,604,609,614,611,614,603,597,601,594,608,603,593,601,630,641,647,654,648,639,634,628,632,629,641,648,644,651,636,641,651,644,321,333,343,360,320,323,327,335,334,332,332,332,358,342,339,347,338,341,341,354,331,332,321,325,330,339,338,335,334,333,359,343,341,349,340,344,342,355,335,335
31.16,620,621,621,621,610,601,596,591,597,604,608,614,611,613,603,597,600,593,607,603,592,600,630,640,647,654,648,639,634,628,632,629,641,648,645,652,636,641,652,644,322,334,342,359,321,324,329,337,335,334,333,333,358,342,339,347,338,341,340,353,332,334,322,326,331,340,338,335,335,334,359,342,341,349,340,344,342,355,335,336
31.2,620,621,621,622,611,601,596,592,597,604,609,614,612,614,603,597,601,594,608,603,593,601,630,640,647,654,649,640,634,628,632,629,642,648,645,652,636,641,652,644,324,336,344,361,323,326,331,338,337,335,335,335,359,343,341,348,340,343,342,355,334,336,324,328,333,341,340,337,336,336,360,344,342,350,342,345,343,356,337,338
31.24,620,621,621,622,610,601,596,590,596,603,608,614,611,613,602,596,599,593,607,603,592,600,630,641,648,656,650,640,635,628,633,629,642,649,646,653,637,642,653,645,328,339,348,364,326,329,333,340,339,338,338,338,363,347,344,351,342,345,345,358,336,338,327,331,336,343,342,340,339,339,364,347,346,353,344,348,347,359,339,340
31.28,619,620,620,620,609,600,594,588,593,601,606,612,610,612,600,595,597,590,605,601,590,597,629,640,647,656,650,640,634,628,632,629,642,648,646,653,636,641,653,646,331,341,347,364,329,331,335,340,340,339,340,341,362,347,343,351,342,345,345,358,337,339,330,334,338,344,343,342,342,341,363,347,346,353,345,348,347,359,341,342
31.32,618,619,620,620,608,599,593,587,592,600,605,612,609,611,599,594,596,590,604,601,588,596,629,640,648,657,652,641,635,627,631,628,643,648,647,653,636,640,654,647,332,342,346,362,330,332,335,340,339,340,340,341,360,345,342,349,341,344,344,356,337,339,331,334,338,343,342,342,342,342,361,346,344,352,344,347,345,357,340,342
31.36,618,619,619,620,608,599,593,587,592,600,605,612,610,611,599,594,596,590,605,601,589,596,628,640,647,656,651,641,634,627,631,628,642,648,647,653,636,640,653,646,332,342,345,361,330,332,335,340,339,339,340,341,359,344,342,349,341,344,343,355,337,339,331,334,338,343,342,341,342,342,360,345,344,351,343,347,344,356,340,341
31.4,618,619,619,619,608,599,593,587,592,600,605,612,609,611,599,594,596,590,605,601,589,596,628,639,647,655,650,640,634,627,630,628,642,647,645,652,635,639,652,645,331,341,343,359,329,331,335,340,339,339,340,340,358,343,341,348,340,344,342,354,337,338,330,333,337,343,342,341,341,341,359,343,343,350,343,346,343,355,340,341
31.44,619,619,620,620,610,600,595,590,594,602,607,613,611,613,601,596,598,592,606,603,591,598,629,639,646,653,648,639,633,627,630,628,641,646,644,650,635,639,651,644,329,340,341,356,328,331,334,340,339,339,339,339,355,341,340,347,340,343,340,352,337,338,328,332,336,342,341,340,340,340,356,341,341,349,341,345,341,353,339,340
31.48,620,621,622,622,611,602,597,592,596,604,609,614,612,614,603,598,600,594,608,604,593,600,630,640,646,653,649,640,634,628,632,629,641,647,645,651,636,640,651,644,327,338,340,355,326,329,333,339,338,337,337,338,354,340,339,346,339,343,339,351,336,337,326,330,335,341,339,338,338,338,354,340,340,347,340,344,340,351,338,338
31.52,620,621,621,622,611,602,597,592,597,604,609,615,612,614,603,598,600,594,608,604,593,600,630,640,646,654,649,640,634,628,631,629,642,647,645,651,636,640,651,644,325,336,338,353,324,327,331,337,336,335,335,335,352,338,337,344,337,340,337,349,334,335,324,328,333,339,337,336,336,336,353,338,338,345,338,342,338,350,336,336
31.56,620,621,621,621,611,603,598,593,598,605,609,615,612,614,604,599,601,595,608,605,594,601,629,639,646,653,648,639,633,627,631,629,641,646,644,650,635,639,650,644,323,334,337,352,322,325,329,336,334,334,333,334,351,336,335,343,335,339,336,347,333,334,322,327,331,338,336,335,335,334,351,337,337,344,337,341,337,348,335,335
31.6,619,620,620,620,611,602,597,592,597,604,608,614,611,613,603,598,601,594,608,603,593,601,629,639,645,651,646,638,632,627,630,628,640,645,643,649,634,639,649,642,323,334,339,355,322,325,330,336,335,334,334,334,354,338,337,345,336,340,338,350,333,334,322,327,331,339,337,335,335,335,354,339,338,346,338,342,339,351,335,336
31.64,619,620,620,620,610,602,597,593,598,604,608,614,611,613,604,598,601,595,608,603,594,601,628,638,644,651,646,637,632,626,630,628,639,645,642,649,634,638,649,641,325,336,341,358,323,327,331,338,337,336,336,336,356,341,339,347,339,342,340,352,335,336,324,329,334,341,340,338,337,336,357,341,341,349,341,345,341,354,337,338
31.68,618,619,619,619,609,601,596,592,597,604,607,613,610,612,603,597,600,594,607,602,593,600,627,637,643,650,645,636,631,625,629,627,638,644,641,648,633,638,648,640,327,338,344,360,325,329,333,340,339,338,338,338,359,343,341,349,341,344,342,355,337,338,326,331,336,344,342,340,339,338,360,344,343,351,343,347,344,356,340,340
31.72,617,617,618,618,608,599,594,589,594,601,605,611,608,610,600,594,598,591,605,600,590,598,626,637,643,650,645,636,630,624,628,626,638,644,641,648,632,637,648,640,329,341,346,362,328,331,335,342,341,340,340,340,361,345,343,351,342,346,344,356,338,340,328,333,338,345,344,342,341,341,362,346,345,353,345,349,346,358,342,342
31.76,615,616,616,616,606,597,592,586,592,599,604,609,606,609,598,592,595,588,603,598,588,596,625,636,642,650,645,635,629,623,627,624,637,644,641,648,631,637,647,640,333,345,352,369,331,335,339,346,345,344,344,344,368,351,349,356,347,351,350,363,342,344,332,337,342,350,349,346,346,345,369,352,351,359,350,355,352,365,346,347
31.8,616,617,617,617,606,597,592,586,592,600,604,610,606,609,598,591,595,588,603,598,588,596,626,637,644,652,646,636,631,624,629,625,638,645,642,649,633,638,649,641,336,347,359,376,334,337,342,349,348,347,347,347,374,358,354,362,352,355,356,369,345,347,335,340,345,354,352,349,348,348,376,359,357,365,355,359,358,371,349,350
31.84,617,618,619,619,608,598,593,587,593,600,605,611,608,610,599,593,596,589,604,599,589,596,628,639,646,654,649,639,633,626,631,627,641,648,644,652,635,640,651,644,338,349,361,378,336,339,343,351,350,348,348,348,376,360,356,363,354,356,358,370,346,348,337,341,345,354,352,350,349,349,377,360,358,365,356,359,359,372,349,350
31.88,619,620,620,621,609,600,594,588,594,602,607,613,610,612,601,595,598,591,606,601,590,598,630,641,648,657,651,641,635,628,633,629,643,650,647,654,637,642,654,646,337,348,360,376,335,338,342,349,348,347,347,347,375,359,354,362,352,355,357,369,345,347,336,340,344,352,351,348,348,348,376,359,356,364,355,358,358,371,348,349
31.92,620,621,621,622,610,600,595,589,594,602,607,614,611,613,601,595,598,591,606,602,591,598,630,642,649,657,651,642,636,629,633,630,644,650,647,654,637,643,654,647,336,347,356,373,334,337,341,348,347,346,346,347,371,355,352,360,350,354,354,367,344,346,335,339,343,350,349,347,347,347,372,356,353,361,352,355,355,368,346,347
31.96,621,622,623,623,612,602,597,591,597,605,609,615,613,615,603,597,600,594,608,604,593,601,632,643,649,657,652,642,637,630,634,631,644,651,648,655,638,644,655,647,336,347,354,371,334,337,341,348,347,346,346,346,370,353,351,359,349,353,352,365,344,346,334,339,343,350,349,347,347,347,370,354,352,360,351,355,353,366,346,347
32.0,622,623,623,623,613,603,598,593,598,606,610,616,613,615,604,599,602,595,609,605,594,602,632,643,649,657,651,642,636,630,634,631,644,650,647,654,638,643,654,646,336,347,353,370,335,338,342,349,347,347,347,347,369,353,350,358,349,353,351,364,345,346,335,339,344,351,349,348,348,347,369,353,352,360,351,355,352,365,347,348
32.04,623,624,624,625,614,605,599,594,600,607,612,617,615,617,606,600,603,597,611,607,596,603,633,644,650,657,652,643,638,631,635,632,645,651,648,655,639,644,655,647,335,346,351,368,334,337,341,347,346,345,345,346,366,351,349,357,348,352,350,362,344,345,334,338,342,349,348,347,346,346,367,351,350,358,350,353,351,363,346,347
32.08,623,624,625,625,614,605,600,595,600,607,612,617,615,617,607,601,604,597,611,607,596,604,633,643,650,657,651,643,637,631,635,632,644,650,648,654,639,644,654,647,334,345,350,367,333,336,340,347,345,345,344,345,365,350,348,356,347,351,349,361,343,344,333,338,342,349,348,346,346,345,366,350,350,357,349,353,350,363,346,346
32.12,623,624,624,625,614,605,600,595,600,607,612,617,615,617,606,601,604,597,611,607,596,604,633,644,650,657,652,643,637,631,635,632,645,651,648,655,639,644,655,647,334,345,351,368,332,336,340,347,346,344,344,344,366,351,349,356,348,351,350,362,343,344,333,337,342,349,348,346,345,345,367,351,350,358,349,353,351,363,345,346
32.16,623,624,624,625,614,605,600,595,600,607,612,617,615,617,606,600,603,597,611,606,596,604,633,643,650,657,651,642,637,631,635,632,644,651,647,654,639,644,654,647,331,343,351,368,330,334,338,346,345,343,343,343,367,350,348,356,347,351,349,362,342,343,331,335,340,348,346,344,343,343,367,351,349,357,348,352,350,363,344,345
32.2,621,622,622,622,612,603,598,594,599,606,610,615,613,615,605,599,602,596,609,605,595,603,630,641,647,654,649,640,634,628,633,630,642,648,645,652,636,641,652,644,330,342,348,365,329,333,338,346,344,342,342,342,364,347,346,354,346,350,347,360,342,343,329,334,340,348,346,344,343,342,364,348,348,356,347,352,348,361,344,345
32.24,619,619,620,620,610,601,596,591,596,603,608,613,611,613,602,597,600,593,607,603,592,600,628,639,645,653,648,638,633,626,631,628,640,646,644,650,635,639,650,643,329,341,345,361,328,332,336,344,342,341,341,341,360,344,344,352,343,347,344,357,340,341,328,333,338,346,344,342,342,341,361,345,345,353,345,349,345,358,342,343
32.28,617,618,619,619,608,600,595,590,595,602,607,612,610,612,601,596,598,592,606,602,591,598,627,637,644,652,647,638,632,625,629,627,640,645,643,650,634,638,650,643,330,341,344,360,328,332,336,343,342,341,341,341,359,344,343,351,343,347,343,356,340,341,329,334,339,346,344,342,342,342,360,344,344,352,345,349,344,357,342,343
32.32,616,617,618,618,607,598,593,588,593,600,605,611,609,611,600,595,597,591,604,601,590,597,626,637,644,652,647,637,631,624,628,626,639,644,643,649,633,637,649,642,330,341,343,359,328,332,336,343,341,341,341,341,358,343,342,350,342,346,342,354,340,341,329,333,338,345,343,342,341,341,358,343,343,351,344,348,343,355,341,342
32.36,616,617,618,618,607,598,593,588,593,600,605,611,608,610,600,594,597,591,604,601,590,597,626,637,643,651,646,637,631,624,628,626,639,644,642,648,633,637,649,642,331,342,344,360,329,333,337,343,342,341,341,341,359,344,343,350,343,347,343,355,340,341,330,334,339,346,344,343,342,342,359,344,344,352,344,349,344,356,342,343
32.4,617,618,618,618,608,599,594,590,595,601,606,611,609,611,601,595,598,592,605,601,591,598,626,637,643,651,646,636,631,625,629,626,638,644,642,648,633,637,648,641,330,341,345,361,329,332,337,343,342,341,341,341,360,344,343,351,343,347,344,356,340,341,329,333,338,345,344,342,342,341,360,345,345,352,344,349,345,357,342,342
32.44,617,618,619,619,608,600,595,591,596,603,607,612,610,612,602,597,599,593,606,603,592,599,627,637,644,651,646,637,631,625,629,626,639,644,642,648,633,638,649,642,329,340,343,359,327,331,336,343,341,340,339,339,358,343,342,350,342,346,342,354,339,340,328,332,337,344,342,341,340,340,358,343,343,351,343,347,343,355,341,341
32.48,618,619,619,620,609,600,596,591,596,603,607,612,611,612,602,597,599,594,607,603,592,599,627,637,644,651,646,637,632,625,629,627,639,645,643,649,634,638,649,642,328,339,343,358,327,330,335,342,340,339,339,339,357,342,342,349,341,345,342,354,338,339,327,331,336,343,341,340,339,339,358,343,342,350,342,346,342,354,339,340
32.52,617,618,618,619,608,599,594,590,595,602,606,611,609,611,601,595,598,592,605,601,591,598,626,637,643,651,646,636,631,625,629,626,638,645,642,649,633,638,648,641,329,340,346,363,327,331,335,343,341,340,340,340,361,346,344,352,343,347,345,357,339,340,328,332,337,345,343,341,340,340,362,346,345,353,345,349,346,358,341,342
32.56,617,618,619,619,608,599,594,589,594,602,606,612,608,611,600,594,598,591,605,600,590,598,627,638,645,653,647,637,632,626,631,627,640,647,643,651,634,640,650,642,331,342,356,373,330,334,338,347,345,343,342,342,371,356,352,359,349,352,354,366,342,343,330,335,339,348,347,344,343,342,372,356,353,360,351,354,355,367,343,344
32.6,618,619,620,620,609,600,595,590,595,602,607,613,610,612,601,595,598,592,606,601,591,599,628,639,645,653,648,638,633,627,631,628,640,647,644,651,635,640,651,643,333,344,352,369,331,334,338,346,344,343,343,343,367,351,348,356,347,350,350,363,342,343,332,336,340,348,347,345,344,344,368,352,350,358,349,352,351,364,344,345
32.64,618,619,620,620,608,599,593,587,592,601,606,612,610,612,600,595,596,590,605,601,589,596,628,639,647,656,650,640,634,627,631,628,642,648,646,652,636,640,653,646,334,344,347,363,332,335,338,343,342,342,343,344,362,347,345,352,344,348,346,358,341,342,333,336,340,345,344,344,344,344,362,347,346,354,346,349,347,359,343,344
32.68,619,620,620,621,609,599,593,587,592,600,606,612,611,612,599,595,596,590,605,602,589,596,629,641,648,658,653,642,635,628,631,629,644,649,648,654,637,641,655,648,334,343,345,360,332,334,338,342,342,342,342,343,359,345,343,350,343,346,344,356,340,341,332,335,339,344,343,343,343,343,359,345,344,351,344,347,345,356,341,342
32.72,619,620,620,621,609,599,593,587,592,600,606,612,611,612,599,595,596,590,605,602,589,596,629,641,648,658,653,642,635,628,631,629,644,649,648,654,637,641,655,648,333,343,344,359,331,334,337,342,341,341,342,342,358,344,342,349,342,345,343,354,339,340,332,335,338,343,342,342,342,342,358,344,343,350,343,347,344,355,341,342
32.76,619,620,620,621,609,599,593,587,592,600,606,612,611,612,599,595,596,590,605,602,589,596,629,641,649,658,653,643,636,628,631,629,644,649,649,655,637,641,655,648,334,343,344,358,332,334,337,342,341,341,342,343,357,344,342,349,342,345,343,354,339,341,332,335,339,343,342,342,343,343,358,344,343,350,343,347,344,355,341,342
32.8,620,621,621,621,610,600,594,588,592,601,607,613,611,613,600,596,597,591,606,603,589,596,630,641,649,659,654,643,636,629,632,630,645,649,649,655,638,642,655,649,334,343,344,359,332,334,338,342,341,342,342,343,358,344,343,350,342,346,343,354,340,341,332,336,339,343,342,342,343,343,358,344,344,350,343,347,344,355,341,342
32.84,620,621,621,622,610,600,594,588,592,601,607,613,612,613,600,596,597,591,606,603,590,596,630,642,650,660,655,644,637,629,632,630,645,650,650,656,638,642,656,650,335,345,345,359,333,336,338,342,342,342,343,344,358,345,343,350,343,346,344,355,340,342,334,337,340,345,344,344,344,344,359,345,345,351,344,348,345,356,342,343
32.88,620,621,622,622,610,600,594,588,592,601,607,614,612,613,600,596,597,591,606,603,589,596,631,642,650,660,655,644,637,630,633,631,646,651,650,656,639,643,657,650,335,345,345,359,333,336,338,342,342,342,343,344,358,345,343,350,343,346,344,355,340,342,334,337,340,344,343,344,344,344,359,345,344,351,344,348,345,355,342,343
32.92,620,621,622,622,610,600,594,588,592,601,607,614,612,613,600,596,597,591,606,603,589,596,631,643,651,660,656,644,637,630,633,631,646,651,651,657,639,643,657,650,335,344,345,359,333,335,338,342,341,342,343,344,358,344,343,349,342,345,343,354,340,341,334,337,340,344,343,343,344,344,358,345,344,351,344,347,344,355,342,343
32.96,620,621,622,622,610,600,594,587,592,601,607,613,612,613,600,596,596,591,606,603,589,596,631,643,651,660,656,644,637,630,633,631,646,651,651,656,639,642,657,650,334,343,344,357,332,334,337,340,340,341,342,343,356,343,341,348,341,344,342,353,339,340,333,336,339,343,342,342,343,343,357,343,343,349,343,346,343,354,341,342
33.0,620,621,622,622,610,600,594,587,592,601,607,613,612,613,600,596,596,591,606,603,589,596,631,643,651,660,656,644,637,630,633,631,646,651,651,656,639,642,657,650,332,342,342,356,331,333,336,339,339,339,340,341,355,342,340,347,340,343,341,352,337,339,331,334,337,342,341,341,341,342,356,342,342,348,341,345,342,353,339,340
33.04,620,621,621,621,610,600,593,586,591,600,606,613,611,613,599,595,596,590,605,602,588,595,631,642,651,660,656,644,637,629,632,630,646,650,650,656,639,642,657,650,333,342,343,356,331,333,336,339,339,340,341,342,355,342,340,347,340,343,341,352,337,339,332,335,338,342,341,341,342,342,356,343,342,349,342,345,342,353,340,341
33.08,620,621,621,621,610,600,593,586,591,600,606,613,611,613,599,595,595,590,605,602,588,595,631,642,650,660,655,644,637,629,632,630,646,650,650,656,638,642,657,650,334,343,343,357,332,333,336,339,339,340,341,342,356,342,341,347,340,343,341,352,337,339,332,335,338,342,341,341,342,342,356,343,342,349,342,345,343,353,340,341
33.12,619,620,621,621,609,599,593,586,591,600,606,612,611,612,599,595,595,590,605,602,588,595,630,642,650,660,655,644,637,629,632,630,645,650,650,656,638,642,656,650,333,342,343,357,331,333,336,339,339,340,341,342,356,342,340,347,340,343,341,352,337,339,332,335,338,342,341,341,342,342,356,343,342,349,342,345,342,353,340,341
33.16,619,620,621,621,609,599,593,586,591,600,606,612,611,612,599,595,595,590,605,602,588,595,630,642,650,659,655,644,637,629,632,630,645,650,650,655,638,641,656,650,333,342,343,356,331,333,335,339,338,339,340,341,355,342,340,347,340,343,341,352,337,338,332,335,338,342,341,341,342,342,356,343,342,349,342,345,342,353,340,341
33.2,619,620,621,621,609,600,593,587,591,600,606,613,611,613,599,595,596,590,605,602,588,595,630,642,650,660,655,644,637,629,632,630,645,650,650,656,638,642,656,650,332,341,342,356,330,332,335,338,338,339,340,340,354,341,340,346,339,342,340,351,337,338,331,334,337,341,340,340,341,341,355,342,341,348,341,344,341,352,339,340
33.24,619,620,621,621,609,599,593,587,591,600,606,613,611,612,599,595,596,590,605,602,588,595,630,642,649,659,654,643,636,629,631,629,645,649,649,655,638,641,656,649,332,341,342,355,330,332,335,339,338,339,340,341,354,341,340,346,339,342,340,351,337,338,331,334,337,341,340,340,341,341,355,342,341,348,341,345,341,352,339,340
33.28,619,620,620,621,609,599,593,587,591,600,606,612,611,612,599,595,596,590,605,602,589,595,630,641,649,658,654,643,636,628,631,629,644,649,649,654,637,641,655,649,332,341,342,355,330,332,335,339,338,339,340,341,354,341,340,346,339,342,340,351,337,338,331,334,337,342,341,341,341,341,355,342,341,348,341,345,341,352,339,340
33.32,619,620,620,621,609,599,593,587,592,600,606,612,611,612,599,595,596,590,605,602,589,596,629,641,649,658,654,643,636,628,631,629,644,649,649,655,637,641,655,649,332,341,341,355,330,332,335,339,338,339,339,340,354,341,339,346,339,342,340,351,337,338,331,334,337,341,340,340,341,341,354,341,341,348,341,344,341,352,339,340
33.36,619,620,621,621,610,600,594,588,592,601,607,613,611,613,600,596,597,591,606,603,590,596,630,641,649,658,653,642,636,628,631,629,644,649,648,654,637,641,655,648,331,340,341,354,329,332,335,339,339,339,339,340,353,340,339,346,339,343,340,350,337,338,330,333,337,341,340,340,340,340,354,341,341,347,341,344,341,351,339,340
33.4,620,621,621,621,610,600,594,588,593,601,607,613,612,613,600,596,597,592,606,603,590,597,630,641,649,658,653,643,636,629,632,630,644,649,649,654,637,641,655,648,331,340,340,354,329,332,335,339,338,339,339,340,353,340,339,346,339,343,340,350,337,338,329,333,336,341,340,340,340,340,354,340,340,347,340,344,340,351,339,339
33.44,620,621,621,622,610,601,595,589,593,602,607,614,612,613,601,597,598,592,607,604,590,597,630,641,649,658,653,643,636,629,632,630,644,649,649,654,638,641,655,648,330,340,340,354,329,331,335,339,338,338,339,339,353,340,339,346,339,342,339,350,337,338,329,332,336,340,339,339,339,339,353,340,340,346,340,343,340,350,338,339
33.48,620,621,621,622,610,601,595,589,594,602,607,614,612,614,601,597,598,592,607,604,591,597,630,642,649,658,654,643,636,629,632,630,645,649,649,655,638,641,655,649,330,339,339,353,328,331,334,339,338,338,338,339,352,339,338,345,338,342,339,349,336,337,328,332,335,340,339,339,339,339,353,339,339,346,339,343,339,350,338,339
33.52,620,621,622,622,611,601,595,589,594,602,608,614,613,614,601,597,598,593,607,604,591,598,631,642,649,658,653,643,636,629,632,630,645,649,649,655,638,642,655,649,330,339,340,353,328,331,335,339,338,338,339,339,353,339,339,346,339,343,339,350,337,338,328,332,335,340,339,339,339,339,353,340,340,346,340,343,339,350,338,339
33.56,620,621,622,622,611,601,595,589,594,602,607,614,612,614,601,597,598,592,607,604,591,597,631,642,649,658,654,643,636,629,632,630,645,649,649,655,638,642,655,649,330,339,339,353,328,331,334,339,338,338,338,339,352,339,338,345,338,342,339,349,336,337,328,332,335,340,339,339,339,339,353,339,339,346,339,343,339,350,338,338
33.6,620,621,622,622,611,601,595,589,593,602,607,614,613,614,601,597,598,592,607,604,591,597,631,642,650,658,654,643,637,629,632,630,645,650,649,655,638,642,656,649,329,339,339,353,328,330,334,338,337,338,338,338,352,339,338,345,338,342,338,349,336,337,328,331,335,340,339,338,338,339,352,339,339,346,339,343,339,350,337,338
33.64,621,622,622,622,611,601,595,589,594,602,608,614,613,614,601,597,598,592,607,604,591,598,631,642,650,659,654,643,637,629,633,630,645,650,649,655,638,642,656,649,329,338,339,353,327,330,333,338,337,337,337,338,352,339,338,345,338,341,338,349,336,337,327,331,334,339,338,338,338,338,352,339,339,345,339,342,339,349,337,338
33.68,621,622,622,623,611,601,595,589,594,602,608,614,613,614,602,597,598,593,607,604,591,598,631,642,650,659,654,643,637,630,633,631,645,650,649,655,638,642,656,649,328,338,339,352,327,330,333,338,337,337,337,338,352,338,338,345,338,341,338,349,336,337,327,331,334,339,338,338,338,338,352,339,339,345,339,342,338,349,337,338
33.72,621,621,622,622,611,601,595,589,594,602,608,614,613,614,601,597,598,592,607,604,591,597,631,642,650,659,654,643,637,629,633,630,645,650,649,655,638,642,656,649,328,338,338,352,327,329,333,337,337,337,337,337,351,338,337,344,337,341,338,348,335,336,327,330,334,339,338,337,338,338,352,338,338,345,338,342,338,349,336,337
33.76,621,622,622,622,611,601,595,589,594,602,608,614,613,614,601,597,598,593,607,604,591,598,631,642,650,659,654,644,637,630,633,631,645,650,649,655,638,642,656,649,327,337,338,351,326,329,332,337,336,336,336,337,351,337,337,344,337,340,337,348,335,336,326,330,333,338,337,337,337,337,351,338,338,344,338,341,338,348,336,337
33.8,621,622,622,623,611,601,596,590,594,602,608,614,613,614,602,597,598,593,607,604,591,598,631,642,650,659,654,644,637,630,633,631,645,650,650,656,639,642,656,649,327,337,338,351,326,329,332,337,336,336,336,337,351,337,337,344,337,340,337,348,335,336,326,330,333,338,337,337,337,337,351,338,337,344,338,341,337,348,336,337
33.84,621,622,622,623,611,602,596,590,594,603,608,615,613,614,602,598,599,593,608,605,591,598,631,642,650,659,654,644,637,630,633,631,645,650,650,656,639,642,656,649,327,337,337,351,325,328,332,337,336,336,336,336,350,337,336,343,336,340,336,347,334,335,326,329,333,338,337,336,336,337,350,337,337,344,337,341,337,348,335,336
33.88,621,622,622,623,611,602,596,590,594,603,608,615,613,615,602,598,599,593,608,605,591,598,631,643,650,659,654,644,637,630,633,631,645,650,650,656,639,642,656,649,326,336,337,350,325,328,332,337,336,335,336,336,350,336,336,343,336,340,336,347,334,335,325,329,332,337,336,336,336,336,350,337,337,343,337,340,336,347,335,336
33.92,621,622,622,623,611,602,596,590,595,603,608,615,613,615,602,598,599,593,608,605,592,598,631,643,650,659,654,644,637,630,633,631,645,650,650,655,639,642,656,649,326,336,336,350,325,328,331,336,335,335,335,336,349,336,336,343,336,339,336,347,334,335,325,328,332,337,336,336,336,336,350,336,336,343,336,340,336,347,335,336
33.96,621,622,623,623,612,602,596,590,595,603,609,615,614,615,602,598,599,593,608,605,592,599,632,643,650,659,654,644,637,630,633,631,646,650,650,656,639,643,656,649,326,336,336,350,325,328,331,336,335,335,335,335,349,336,336,342,336,339,336,346,334,335,325,328,332,337,336,335,336,336,349,336,336,343,336,340,336,347,335,335
34.0,621,622,623,623,612,602,596,590,595,603,609,615,614,615,602,598,599,593,608,605,592,599,632,643,650,659,654,644,637,630,633,631,645,650,650,656,639,643,656,649,325,335,336,350,324,327,331,336,335,334,335,335,349,336,335,342,335,339,335,346,333,334,324,328,331,337,335,335,335,335,349,336,336,343,336,339,336,346,334,335
34.04,621,622,623,623,612,602,596,590,595,603,609,615,614,615,602,598,599,593,608,605,592,599,632,643,650,659,654,644,637,630,633,631,645,650,650,656,639,643,656,649,325,335,336,350,324,327,331,336,335,335,335,335,349,336,335,342,335,339,335,346,333,334,324,328,331,337,335,335,335,335,349,336,336,343,336,340,336,347,334,335
34.08,622,622,623,623,612,602,596,590,595,603,609,615,614,615,602,598,599,594,608,605,592,599,632,643,650,659,654,644,637,630,633,631,645,650,650,656,639,643,656,649,325,335,336,350,324,327,331,336,335,334,335,335,349,336,335,342,335,339,335,346,333,334,324,328,331,336,335,335,335,335,349,336,336,342,336,339,336,346,334,335
34.12,622,623,623,624,612,602,596,590,595,603,609,615,614,615,603,598,599,594,608,605,592,599,632,643,650,659,654,644,637,630,634,631,646,651,650,656,639,643,656,649,325,335,336,350,324,327,331,336,335,335,335,335,349,336,335,342,335,339,335,346,333,334,324,328,331,337,335,335,335,335,349,336,336,343,336,340,336,347,334,335
34.16,622,623,623,624,612,603,597,591,595,604,609,615,614,615,603,598,599,594,608,605,592,599,632,643,650,659,654,644,637,630,634,631,646,650,650,656,639,643,656,649,326,335,336,350,324,327,331,336,335,335,335,335,349,336,336,343,336,339,336,347,334,335,324,328,332,337,336,335,335,335,350,336,336,343,336,340,336,347,334,335
34.2,622,623,623,624,612,603,597,591,595,604,609,615,614,615,603,599,599,594,608,606,592,599,632,643,650,659,654,644,638,630,634,632,646,651,650,656,639,643,656,650,326,335,336,350,324,327,331,336,335,335,335,335,349,336,336,343,336,339,336,347,334,335,324,328,332,337,336,335,335,335,350,336,336,343,336,340,336,347,334,335
34.24,622,623,623,624,612,603,597,591,595,604,609,615,614,615,603,599,599,594,608,606,592,599,632,643,650,659,654,644,638,630,634,631,646,651,650,656,639,643,656,650,326,336,336,350,325,328,331,336,335,335,335,335,349,336,336,343,336,339,336,347,334,335,325,328,332,337,336,335,335,335,350,336,336,343,336,340,336,347,334,335
34.28,622,623,623,624,612,603,597,591,595,604,609,615,614,615,603,599,599,594,608,606,592,599,632,643,650,659,654,644,638,630,634,632,646,651,650,656,639,643,656,650,326,336,336,350,324,327,331,336,335,335,335,335,350,336,336,343,336,339,336,347,334,335,325,328,332,337,336,335,335,335,350,336,336,343,336,340,336,347,334,335
34.32,622,623,623,624,612,603,597,591,595,604,609,615,614,615,603,599,599,594,608,606,592,599,632,643,651,659,654,644,638,631,634,632,646,651,650,656,639,643,656,650,326,336,336,350,325,328,331,336,335,335,335,336,350,336,336,343,336,339,336,347,334,335,325,328,332,337,336,335,335,336,350,336,336,343,336,340,336,347,334,335
34.36,622,623,623,624,612,603,597,591,595,604,609,615,614,615,603,599,599,594,608,606,592,599,632,643,651,659,654,644,638,631,634,632,646,651,650,656,639,643,656,650,326,336,336,350,325,328,331,336,335,335,335,335,350,336,336,343,336,339,336,347,334,335,325,328,332,337,336,335,335,336,350,336,336,343,336,340,336,347,334,335
34.4,622,623,623,624,612,603,597,591,595,604,609,616,614,616,603,599,599,594,609,606,592,599,632,643,651,659,655,644,638,631,634,632,646,651,650,656,639,643,657,650,326,335,336,350,324,327,331,336,335,335,335,335,349,336,335,342,335,339,336,346,333,334,324,328,331,336,335,335,335,335,349,336,336,343,336,339,336,347,334,335
34.44,622,623,624,624,613,603,597,591,595,604,609,616,614,616,603,599,600,594,609,606,592,599,632,643,651,660,655,644,638,631,634,632,646,651,650,656,640,643,657,650,326,335,336,350,324,327,331,336,335,335,335,335,349,336,335,342,335,339,336,346,333,334,324,328,331,336,335,335,335,335,349,336,336,343,336,339,336,347,334,335
34.48,622,623,623,624,612,603,597,591,596,604,609,616,614,616,603,599,600,594,609,606,592,599,632,643,651,659,655,644,638,631,634,632,646,651,650,656,639,643,657,650,326,335,336,350,324,327,331,336,335,335,335,335,350,336,336,342,336,339,336,347,334,334,324,328,331,337,335,335,335,335,350,336,336,343,336,340,336,347,334,335
34.52,623,624,625,625,614,604,598,592,597,605,610,617,616,617,604,600,601,595,610,607,594,601,633,645,652,660,655,645,639,632,635,633,647,652,651,657,640,644,657,650,326,336,336,351,324,327,331,337,335,335,335,336,350,336,336,343,336,340,336,347,334,335,324,328,331,337,336,335,335,336,350,336,336,343,336,340,336,347,334,335
34.56,625,625,626,626,615,605,598,592,597,605,611,618,616,618,605,600,601,596,610,608,594,601,635,646,653,660,656,646,640,633,636,634,648,653,651,657,641,645,658,651,325,335,336,350,324,327,331,336,335,334,334,335,349,335,335,342,335,339,335,346,333,334,323,327,331,336,335,334,334,334,349,335,335,342,335,339,335,346,333,334
34.6,625,626,626,627,615,605,599,593,598,606,612,618,617,618,605,601,602,596,611,608,595,601,635,646,653,661,656,646,640,633,637,634,648,653,652,658,642,646,658,652,324,333,335,348,322,326,330,335,334,333,333,333,348,334,334,341,334,338,334,345,332,333,322,326,329,335,334,333,333,333,348,334,334,341,334,338,334,345,332,333
34.64,625,626,626,627,615,605,599,592,597,606,611,618,617,618,605,601,601,596,611,608,594,601,635,646,653,662,657,647,640,633,637,634,648,653,652,658,642,646,659,652,322,332,333,347,320,324,328,333,332,332,331,332,347,333,333,340,333,336,333,344,331,331,320,324,328,333,332,332,332,332,346,333,333,340,333,336,333,344,331,332
34.68,625,626,626,627,615,605,599,593,597,606,612,618,617,618,605,601,602,596,611,608,594,601,635,646,654,662,657,647,641,633,637,635,649,654,653,659,642,646,660,653,321,331,332,346,319,323,327,333,331,331,331,331,346,332,332,339,332,336,332,343,330,331,319,323,327,333,331,331,331,331,346,332,332,339,332,336,332,343,330,331
34.72,624,625,626,626,614,605,598,592,597,605,611,618,617,618,605,600,601,595,611,608,594,601,635,646,654,662,657,647,641,633,637,634,649,654,653,659,642,646,660,653,319,330,331,345,318,322,326,331,330,330,329,330,344,331,330,338,331,334,330,342,329,330,318,322,326,331,330,330,329,329,344,331,330,337,331,334,330,341,329,330
34.76,625,626,627,627,615,605,599,593,598,606,612,618,617,618,605,601,602,596,611,608,594,601,635,647,654,663,658,648,641,634,637,635,649,654,653,660,643,647,660,653,318,329,330,344,317,321,325,331,330,329,329,329,344,330,330,337,330,334,330,341,328,329,317,321,325,330,329,329,329,329,343,330,330,337,330,333,329,341,328,329
34.8,626,627,627,628,616,606,599,593,598,606,612,619,618,619,606,601,602,596,612,609,595,602,636,647,655,664,659,648,642,635,638,636,650,655,654,660,643,647,661,654,317,328,329,343,316,320,324,330,329,328,328,328,343,329,329,336,329,333,329,340,327,328,316,320,324,329,328,328,328,328,342,329,328,335,329,332,328,339,327,328
34.84,628,628,629,630,618,608,601,595,600,608,614,621,620,621,608,603,604,598,614,611,596,604,638,649,656,665,660,650,643,636,640,637,651,657,655,662,645,649,662,655,317,327,328,342,316,319,324,330,328,328,327,327,342,328,329,336,329,333,328,339,327,328,315,319,323,329,327,327,327,327,342,328,328,335,328,332,328,339,326,327
34.88,629,630,631,632,619,609,603,597,601,610,616,623,622,623,609,605,606,600,615,613,598,605,639,650,658,666,661,651,645,638,642,639,653,658,657,663,647,651,664,657,316,327,328,342,315,319,323,329,328,327,327,327,341,328,328,335,328,332,328,339,327,327,315,318,322,328,327,326,326,326,341,327,327,334,327,331,327,338,325,326
34.92,630,631,632,633,620,610,604,598,602,611,617,624,623,624,610,606,607,601,616,614,599,606,641,652,659,668,663,653,646,639,643,640,654,659,658,664,648,652,665,658,316,326,327,341,315,319,323,329,328,327,327,326,341,328,328,335,328,332,328,339,326,327,314,318,322,327,326,326,326,326,341,327,327,334,327,331,327,338,325,326
34.96,632,633,633,634,622,612,605,599,604,612,618,625,624,625,612,607,608,602,618,615,601,608,642,653,660,669,664,654,647,640,644,642,656,661,660,666,649,654,666,659,316,327,328,343,316,319,324,330,329,328,327,327,342,328,329,336,329,333,328,340,327,328,315,318,322,328,327,326,326,327,342,328,327,334,327,331,327,338,325,326
35.0,632,633,633,634,622,612,606,599,604,613,619,625,624,625,612,608,608,603,618,615,601,608,642,653,660,669,664,654,647,640,644,641,655,661,659,665,649,653,666,659,318,328,329,343,317,321,325,331,330,329,329,328,343,329,330,337,330,334,330,341,328,329,316,320,323,329,328,328,328,328,342,329,328,335,328,332,328,339,326,327
35.04,632,633,634,634,622,612,606,599,604,613,619,626,625,625,612,608,608,603,618,615,601,608,642,653,661,669,664,654,648,641,645,642,656,661,660,666,649,654,666,659,320,330,331,345,319,323,327,333,332,331,331,330,345,331,332,339,332,336,331,342,330,331,318,322,325,331,330,330,330,330,344,331,330,337,330,334,330,341,328,329
35.08,633,633,634,635,623,612,606,599,603,612,619,625,624,625,612,607,608,602,618,615,601,607,642,653,660,669,664,654,648,641,645,642,656,661,659,666,649,654,666,659,323,333,334,348,322,326,330,335,334,333,333,333,348,334,334,342,335,339,334,345,333,333,321,324,328,333,332,332,332,333,347,333,333,339,333,336,333,344,330,331
35.12,632,632,633,634,622,612,605,598,603,612,618,625,624,625,611,607,607,602,617,614,600,607,642,653,660,668,663,653,647,640,644,641,655,660,659,665,649,653,665,658,325,335,336,350,324,328,332,337,336,335,335,335,350,336,336,344,336,340,336,347,334,335,323,326,330,335,334,334,334,335,349,336,335,342,335,338,335,346,332,333
35.16,631,632,632,633,621,611,604,597,602,611,617,624,623,624,610,606,606,601,617,614,599,606,641,652,659,667,662,653,646,640,643,641,654,660,658,664,648,652,665,658,326,337,337,352,325,329,333,339,337,337,337,337,351,337,338,345,338,342,337,349,336,337,325,328,331,336,335,335,336,336,351,337,336,343,336,340,336,347,334,335
35.2,630,630,631,632,620,610,604,597,602,611,616,623,622,623,610,606,606,601,616,613,599,606,640,651,658,666,661,651,645,638,642,639,653,658,657,663,647,651,664,657,326,337,337,351,325,329,333,339,337,337,337,337,351,337,338,345,338,342,337,349,336,337,325,328,332,337,336,336,336,336,350,337,336,343,336,340,336,347,334,335
35.24,628,629,629,630,618,608,602,596,601,609,615,621,620,621,608,604,605,599,614,611,598,605,638,649,656,664,659,649,643,636,640,637,651,656,655,661,645,649,661,654,325,335,337,351,324,327,331,337,336,335,335,335,351,337,337,344,337,340,337,348,334,335,323,327,331,337,335,335,335,335,350,337,336,343,336,340,336,347,334,335
35.28,627,628,628,629,618,608,602,596,601,609,614,621,619,621,608,604,605,599,614,611,597,605,637,648,655,662,657,647,642,635,639,636,649,655,653,659,643,648,659,652,323,333,337,352,322,325,330,337,335,334,333,333,351,337,336,344,336,340,336,348,333,334,321,325,329,336,335,334,333,333,351,336,336,343,336,339,336,348,333,334
35.32,627,628,629,630,618,608,602,596,602,610,615,621,619,621,609,604,606,599,614,611,598,605,637,648,654,662,656,647,642,635,640,637,649,655,652,659,643,649,659,652,322,334,339,355,321,326,331,338,337,335,334,334,355,339,338,346,338,342,339,351,335,335,321,325,329,337,336,334,334,334,354,339,337,345,337,341,338,350,333,334
35.36,627,627,628,629,617,607,601,595,601,609,614,620,618,620,608,602,605,598,613,609,597,604,637,647,654,661,655,646,641,635,640,636,648,655,651,659,643,648,659,651,324,335,344,361,323,327,332,341,339,337,336,336,361,344,343,351,342,345,343,357,336,337,322,326,331,339,338,336,335,335,360,344,342,349,341,344,343,356,335,336
35.4,627,627,628,629,616,607,601,595,601,609,614,620,618,620,608,602,605,598,613,609,597,605,637,648,654,661,655,647,641,635,640,637,649,656,652,659,643,649,659,651,326,337,350,367,325,329,334,343,342,339,338,338,366,350,347,355,346,349,349,362,339,340,325,328,333,342,341,338,337,337,366,350,346,354,345,348,348,361,337,339
35.44,626,627,628,629,616,606,600,594,601,608,613,619,617,619,608,601,604,597,613,608,596,604,636,647,654,661,655,646,641,634,640,636,648,656,651,659,643,650,659,650,327,338,356,373,326,330,335,345,344,340,339,338,372,356,352,359,349,352,354,367,340,341,326,330,335,344,343,339,338,338,372,356,351,358,348,351,354,366,339,340
35.48,626,627,628,629,616,607,602,597,603,610,615,620,618,620,609,603,607,599,614,609,598,607,636,647,653,661,654,646,641,634,641,637,648,656,651,659,643,650,658,650,327,338,357,374,326,330,336,346,344,340,339,339,373,356,352,359,349,352,354,367,340,341,326,330,335,345,344,340,339,338,372,356,351,358,349,351,354,366,340,341
35.52,625,626,627,628,615,606,601,597,603,610,614,619,617,619,609,602,606,599,613,608,598,606,635,646,652,659,652,644,639,633,640,636,647,655,649,657,642,649,656,648,326,338,358,375,325,330,335,346,345,340,339,338,374,357,353,360,350,353,355,368,340,341,325,330,335,345,344,340,338,338,373,357,352,359,349,352,355,368,340,341
35.56,624,625,626,627,614,605,600,595,602,609,613,618,616,618,608,601,605,598,612,607,597,605,634,645,651,657,651,643,638,632,639,634,645,653,648,656,640,647,655,647,326,338,358,375,326,330,336,346,345,340,339,338,374,357,353,360,350,353,355,368,340,341,325,330,335,346,344,340,339,338,373,357,352,359,350,352,355,368,340,341
35.6,624,625,626,626,614,604,600,595,601,608,612,618,616,618,607,601,605,597,612,607,596,605,634,644,650,657,651,643,638,632,638,634,645,652,648,655,640,646,655,647,328,339,355,373,327,331,336,346,345,341,340,340,371,355,351,359,349,352,353,366,341,342,327,331,336,346,345,341,340,339,371,355,351,358,349,352,353,366,341,342
35.64,623,624,625,626,614,605,599,595,600,607,612,617,616,617,606,601,604,597,611,607,596,604,633,643,650,657,651,642,637,631,636,632,644,651,647,654,639,644,654,647,332,343,349,366,330,334,339,346,345,343,343,343,365,349,347,355,347,350,348,361,342,343,330,334,339,346,345,343,343,343,365,349,347,355,347,350,348,361,342,343
35.68,623,624,624,625,613,604,599,593,598,606,611,617,615,617,605,600,602,596,610,606,595,602,633,643,650,658,652,643,638,631,636,632,645,651,648,655,639,645,655,648,333,344,349,365,332,335,340,347,345,344,344,344,364,349,347,355,347,351,348,361,343,344,332,335,340,346,345,344,344,344,364,348,347,355,347,350,348,360,343,344
35.72,622,623,623,624,612,602,597,591,597,604,609,616,614,615,603,598,600,594,609,605,593,600,632,643,650,658,652,643,637,630,635,631,645,651,648,655,639,644,655,648,334,345,349,365,333,336,340,347,345,344,344,345,364,349,347,355,347,351,348,361,343,344,332,336,340,346,345,344,344,345,364,349,347,355,347,350,348,360,343,344
35.76,622,623,623,624,612,603,597,591,596,604,609,616,613,615,603,598,600,594,608,605,593,600,632,642,649,657,652,642,637,630,635,631,644,651,648,655,639,644,655,647,336,347,353,369,335,338,342,349,348,347,346,347,368,352,350,358,350,353,351,364,345,346,334,338,342,349,347,346,346,347,368,352,350,358,349,353,351,364,345,346
35.8,622,623,623,624,612,602,596,590,595,604,609,615,613,615,603,597,599,593,608,604,592,599,632,643,650,658,652,643,637,630,635,632,645,651,648,655,639,644,655,648,339,350,357,374,338,341,345,352,350,350,350,350,372,357,354,362,353,356,356,368,348,349,338,341,345,351,350,349,350,350,372,356,354,361,353,356,355,368,347,349
35.84,622,623,623,624,612,602,596,590,595,603,609,615,613,615,602,597,599,593,608,604,592,599,632,643,650,658,652,643,637,630,635,632,645,651,648,655,639,644,655,648,340,351,357,373,339,342,346,352,351,350,350,351,372,356,354,362,353,357,355,368,349,350,339,342,346,352,351,350,351,351,372,356,354,362,353,357,355,368,349,350
35.88,620,622,622,623,611,601,595,589,594,602,608,614,612,614,601,596,598,592,607,604,590,598,631,642,649,658,653,643,637,629,634,631,645,651,649,655,638,643,655,648,341,352,355,371,340,342,346,351,350,350,351,351,370,354,352,360,352,355,353,366,348,349,340,343,347,352,351,351,351,352,370,354,353,360,352,356,354,366,349,350
35.92,620,621,621,622,609,600,594,587,592,601,606,613,612,613,600,596,596,591,606,603,589,596,630,642,650,659,654,644,637,629,633,630,645,650,649,656,638,642,656,649,342,351,352,366,340,342,345,349,348,349,350,351,365,351,350,357,349,353,351,362,347,348,340,343,346,349,348,349,350,351,365,351,350,357,350,353,351,362,347,348
35.96,619,621,621,621,609,599,593,586,591,600,606,613,611,612,599,595,595,590,605,602,588,595,630,642,650,659,654,643,637,629,632,630,645,650,649,655,638,642,656,649,342,351,351,365,340,342,345,348,347,348,349,350,364,351,349,356,349,352,350,361,346,347,340,343,345,349,348,349,350,350,364,351,349,356,349,352,350,361,347,348
36.0,620,621,621,622,610,600,593,587,591,600,606,613,612,613,599,595,596,590,605,603,588,595,631,642,650,660,655,644,637,629,633,630,646,650,650,656,639,642,657,650,342,351,351,365,340,342,345,348,347,348,349,350,364,350,349,356,348,352,350,360,346,347,340,342,345,348,347,348,349,350,364,350,349,356,348,352,350,360,346,348
36.04,620,621,621,622,609,599,593,586,591,600,606,613,612,613,599,595,595,590,605,603,588,595,630,642,650,660,655,644,637,629,633,630,646,650,650,656,638,642,657,650,341,350,350,364,340,342,344,348,347,348,349,350,363,350,349,355,348,351,349,360,346,347,340,342,345,348,347,348,349,350,363,350,349,355,348,351,349,360,346,347
36.08,620,621,621,622,610,600,593,587,591,600,606,613,612,613,600,596,596,590,606,603,589,595,631,642,650,660,655,644,637,629,633,630,646,650,650,656,639,642,657,650,341,350,350,363,339,341,344,347,346,348,348,349,363,349,348,355,348,351,349,359,345,347,339,342,344,347,347,348,349,349,363,349,348,355,348,351,349,359,346,347
36.12,620,621,621,622,609,600,593,587,591,600,606,613,612,613,599,595,596,590,605,603,588,595,630,642,650,659,654,644,637,629,632,630,645,650,650,656,638,642,656,649,340,349,349,363,339,341,343,347,346,347,348,349,362,349,347,354,347,350,348,359,345,346,339,341,344,347,346,347,348,349,362,349,348,354,347,351,348,359,345,346
36.16,619,620,621,621,609,599,593,586,591,600,606,612,611,612,599,595,595,590,605,602,588,595,630,642,650,659,654,643,636,629,632,630,645,650,649,655,638,642,656,649,340,349,349,363,338,340,343,346,345,347,347,348,362,349,347,354,347,350,348,359,344,346,338,341,343,347,346,347,348,348,362,349,348,354,347,350,348,359,345,346
36.2,618,620,620,620,608,599,592,586,590,599,605,612,610,612,598,594,595,589,604,601,588,595,629,641,648,658,653,642,635,628,631,629,644,649,648,654,637,641,655,648,339,348,349,362,337,340,342,346,345,346,347,348,361,348,347,353,346,349,347,358,344,345,338,341,343,347,346,347,348,348,362,348,347,354,347,351,348,359,345,346
36.24,619,620,620,621,609,599,593,587,592,600,606,612,611,612,599,595,596,590,605,602,589,596,629,641,648,657,652,642,635,628,631,629,643,648,648,654,637,640,654,647,338,347,347,361,336,339,342,346,345,346,346,347,360,347,346,353,346,349,347,357,344,345,336,339,343,347,346,346,347,347,361,347,347,353,347,350,347,357,345,346
36.28,620,621,621,621,610,600,594,588,593,601,607,613,612,613,600,596,597,591,606,603,590,597,630,641,648,657,652,642,636,628,632,629,644,649,648,654,637,641,654,648,337,346,346,360,335,338,341,345,344,345,345,346,359,346,345,352,345,349,346,356,343,344,335,338,342,346,345,345,345,346,359,346,345,352,345,349,346,356,344,345
36.32,621,622,622,623,611,601,595,589,594,602,608,614,613,614,601,597,598,592,607,604,591,598,631,642,649,658,653,643,636,629,633,630,645,650,649,655,638,642,655,648,335,344,345,358,334,336,340,345,343,344,344,344,358,345,344,351,344,348,344,355,342,343,333,337,340,345,343,344,344,344,358,345,344,351,344,348,344,355,342,343
36.36,621,622,622,623,611,601,595,590,594,602,608,614,613,614,602,597,598,593,607,604,591,598,631,642,650,657,653,643,637,630,633,631,644,649,648,654,638,642,655,648,333,343,343,357,332,335,339,343,342,342,343,343,357,343,343,350,343,346,343,354,341,342,332,335,338,343,342,342,343,343,357,343,343,349,343,346,343,353,341,342
36.4,621,622,622,623,611,601,595,589,593,602,607,614,613,614,601,597,598,592,607,604,590,597,632,643,650,658,653,643,637,630,633,631,645,649,649,654,638,642,655,649,330,340,340,353,329,332,336,341,339,339,339,340,353,340,340,346,340,344,340,350,338,339,329,332,336,340,339,339,339,340,353,340,340,346,340,343,339,350,338,339
36.44,621,621,622,622,611,600,594,587,592,601,607,614,613,614,600,596,597,591,606,604,589,596,631,642,650,657,653,643,637,629,633,630,644,649,648,654,638,642,655,648,327,337,337,350,326,329,333,338,337,336,336,337,350,337,337,344,337,341,337,347,335,336,326,329,333,338,337,337,337,337,350,337,337,344,337,341,337,347,336,336
36.48,620,620,621,621,610,600,593,587,592,600,606,613,612,613,600,595,596,590,606,603,589,596,630,641,649,657,652,642,636,628,631,629,644,648,648,654,637,641,654,648,325,335,335,348,323,327,331,336,335,334,334,334,348,335,335,342,335,339,335,345,334,334,323,327,331,337,336,335,335,334,348,335,335,342,336,339,335,345,334,335
36.52,617,618,618,618,607,597,591,586,590,598,604,610,609,610,598,593,594,589,603,600,587,594,627,639,646,655,650,640,633,626,629,627,641,646,645,651,634,638,652,645,324,335,335,349,323,326,331,337,336,335,334,335,349,335,335,343,336,340,335,346,334,335,323,327,331,337,336,335,335,335,349,335,336,343,336,340,335,346,335,335
36.56,616,617,617,618,606,596,590,584,589,597,603,610,608,609,596,592,593,587,602,599,586,593,627,638,646,655,650,639,632,625,628,626,641,646,645,651,634,638,652,645,329,339,339,354,327,331,335,340,339,339,339,339,353,339,339,346,339,343,339,350,338,339,327,331,335,341,339,339,339,339,353,339,340,347,340,344,339,350,338,339
36.6,617,618,618,619,607,596,590,584,589,598,603,610,608,609,597,591,594,587,602,598,586,593,627,639,646,655,650,639,633,626,630,627,641,647,645,652,635,640,652,645,330,341,347,364,329,332,336,342,341,340,340,341,362,346,344,352,343,347,345,358,338,340,329,333,337,343,342,341,341,341,363,347,345,353,344,348,346,359,340,341
36.64,617,619,619,620,607,596,590,584,589,598,604,610,608,610,597,592,594,587,603,599,586,593,629,641,648,658,652,641,635,627,631,628,643,649,647,654,636,641,655,647,333,343,350,366,331,334,337,343,343,342,342,343,365,349,347,354,345,348,348,360,340,342,332,335,339,345,344,343,343,343,365,350,348,355,347,350,349,361,342,343
36.68,617,618,618,619,606,596,590,583,589,597,603,610,608,610,597,591,593,587,602,599,585,593,628,640,648,658,652,641,635,627,631,628,643,649,647,654,636,641,654,647,331,341,349,365,330,332,336,341,341,340,340,341,364,348,345,353,344,347,347,359,338,340,330,334,337,344,343,341,341,341,364,349,347,354,346,349,348,360,340,342
36.72,617,618,618,619,606,596,589,583,589,597,603,609,608,609,596,591,593,586,602,598,585,592,628,640,648,657,651,641,634,627,630,628,642,648,647,653,636,640,654,646,332,342,350,365,330,333,336,342,341,341,341,342,364,349,346,353,344,347,347,360,339,340,331,334,338,344,343,342,342,342,364,349,347,354,346,349,348,360,341,342
36.76,616,617,618,618,606,596,589,583,589,597,603,609,607,609,596,591,593,586,602,598,585,593,627,639,647,656,650,640,633,626,630,627,642,648,646,653,635,640,653,645,334,345,351,367,333,335,339,345,344,343,344,344,366,350,348,355,347,350,349,362,341,343,333,337,341,347,346,345,345,345,366,351,349,357,348,352,350,362,343,345
36.8,617,619,619,620,607,598,592,586,591,599,605,611,609,611,599,594,595,589,604,601,588,595,628,640,647,656,651,640,634,627,631,628,642,648,646,653,636,640,653,646,337,348,351,367,335,338,342,348,347,346,347,347,366,350,349,357,348,352,350,362,345,346,336,339,343,349,348,347,347,347,366,351,350,357,349,353,350,363,346,347
36.84,619,620,620,621,609,599,594,588,593,601,606,613,611,612,600,595,597,591,606,602,590,597,629,640,648,657,651,641,635,628,632,629,643,649,647,654,637,641,654,646,339,350,353,369,338,341,344,350,349,349,349,349,368,352,351,358,350,354,351,364,347,348,338,341,345,351,349,349,349,350,368,352,351,359,351,354,352,364,348,349
36.88,621,622,623,623,612,603,597,592,597,605,609,615,613,615,603,598,601,594,608,605,593,601,631,641,648,656,650,641,635,629,634,631,643,649,646,653,637,642,653,646,342,353,356,372,341,344,347,353,352,352,352,352,371,356,354,362,354,357,355,368,350,351,340,344,347,353,352,352,352,352,371,356,354,362,354,357,355,367,350,351
36.92,623,624,624,625,614,605,600,594,599,607,612,617,615,617,606,600,603,597,611,607,596,603,633,642,648,655,650,641,636,630,635,632,643,649,646,653,638,643,653,646,344,355,359,375,343,347,351,357,355,355,355,355,374,359,357,365,357,361,358,370,354,354,343,346,350,357,355,355,355,355,374,359,357,365,357,360,358,370,353,354
36.96,626,626,627,628,617,608,603,597,603,610,614,620,618,620,609,603,606,600,614,609,599,606,635,644,650,656,651,643,638,633,637,634,645,651,648,655,640,646,654,647,346,357,363,379,345,349,353,360,358,357,357,357,378,363,361,369,360,364,362,374,356,357,344,348,352,359,358,357,356,356,378,362,360,368,360,363,361,374,356,357
37.0,628,628,629,629,619,609,604,598,603,611,616,622,619,621,610,604,607,601,615,611,600,607,637,646,652,658,653,645,640,634,639,636,647,653,650,656,642,647,656,649,348,358,364,380,347,350,355,361,360,359,358,358,379,364,362,370,362,365,363,376,358,359,346,349,353,360,359,358,358,358,379,363,361,369,361,364,362,375,357,358
37.04,629,629,630,631,619,610,604,598,603,612,617,622,621,622,610,605,607,601,616,612,600,607,638,648,654,660,655,647,642,636,640,637,649,655,652,658,644,649,658,651,349,359,364,380,348,351,356,362,360,359,359,359,379,364,362,370,362,366,363,375,359,359,347,350,354,360,359,358,359,359,378,363,361,369,361,364,362,374,357,358
37.08,629,630,630,631,620,610,604,598,603,611,616,623,621,622,610,605,607,601,616,612,600,607,639,649,655,662,657,648,643,637,641,638,650,656,653,660,645,650,660,652,352,362,366,382,350,354,357,363,362,361,361,362,381,366,364,372,363,367,365,377,360,361,350,353,356,362,361,360,361,361,380,365,363,370,362,366,364,376,359,360
37.12,629,630,630,631,619,609,602,595,600,609,615,622,620,622,608,603,605,598,614,611,597,604,639,650,656,664,658,649,643,637,642,639,651,657,655,661,646,651,661,654,357,367,372,388,356,358,361,366,365,365,366,366,387,372,369,376,368,371,371,383,363,365,355,357,360,365,364,364,365,366,386,371,368,375,367,370,370,382,362,364
37.16,627,628,629,630,617,606,599,592,598,607,613,620,619,620,606,601,602,596,612,609,594,602,638,649,656,664,659,649,643,636,641,638,651,657,655,661,645,650,661,654,358,367,373,389,356,359,361,366,365,365,366,367,388,373,370,377,368,371,371,384,363,365,356,358,360,365,365,365,366,366,387,372,369,376,367,370,371,383,362,364
37.2,628,628,629,630,616,605,598,590,595,605,612,619,618,620,605,600,601,594,611,608,592,600,639,651,658,667,662,651,645,637,642,639,653,659,657,664,647,651,664,657,358,367,373,389,357,359,361,365,365,365,366,367,388,373,369,377,368,371,371,383,363,364,356,358,360,364,364,364,366,367,387,372,369,376,367,370,371,382,362,363
37.24,626,627,628,629,615,603,596,589,594,604,610,618,617,618,603,599,599,593,610,607,591,598,638,650,657,666,660,650,644,636,640,637,652,657,656,662,645,650,663,655,356,365,371,387,354,356,359,362,362,362,363,364,386,371,367,374,365,368,369,381,360,361,354,356,358,362,362,362,363,364,385,370,367,373,365,367,369,380,359,361
37.28,625,626,627,628,614,603,596,588,593,603,609,617,616,617,603,598,598,592,609,606,590,598,636,648,656,665,659,649,643,635,639,636,651,656,655,661,644,649,662,654,355,364,370,386,354,355,358,362,361,362,363,364,385,370,366,373,364,367,368,380,359,361,353,355,357,361,361,361,362,363,384,369,366,373,364,367,368,379,359,360
37.32,623,624,625,626,612,602,595,588,593,602,608,616,615,616,602,597,598,592,608,605,590,597,634,646,653,662,657,646,640,633,637,634,648,654,652,659,642,646,659,652,357,366,370,385,355,357,360,364,363,364,365,366,384,370,367,374,366,369,368,380,361,363,355,357,360,363,363,364,365,365,384,369,367,374,365,368,368,380,361,363
37.36,621,622,622,623,610,600,593,586,592,601,606,613,612,613,600,595,596,590,606,603,588,596,632,643,651,661,655,645,638,630,634,631,647,652,651,657,640,644,658,650,359,368,371,386,357,359,361,365,364,365,366,367,385,370,367,375,366,369,369,381,363,364,357,360,362,366,365,366,367,368,385,370,368,375,367,370,369,381,364,365
37.4,620,620,621,622,609,598,591,584,589,599,605,612,611,612,598,593,594,588,604,601,586,594,631,643,651,660,655,644,637,629,633,630,646,651,650,656,639,643,657,650,359,368,370,385,357,359,361,364,363,365,366,367,384,369,367,374,365,368,368,380,362,363,358,360,362,366,365,366,367,368,384,370,368,375,367,370,369,381,364,365
37.44,619,620,620,621,608,598,591,584,589,598,604,611,610,611,597,593,593,587,604,601,586,593,630,642,650,660,654,643,637,629,632,630,645,650,649,656,638,642,657,649,358,367,369,384,356,357,359,362,362,363,365,366,383,368,365,372,364,367,367,378,360,362,356,359,361,365,364,365,366,367,383,369,367,374,366,369,368,379,363,364
37.48,618,619,620,620,608,598,591,584,589,598,604,611,609,611,598,593,594,588,603,600,586,593,629,641,649,658,653,642,635,628,632,629,644,650,648,655,637,642,655,648,356,366,370,386,354,356,359,362,362,363,364,365,385,369,366,373,365,368,368,380,360,362,355,358,361,365,364,365,365,366,385,370,368,375,367,370,369,381,363,364
37.52,618,619,619,620,608,597,591,584,589,598,604,611,609,610,597,592,594,587,603,599,586,593,629,641,648,657,652,641,635,628,632,629,643,649,647,654,637,642,654,647,356,366,372,389,354,356,358,363,362,363,364,365,387,371,367,375,366,368,370,382,360,362,354,357,360,365,365,364,365,365,388,372,369,376,367,371,371,383,362,364
37.56,619,619,620,621,608,597,591,584,589,598,604,611,609,611,597,592,594,587,603,600,586,594,630,641,649,658,652,642,636,628,632,629,644,650,648,655,637,642,655,647,356,366,373,389,354,356,358,363,363,363,364,365,387,372,368,375,366,369,370,382,360,362,355,357,360,365,365,364,365,365,388,372,369,377,368,371,371,383,362,364
37.6,619,620,620,621,608,598,591,584,590,599,605,611,610,611,598,593,594,588,604,600,586,594,630,642,649,658,653,642,636,628,633,630,644,650,648,655,638,642,655,648,356,366,371,388,354,356,359,363,362,363,364,365,386,371,367,374,365,368,369,381,360,362,355,357,360,365,364,364,365,366,387,371,368,376,367,370,370,382,362,364
37.64,618,619,620,620,608,597,591,584,589,598,604,611,610,611,598,593,594,588,604,600,586,594,630,641,649,658,653,642,636,628,632,629,644,650,648,655,637,642,655,648,356,365,368,384,354,355,357,361,361,362,363,364,383,368,364,372,363,366,366,378,359,361,354,357,359,363,363,363,364,365,383,368,366,373,365,368,367,379,361,362
37.68,619,620,620,621,608,598,591,584,589,598,604,612,610,611,598,593,594,588,604,601,586,593,630,642,650,659,654,643,636,629,632,630,645,650,649,655,638,642,656,649,356,365,366,381,354,356,358,360,360,362,363,365,379,365,363,370,362,365,364,375,359,360,355,357,360,363,362,363,364,365,380,366,364,371,363,366,365,376,361,362
37.72,619,620,620,621,609,598,591,584,589,598,604,612,610,611,597,593,593,588,604,601,586,593,630,642,650,659,654,643,636,629,632,630,645,650,649,655,638,641,656,649,355,364,364,379,353,355,357,359,359,361,362,363,377,364,361,368,361,364,363,374,358,359,354,356,358,361,360,362,363,364,378,364,362,369,362,365,363,374,360,361
37.76,620,621,622,622,610,600,593,586,590,600,606,613,611,613,599,595,595,589,605,602,588,595,631,643,650,659,654,644,637,630,633,631,645,650,649,656,639,642,656,649,354,362,363,377,352,353,356,358,358,359,361,362,376,362,360,367,359,362,361,372,357,358,352,354,356,359,359,360,361,362,376,363,361,368,360,363,362,373,358,359
37.8,620,620,621,621,609,599,592,585,589,599,605,612,611,612,598,594,594,588,604,601,587,594,630,642,650,659,654,643,636,629,632,630,645,650,649,655,638,642,656,649,353,361,362,376,351,352,354,357,356,358,359,361,375,361,359,366,358,361,360,371,355,357,351,353,355,358,358,359,360,361,375,362,360,367,359,362,361,372,357,358
37.84,620,621,621,622,610,599,592,585,590,599,605,613,611,612,598,594,594,589,605,602,587,594,631,642,650,660,654,644,637,629,633,630,645,650,650,656,638,642,656,649,352,361,361,376,350,352,354,356,356,358,359,360,374,361,359,365,358,361,360,371,355,356,350,352,355,358,357,358,359,360,375,361,359,366,358,361,360,371,356,357
37.88,620,621,622,622,610,600,593,586,591,600,606,613,612,613,599,595,595,590,605,602,588,595,631,643,650,660,655,644,637,630,633,631,646,651,650,656,639,643,657,650,351,360,360,375,349,351,353,356,355,357,358,359,374,360,358,364,357,360,359,370,354,356,349,351,354,357,356,357,358,359,374,360,358,365,358,361,359,370,355,356
37.92,620,621,622,622,610,600,593,586,590,600,606,613,612,613,599,595,595,589,605,602,588,595,631,643,651,660,655,644,637,630,633,631,646,651,650,656,639,643,657,650,349,358,359,373,347,349,352,355,354,356,357,358,372,358,356,363,356,359,357,368,353,354,348,350,353,356,355,356,357,358,372,359,357,364,356,360,358,369,354,355
37.96,620,621,621,622,610,600,594,587,591,600,606,613,612,613,599,595,596,590,606,603,589,596,631,642,650,659,654,643,637,629,633,630,645,650,649,656,638,642,656,649,348,357,357,372,346,348,351,354,354,355,356,357,371,357,355,362,355,358,356,367,353,354,346,349,352,356,355,356,356,357,371,357,356,363,356,359,357,368,354,355
38.0,623,623,624,625,612,603,596,589,594,603,609,616,614,615,602,598,598,593,608,605,591,598,633,644,652,661,656,645,639,631,635,633,647,652,651,657,640,644,658,651,346,355,356,370,344,347,350,354,353,354,354,355,369,355,354,361,354,357,355,366,352,353,344,347,350,354,353,354,354,355,369,355,354,361,354,357,355,366,352,353
38.04,622,623,624,624,612,603,597,590,595,604,609,616,614,615,603,598,599,594,608,605,592,599,632,644,651,660,655,645,638,631,635,632,646,652,650,657,640,644,657,650,343,353,353,368,341,344,348,352,351,352,352,352,367,353,352,359,352,356,353,364,350,351,341,344,348,352,351,352,352,352,367,353,352,359,352,356,353,364,350,351
38.08,621,622,622,623,611,602,596,590,595,603,608,615,613,615,602,598,599,593,608,605,592,599,631,642,650,659,654,643,637,630,633,631,645,650,649,655,639,643,656,649,340,350,351,366,339,342,346,351,350,350,350,350,365,351,350,357,350,354,351,362,348,349,339,342,346,351,350,350,350,350,365,351,350,357,350,354,351,362,348,349
38.12,621,622,622,623,611,601,596,590,594,603,608,614,613,614,602,597,598,593,607,604,591,598,631,642,650,659,654,643,637,629,633,631,645,650,649,655,638,642,656,649,339,349,349,364,338,341,344,350,348,348,348,349,363,349,349,356,349,353,349,360,347,348,338,341,345,350,348,348,349,349,363,349,349,356,349,353,349,360,347,348
38.16,621,622,622,623,611,601,595,589,594,602,608,614,613,614,602,597,598,593,607,604,591,598,631,642,650,659,654,643,637,630,633,631,645,650,649,656,639,643,656,649,338,348,348,363,337,340,344,349,348,348,348,348,362,348,348,355,348,352,348,359,346,347,337,340,344,349,348,348,348,348,362,348,348,355,348,352,348,359,346,347
38.2,621,622,623,623,612,602,596,590,594,603,609,615,614,615,602,598,599,593,608,605,591,598,632,643,651,660,655,644,637,630,634,631,646,651,650,656,639,643,657,650,337,347,347,361,335,339,343,348,346,346,346,347,361,347,347,354,347,351,347,358,345,346,335,339,343,348,346,346,346,347,360,347,347,354,347,350,347,358,345,346
38.24,622,622,623,623,612,602,596,590,594,603,609,615,613,615,602,597,598,593,608,605,591,598,632,643,651,660,655,644,637,630,634,631,646,651,650,656,639,643,657,650,335,345,346,360,334,337,341,346,345,345,345,345,359,345,345,352,345,349,345,356,344,345,334,337,341,346,345,345,345,345,359,346,345,352,345,349,345,356,344,345
38.28,622,623,623,624,612,602,596,590,594,603,609,615,614,615,602,597,598,593,608,605,591,598,632,643,651,660,655,644,638,631,634,632,646,651,650,657,639,643,657,650,333,344,344,358,332,335,340,345,344,343,343,344,358,344,344,351,344,348,344,355,342,343,332,335,339,345,344,343,343,343,358,344,344,351,344,348,344,355,342,343
38.32,623,624,624,625,613,603,597,591,596,604,610,616,615,616,603,599,600,594,609,606,593,600,633,644,652,660,655,645,638,631,635,633,647,652,651,657,640,644,657,650,331,341,342,357,330,333,338,344,342,342,341,341,356,342,342,350,343,347,342,353,341,342,330,333,337,343,342,341,341,341,356,342,342,349,342,346,342,353,340,341
38.36,624,625,625,626,614,604,598,592,596,605,611,617,616,617,604,600,600,595,610,607,593,600,634,645,652,661,656,646,639,632,636,633,647,653,651,658,641,645,658,651,328,339,340,354,327,331,335,341,340,339,339,339,354,340,340,347,340,344,340,351,338,339,327,331,335,341,340,339,339,339,354,340,340,347,340,344,340,351,338,339
38.4,625,626,626,627,615,605,599,593,598,606,612,618,617,618,606,601,602,597,611,608,595,602,635,646,653,660,655,646,640,633,637,634,647,653,651,657,641,646,658,651,325,335,337,351,324,328,332,339,338,336,336,336,351,337,337,345,338,342,337,348,336,337,323,327,332,338,337,336,335,335,350,337,337,344,337,341,336,348,335,336
38.44,626,626,627,628,616,607,601,596,601,608,613,619,618,619,607,602,604,598,613,609,597,604,636,646,652,659,653,645,640,633,638,635,647,653,650,656,641,646,657,649,323,335,338,354,322,327,332,340,338,336,335,335,353,338,338,346,339,343,338,350,336,337,322,326,331,339,337,335,335,335,353,338,338,345,338,342,337,349,335,336
38.48,626,626,627,628,616,607,602,597,602,609,614,620,618,620,608,603,606,599,613,610,598,605,635,645,652,658,652,644,639,633,638,635,646,652,649,656,641,646,656,648,322,334,339,356,321,326,332,340,338,336,335,334,355,339,339,347,339,343,339,352,336,336,321,325,330,338,337,335,334,334,355,339,338,346,338,342,339,351,334,335
38.52,624,625,625,626,615,605,600,596,601,608,613,618,616,618,607,601,604,598,612,608,597,604,634,644,650,656,650,642,637,631,636,633,644,651,647,654,639,645,654,646,322,334,341,358,321,326,331,340,339,336,335,334,357,341,340,348,340,344,341,354,336,336,321,325,331,340,338,335,334,334,357,341,340,348,340,343,340,353,335,336
38.56,620,620,621,621,610,601,596,592,597,604,608,614,611,614,603,597,600,594,608,603,593,601,629,639,645,652,646,638,633,627,632,628,640,646,643,650,635,640,650,642,322,334,342,359,321,325,331,340,338,335,334,334,358,342,340,348,340,344,341,354,335,336,321,326,331,340,339,336,335,334,358,342,341,349,340,344,341,354,336,337
38.6,614,614,615,615,605,596,591,587,592,599,603,608,605,608,598,592,595,588,602,597,588,595,623,634,640,647,641,632,627,621,625,623,634,641,637,644,629,634,644,637,322,334,340,357,320,325,330,339,337,335,334,334,356,340,339,347,338,342,339,352,334,335,321,326,332,341,339,336,335,334,356,340,340,348,340,344,340,353,336,337
38.64,609,610,610,610,599,590,585,580,586,593,597,603,600,602,592,585,589,582,596,591,581,590,619,630,637,644,638,629,623,617,621,618,631,637,634,641,625,630,641,633,321,333,343,360,320,324,329,338,336,334,333,333,359,342,340,348,339,343,341,354,333,334,321,326,332,341,340,336,335,334,360,343,342,350,342,346,343,356,336,337
38.68,607,608,608,608,597,587,582,577,583,590,595,601,597,600,589,582,586,579,594,588,578,587,618,629,636,644,638,629,623,616,620,617,630,637,634,642,624,630,642,634,323,335,350,368,322,326,331,341,340,336,335,335,366,349,346,353,344,347,348,361,335,337,323,328,333,344,342,338,336,335,367,350,348,356,346,350,349,362,338,339
38.72,606,607,607,607,596,587,581,576,582,590,594,600,596,599,588,582,586,578,593,588,578,586,617,628,635,643,637,627,622,615,619,616,629,636,633,641,623,629,640,632,324,335,351,368,322,326,331,340,339,336,335,335,366,350,346,353,344,347,348,361,335,337,323,328,334,344,343,338,337,336,368,351,348,356,347,350,350,363,339,340
38.76,606,607,607,607,597,587,582,577,583,590,594,600,597,600,589,583,586,579,593,589,578,586,617,628,635,643,637,627,621,615,619,616,629,635,633,640,623,628,640,632,326,338,345,363,324,327,332,339,338,337,337,337,361,344,342,350,341,344,343,356,335,337,325,331,336,345,343,340,339,338,362,346,345,353,345,349,345,359,340,341
38.8,608,608,609,609,598,588,583,578,584,591,595,601,598,601,590,584,587,580,595,590,579,587,618,629,636,644,638,629,623,616,620,617,631,637,634,641,625,630,641,634,326,338,347,364,324,327,332,340,339,337,337,337,362,346,343,351,342,345,345,358,335,337,325,330,336,344,343,340,339,338,364,347,346,354,345,349,347,360,340,340
38.84,607,608,608,608,597,588,583,578,584,591,595,601,598,600,590,583,587,580,594,589,579,587,618,629,636,644,638,628,622,616,620,617,630,637,634,641,624,629,641,633,329,340,351,368,327,330,334,342,341,339,339,340,366,350,346,354,345,348,348,361,338,340,328,333,338,347,346,342,341,341,368,351,349,358,348,352,350,364,343,343
38.88,607,608,608,608,597,587,582,577,583,590,595,601,597,600,589,583,586,579,594,589,578,586,618,629,636,645,639,629,623,616,620,617,631,637,634,642,624,630,642,634,334,345,356,373,332,335,339,346,346,344,344,344,371,355,351,359,349,352,353,366,342,344,333,338,343,352,350,347,346,345,373,356,354,363,353,357,356,369,347,348
38.92,608,609,609,609,598,589,584,579,584,592,596,602,599,601,591,585,588,581,595,591,580,588,618,629,636,644,639,629,623,616,620,617,631,637,634,642,625,630,641,634,337,349,357,374,335,338,342,350,349,348,348,348,372,356,353,361,351,355,354,367,346,347,337,341,347,355,353,351,350,349,374,357,356,364,355,359,356,370,351,351
38.96,609,610,610,611,599,590,585,580,586,593,598,603,600,603,592,586,589,582,596,592,581,589,619,631,638,646,641,630,624,618,622,619,632,639,636,643,626,632,643,635,339,350,359,376,337,340,344,352,351,349,349,350,374,358,355,363,354,357,356,370,348,349,338,343,348,356,354,352,351,351,376,359,357,366,357,361,358,372,352,353
39.0,611,612,612,612,601,591,586,580,586,594,598,604,601,604,592,586,590,582,597,592,582,590,621,633,639,648,642,632,626,619,624,621,634,641,638,645,628,634,645,637,340,351,363,380,338,341,345,353,352,350,350,350,378,362,358,365,356,359,360,373,349,350,339,343,348,357,355,352,352,351,379,362,360,368,358,362,361,375,352,353
39.04,611,612,612,612,601,591,586,581,586,594,599,605,602,604,593,587,590,583,598,593,582,590,621,633,640,649,643,633,627,620,624,621,635,641,639,646,629,634,646,638,341,352,362,379,339,342,346,353,352,351,351,352,377,361,357,365,355,359,359,372,349,351,340,345,349,357,356,353,353,353,379,362,360,368,359,362,361,374,353,354
39.08,611,612,613,613,602,592,586,580,586,594,599,605,602,605,593,587,590,583,598,594,582,590,622,633,641,650,644,634,628,620,625,622,636,642,640,647,629,634,647,639,342,353,359,376,340,343,346,352,351,351,352,352,375,358,355,363,354,357,357,370,349,351,341,345,349,355,354,353,353,353,376,359,357,365,356,360,358,372,352,353
39.12,611,612,613,613,601,592,586,580,585,593,599,605,602,604,592,587,589,583,598,594,582,589,622,634,642,651,646,635,628,621,624,622,637,642,641,648,630,634,648,641,343,353,357,373,341,343,346,351,350,351,352,353,371,356,353,361,352,356,355,367,348,350,342,346,349,355,354,353,353,353,373,357,356,363,355,359,356,369,352,353
39.16,612,613,613,613,601,591,585,578,584,592,598,605,603,604,591,586,588,582,597,594,580,588,623,635,643,653,648,636,629,622,625,623,638,643,643,649,631,635,650,642,342,352,355,371,340,342,344,348,348,349,350,351,370,354,351,359,350,353,353,365,346,348,341,344,347,352,351,351,352,352,371,355,354,361,353,356,354,367,349,351
39.2,611,613,613,613,601,591,585,578,583,592,598,604,602,604,591,586,588,581,597,593,580,587,623,635,643,653,648,636,629,621,625,622,638,643,643,649,631,635,650,643,342,352,354,370,340,341,343,347,347,348,349,351,368,353,350,358,349,352,352,364,345,347,341,344,347,351,350,350,351,351,369,354,353,360,352,356,354,366,349,350
39.24,611,613,613,613,601,591,585,578,583,592,598,605,603,604,591,586,588,582,597,594,580,587,623,635,643,653,648,637,629,622,625,622,638,643,643,649,631,635,650,643,342,352,354,369,340,341,344,347,347,348,349,351,367,353,350,357,349,352,351,363,345,347,341,344,347,351,350,350,351,352,368,354,352,360,352,355,353,365,349,350
39.28,612,613,613,614,602,592,585,579,584,592,598,605,603,605,592,587,588,582,597,594,581,588,623,635,643,653,648,637,630,622,625,623,639,643,643,649,631,635,650,643,342,352,353,369,340,342,344,347,347,348,350,351,367,353,350,357,349,352,351,363,345,347,341,344,347,351,350,350,351,352,368,353,352,359,351,355,353,365,349,350
39.32,612,613,613,613,601,591,585,578,583,592,598,605,603,604,591,587,588,582,597,594,580,588,623,635,643,654,648,637,630,622,625,623,639,644,643,649,631,635,650,643,342,351,353,368,339,341,343,346,346,348,349,350,367,352,349,356,348,351,351,362,344,346,341,344,347,351,350,350,351,351,368,353,352,359,351,355,352,364,348,350
39.36,612,613,613,613,602,592,585,579,584,593,598,605,603,605,592,587,588,582,597,594,581,588,623,635,643,653,647,636,629,621,625,623,638,643,642,649,631,635,649,642,341,351,353,369,339,340,343,347,346,348,349,350,367,352,349,357,348,351,351,363,344,346,340,343,346,351,350,350,350,351,368,353,352,359,351,355,352,365,348,349
39.4,610,611,611,611,600,590,585,579,584,592,597,603,601,603,591,586,588,582,596,592,580,588,620,632,640,649,644,633,627,619,622,620,635,640,640,646,628,632,646,639,340,351,353,369,338,340,343,348,347,348,349,350,368,352,350,357,349,352,351,363,345,347,339,343,347,352,351,351,351,351,369,353,353,361,352,356,353,366,350,351
39.44,609,610,611,611,600,590,585,579,584,592,597,603,600,603,591,585,588,582,596,592,580,588,620,631,638,647,642,631,625,618,622,619,633,639,637,644,627,631,644,637,339,350,353,370,337,339,343,349,348,348,348,349,368,352,350,358,349,353,351,364,346,347,338,343,347,354,352,351,351,350,370,353,353,362,353,357,353,367,350,351
39.48,609,610,610,611,600,591,586,581,586,593,598,603,601,603,592,587,590,583,597,593,582,590,619,630,637,645,640,630,624,617,621,619,632,638,636,643,626,631,643,635,338,349,353,370,336,339,343,349,348,348,348,349,368,352,350,358,350,353,351,364,346,347,337,342,346,354,352,350,350,349,370,353,353,362,353,357,353,367,350,351
39.52,610,611,611,611,601,592,587,582,588,595,599,605,601,604,594,587,591,584,598,593,583,591,620,631,637,645,639,630,624,618,622,620,632,639,635,643,626,631,642,635,338,350,357,375,336,340,345,353,351,350,350,350,373,356,354,362,353,357,355,369,348,350,337,342,347,356,354,352,351,350,374,357,356,365,356,360,357,370,352,353
39.56,610,610,611,611,600,592,587,582,588,594,599,604,601,603,593,587,591,584,598,593,583,591,620,630,637,644,639,629,624,618,622,619,631,638,635,642,626,631,642,634,340,352,359,377,338,342,346,354,353,351,351,351,375,358,356,364,355,359,357,370,350,351,339,344,349,358,356,353,353,352,376,359,358,367,358,362,359,372,353,354
39.6,610,610,611,610,600,591,586,581,587,594,598,604,600,603,593,587,590,583,597,593,583,590,620,630,637,644,639,630,624,617,621,619,631,637,635,642,626,630,642,634,341,353,357,374,340,343,347,354,353,352,352,352,373,357,355,363,354,358,356,369,350,352,341,345,350,358,356,354,354,353,374,358,358,366,357,362,358,371,354,355
39.64,608,609,609,609,599,590,584,579,585,592,596,602,599,602,591,585,588,582,596,591,581,588,618,629,636,645,639,629,623,616,620,618,631,637,635,641,625,629,642,634,342,353,356,373,340,343,346,352,351,351,352,352,371,355,353,361,353,356,354,367,349,351,341,346,351,358,356,354,354,353,373,357,357,365,357,361,357,370,354,355
39.68,608,609,609,609,599,589,584,578,584,591,596,602,599,601,590,584,587,581,595,591,580,587,618,630,637,645,640,630,623,616,620,618,632,637,636,642,625,629,642,635,341,352,355,372,339,342,346,352,351,351,351,352,370,354,353,360,352,356,353,366,348,350,341,345,350,357,355,354,353,353,372,356,356,364,356,361,356,369,354,354
39.72,609,610,610,610,599,590,584,579,584,592,597,603,600,602,591,585,588,581,596,591,580,588,619,630,637,646,641,630,624,617,621,618,632,638,636,643,626,630,643,636,341,352,356,373,339,342,346,352,351,351,351,352,371,355,353,361,352,356,354,367,348,350,340,345,350,357,355,354,353,353,373,357,356,365,356,361,356,370,353,354
39.76,608,609,609,609,598,588,583,577,583,591,596,601,598,601,589,583,587,580,594,589,579,587,618,630,637,646,640,630,624,617,620,618,632,638,636,643,625,630,643,635,341,352,359,377,339,341,345,351,351,350,350,351,375,358,355,363,354,357,357,370,348,350,340,345,349,357,356,353,353,352,376,360,358,367,358,362,359,373,353,354
39.8,610,610,611,611,600,590,584,579,584,592,597,603,600,602,591,584,588,581,596,591,580,588,620,632,639,647,641,631,625,618,622,619,633,640,637,644,627,632,644,636,340,352,360,378,338,341,345,352,352,350,351,351,376,359,356,364,355,358,358,371,348,350,339,344,349,357,356,353,352,352,378,360,359,367,358,362,360,374,353,354
39.84,609,610,610,610,599,590,585,580,586,593,597,603,600,602,592,585,589,582,596,591,581,589,620,631,638,647,641,631,625,618,622,619,633,639,636,644,626,632,644,636,339,350,360,378,337,340,344,352,351,349,349,350,376,359,356,363,354,357,357,371,348,349,338,343,348,357,356,352,352,351,377,360,359,367,358,362,360,373,353,353
39.88,610,611,611,611,601,591,586,581,587,594,599,604,601,604,593,587,590,583,598,593,582,590,621,632,639,646,641,631,625,619,623,620,633,639,637,644,627,632,644,636,340,351,359,377,338,341,345,353,352,350,350,351,375,358,355,364,354,358,357,370,349,350,339,344,349,357,356,353,352,352,376,359,358,367,358,362,359,373,353,354
39.92,611,612,613,613,602,593,588,583,589,596,600,606,603,605,595,589,592,585,599,595,584,592,622,633,639,647,642,632,626,620,624,621,634,640,638,645,628,633,645,637,340,352,358,375,338,342,346,353,352,351,351,351,374,357,355,363,354,358,356,369,349,351,339,344,349,358,356,354,353,352,375,358,358,366,357,361,358,371,353,354
39.96,614,615,615,615,604,596,591,586,592,598,603,608,605,608,597,591,595,588,602,597,587,595,624,634,641,649,643,634,628,622,626,623,636,642,639,646,630,635,646,638,340,351,357,375,338,342,346,353,352,351,351,351,373,357,355,363,354,358,356,369,350,351,339,344,349,357,355,353,352,352,374,357,357,365,356,361,357,370,353,354
40.0,616,617,618,618,607,598,593,588,594,601,605,610,608,610,600,594,597,590,604,600,589,597,626,637,643,651,645,636,631,624,629,626,638,644,641,648,633,638,648,641,340,351,358,375,338,342,346,353,352,351,351,351,373,357,355,363,354,358,356,369,350,351,339,343,348,356,354,352,352,351,374,358,357,365,356,360,357,370,352,353
40.04,617,618,619,619,608,599,594,590,595,602,606,612,609,611,601,595,598,592,605,601,591,599,627,638,644,652,646,637,632,625,630,627,639,646,642,650,634,639,649,642,340,351,359,376,338,342,347,354,353,351,351,351,375,359,356,364,355,359,357,370,350,351,339,343,348,356,354,352,352,351,375,359,357,365,357,360,358,371,352,353
40.08,618,619,620,620,609,600,595,591,596,603,607,613,610,612,602,596,600,593,606,602,592,600,628,638,645,652,646,637,632,626,631,628,639,646,642,649,634,639,649,641,340,352,361,378,339,343,347,355,354,352,351,351,376,360,357,365,356,360,359,371,351,352,339,344,348,356,355,353,352,352,377,360,358,366,357,361,360,372,352,353
40.12,619,619,620,620,609,600,596,591,597,604,608,613,610,613,603,596,600,593,607,602,592,600,628,638,644,651,646,637,632,626,631,628,639,646,642,649,634,639,649,641,340,352,361,378,339,343,347,355,354,352,351,351,377,360,358,365,357,360,359,372,351,352,339,344,349,357,355,353,352,352,377,361,359,367,358,362,360,373,353,354
40.16,618,619,619,620,609,600,595,591,597,603,607,612,610,612,602,596,600,593,606,602,592,600,628,638,644,651,645,636,631,625,630,627,639,645,642,649,633,639,648,641,340,352,361,378,339,343,347,355,354,352,352,352,376,360,357,365,356,360,359,371,351,352,340,344,349,357,356,353,352,352,377,361,359,367,358,362,360,373,353,354
40.2,617,617,618,618,607,598,594,590,595,602,606,611,608,611,601,595,598,592,605,600,591,599,626,637,643,650,644,635,630,624,629,626,638,644,641,648,632,638,648,640,340,352,360,377,339,342,347,355,353,352,351,351,375,359,357,365,356,359,358,371,351,352,339,344,349,357,355,353,352,352,376,360,358,366,357,361,359,372,353,354
40.24,616,617,617,617,606,597,593,589,594,601,605,610,608,610,600,594,597,591,604,600,590,597,626,636,643,650,644,635,630,624,628,625,637,644,640,647,632,637,647,640,339,351,356,373,337,341,346,353,352,351,350,350,372,356,354,362,354,358,355,368,350,351,338,343,348,356,354,352,351,351,373,356,356,364,356,360,356,369,352,353
40.28,613,614,615,615,604,595,590,586,592,598,602,608,605,608,597,592,595,588,602,597,587,595,623,634,641,648,643,633,628,621,625,623,635,642,639,646,630,634,646,638,337,349,354,370,336,339,344,351,350,349,348,348,369,353,352,359,351,355,352,365,347,349,336,341,346,354,352,350,350,349,370,354,353,362,353,358,354,366,350,351
40.32,612,612,613,613,602,593,588,583,589,596,600,606,603,605,595,589,592,586,599,595,584,592,621,632,639,647,642,632,626,620,623,621,634,640,638,644,628,633,644,637,334,345,350,366,332,335,340,347,346,345,345,345,365,349,348,356,347,351,348,361,344,345,333,338,343,351,349,347,346,346,366,350,350,358,350,354,350,363,347,348
40.36,609,610,610,610,600,591,585,580,586,593,597,603,601,603,592,586,589,583,597,593,582,589,619,630,637,645,640,630,624,617,621,619,632,637,636,642,626,630,642,635,331,342,346,362,329,333,337,344,343,342,342,342,361,345,344,352,344,348,345,357,341,342,330,335,340,348,346,344,343,343,362,346,347,355,347,351,346,359,344,345
40.4,609,610,610,610,600,591,585,580,586,593,597,603,600,603,592,586,589,583,597,592,582,589,619,630,637,645,639,630,624,617,621,618,632,637,635,642,625,630,642,635,329,340,344,361,327,331,335,343,341,340,340,340,360,344,343,351,343,346,343,356,339,340,328,333,338,346,345,342,341,341,361,345,345,353,345,350,345,358,342,343
40.44,609,610,610,610,600,591,586,581,587,593,598,603,601,603,593,587,590,583,597,593,582,590,619,630,637,644,639,630,624,617,621,618,631,637,635,642,626,630,642,635,327,339,344,361,326,330,335,342,341,340,339,339,360,343,342,350,342,346,343,356,338,340,327,332,337,346,344,342,341,340,361,344,345,353,345,349,344,358,342,342
40.48,610,611,611,611,601,592,586,582,588,594,599,604,601,604,593,587,591,584,598,593,583,591,620,631,638,645,640,630,625,618,622,619,632,638,636,643,626,631,643,635,326,339,343,361,325,329,334,342,341,339,338,338,359,343,342,350,342,346,342,355,338,339,326,331,336,345,343,341,340,339,360,344,344,352,344,348,344,357,341,341
40.52,612,613,613,613,602,593,588,583,589,596,600,606,603,606,595,589,592,586,599,595,584,592,622,633,640,647,642,632,627,620,624,621,634,640,638,644,628,633,645,637,325,337,343,359,324,328,333,341,339,338,337,337,358,342,341,349,341,345,341,354,337,338,325,330,335,343,342,339,338,338,359,343,343,351,343,347,343,356,339,340
40.56,613,614,614,614,604,594,589,585,590,597,602,607,604,607,596,590,594,587,601,596,586,594,623,634,641,648,643,633,628,621,625,622,635,642,639,646,629,634,646,638,323,336,343,360,322,326,331,340,338,336,336,336,358,342,341,349,340,344,341,354,335,337,323,328,333,342,341,338,337,336,359,343,342,351,342,346,343,356,338,339
40.6,614,615,615,615,604,594,589,584,590,597,602,608,604,607,596,590,594,586,601,596,585,594,624,636,643,650,644,635,629,622,627,624,637,643,640,648,631,636,648,640,321,333,344,361,320,324,329,338,337,334,333,333,360,343,341,349,340,343,342,355,334,335,320,326,331,341,340,336,335,334,360,344,343,351,342,346,343,357,336,337
40.64,616,617,617,617,606,596,590,584,590,598,603,609,606,608,597,590,594,587,602,597,586,594,626,638,645,653,647,637,631,624,629,625,639,646,642,650,633,638,650,642,321,334,344,362,319,324,329,339,337,334,334,333,361,344,341,349,340,344,343,356,334,335,320,326,332,342,340,336,335,334,361,344,343,351,342,346,344,357,337,338
40.68,618,618,619,619,607,597,591,585,592,600,605,611,607,610,598,591,595,588,603,598,587,596,628,640,647,654,648,638,633,626,631,627,641,648,644,652,635,641,652,643,320,332,348,365,318,323,329,339,338,334,333,332,364,347,344,352,342,345,345,359,334,335,319,324,330,341,340,335,334,332,364,347,345,353,343,347,346,359,335,337
40.72,620,620,621,621,609,599,593,587,593,601,606,613,609,612,600,593,597,589,605,600,589,597,630,642,648,656,650,640,635,628,633,629,642,650,646,654,637,643,653,645,319,332,346,364,318,323,328,339,338,334,332,332,363,345,343,351,341,345,344,358,333,335,318,323,329,340,338,334,333,332,363,345,343,351,342,345,344,358,334,335
40.76,620,621,621,622,610,599,593,587,594,602,607,613,610,613,601,594,597,590,606,600,589,598,631,642,649,657,650,641,635,628,634,630,643,650,646,654,637,644,654,645,319,331,345,363,317,322,328,339,337,333,332,332,361,344,342,350,340,344,343,357,333,334,317,322,328,339,337,333,332,331,361,344,342,350,340,344,343,357,333,334
40.8,621,621,622,622,610,600,594,589,595,603,608,614,611,613,602,595,599,591,607,601,590,599,631,642,649,655,649,640,635,629,634,630,642,650,645,653,637,644,653,645,319,331,345,363,318,323,329,340,338,334,332,332,361,344,342,350,341,345,343,357,334,335,317,322,328,339,337,333,332,331,361,344,342,349,340,344,343,356,333,334
40.84,621,622,623,624,611,601,595,590,596,604,609,615,612,614,603,596,600,593,608,603,592,600,632,643,649,656,650,641,636,629,635,631,643,651,646,654,638,645,654,645,321,333,346,364,320,324,330,341,339,335,334,333,363,346,344,352,342,346,345,358,335,336,319,324,330,340,339,335,334,333,363,346,343,351,342,345,344,358,334,336
40.88,623,624,625,626,613,603,598,593,599,606,611,617,615,617,606,599,603,596,611,606,594,603,634,645,651,658,652,643,638,632,637,633,645,653,648,656,640,647,656,647,321,333,345,363,320,325,331,341,339,335,334,334,362,345,343,351,342,346,344,357,336,336,320,325,330,340,339,335,334,333,361,345,342,350,341,345,343,357,335,336
40.92,626,627,628,629,616,607,601,597,602,610,614,620,618,620,609,603,606,599,614,610,598,606,636,647,653,660,654,645,640,634,639,636,647,654,651,658,642,648,658,650,324,336,343,360,323,327,333,341,340,337,336,336,359,343,342,350,342,346,342,356,337,338,323,327,332,341,339,337,336,336,359,343,341,349,341,345,342,355,336,337
40.96,629,630,630,631,619,610,604,599,604,612,617,623,621,623,611,606,608,602,616,613,600,608,639,649,656,662,657,648,643,637,642,638,650,656,653,660,645,650,660,652,325,337,343,359,325,329,335,343,341,339,338,337,359,343,343,351,343,347,343,356,339,340,324,328,333,341,340,338,337,337,358,343,341,349,341,345,342,354,337,338
41.0,632,633,633,635,622,613,607,602,607,615,620,626,625,626,614,609,611,605,619,616,603,611,641,652,658,664,658,650,645,640,644,641,652,658,655,662,647,653,662,654,330,341,347,363,329,333,338,346,344,342,341,341,362,347,346,354,346,350,346,359,342,342,328,332,336,343,342,341,340,340,362,346,345,352,344,347,345,358,340,341
41.04,634,635,636,637,625,615,609,604,609,617,622,628,627,628,616,611,613,607,622,618,605,613,644,653,659,666,660,652,647,642,647,643,654,660,657,664,649,655,664,656,336,346,353,369,335,339,344,352,350,348,347,347,368,353,352,360,352,356,352,365,348,348,334,337,341,348,347,346,346,346,367,352,350,357,349,353,351,363,345,346
41.08,635,635,636,637,625,616,610,604,609,617,622,628,627,628,616,611,613,607,622,618,606,613,644,653,659,665,659,651,647,641,647,643,653,660,656,663,649,654,663,655,340,351,359,375,340,344,349,357,355,352,352,351,375,359,358,366,357,361,359,371,353,353,338,342,346,353,352,350,350,350,373,358,356,363,355,358,357,369,349,351
41.12,634,634,635,636,625,615,609,603,608,617,622,628,626,628,616,610,612,606,621,617,605,613,643,653,658,664,658,650,646,641,646,643,653,660,655,662,648,654,662,654,344,354,365,381,343,348,352,361,359,356,355,355,381,365,363,371,362,366,364,377,356,357,342,345,349,357,356,354,354,354,379,364,360,367,359,362,362,374,353,354
41.16,631,631,632,633,621,612,606,600,606,614,619,624,622,624,613,607,610,603,618,613,602,610,640,650,655,661,656,648,643,638,643,640,650,657,653,660,645,651,659,652,345,356,365,382,344,348,353,361,359,357,356,356,381,365,363,371,362,366,364,377,357,357,343,347,351,359,358,356,355,355,380,365,362,369,360,363,363,375,355,356
41.2,629,629,630,631,619,609,603,597,602,611,616,622,620,622,610,603,606,599,615,610,599,607,638,648,654,660,654,646,641,635,641,638,649,655,651,658,644,650,658,650,347,358,368,385,346,350,355,363,361,359,358,358,384,368,365,373,364,368,367,380,358,359,346,349,353,361,360,358,358,358,384,367,364,372,363,366,366,379,357,358
41.24,625,625,626,627,615,604,598,591,597,606,611,618,615,617,605,599,601,594,610,606,593,601,635,645,651,658,652,643,638,632,638,634,646,653,649,656,641,647,656,648,347,358,369,386,346,349,353,361,360,358,357,358,385,369,365,373,363,367,367,380,357,358,345,349,353,361,360,357,357,357,385,368,365,373,363,366,367,380,356,358
41.28,622,622,622,623,611,600,593,586,591,601,607,614,611,613,600,594,596,589,606,601,588,596,632,644,650,658,652,643,637,630,634,631,645,651,648,655,639,644,655,647,348,358,367,384,346,349,352,358,357,356,357,357,382,366,363,371,361,364,365,378,355,356,346,349,353,359,358,357,357,357,382,367,363,371,362,365,365,378,356,357
41.32,618,619,619,620,608,598,591,584,590,599,604,611,609,611,598,592,594,587,603,599,586,594,629,640,647,655,649,640,634,627,631,628,641,647,645,652,635,640,652,645,349,359,365,381,347,349,352,358,357,357,357,358,380,364,361,369,360,363,363,375,355,356,347,351,354,360,359,358,359,359,380,365,362,370,361,365,364,376,357,358
41.36,617,617,618,618,607,596,590,584,589,598,603,610,607,609,597,591,593,587,602,598,586,593,627,638,645,653,647,638,632,625,629,626,639,645,643,650,633,638,650,642,348,358,365,381,346,349,352,358,357,357,357,358,380,364,361,369,360,363,362,375,355,356,347,350,354,361,360,358,358,358,381,364,363,371,362,366,364,377,358,358
41.4,614,615,615,615,604,594,589,582,588,596,601,608,605,607,595,589,592,585,600,596,584,592,625,636,642,650,644,635,629,622,626,623,637,643,640,647,631,636,647,640,349,360,366,383,347,350,353,360,358,358,358,359,381,365,362,370,361,364,364,377,356,358,348,352,356,363,361,360,360,360,382,366,364,372,363,367,365,378,359,360
41.44,610,611,611,611,601,591,586,580,586,593,598,604,601,603,592,586,590,583,597,592,582,590,621,631,638,646,640,631,625,618,622,620,633,639,636,643,627,632,643,635,350,361,368,385,348,351,355,361,360,359,360,360,383,367,364,372,363,366,365,379,358,359,349,353,358,365,364,362,361,361,384,368,366,375,365,369,367,380,361,362
41.48,607,608,608,608,597,588,583,578,583,591,595,601,597,600,590,583,587,580,594,589,579,587,617,628,635,643,637,627,622,615,619,616,629,636,633,640,623,629,640,632,352,363,371,388,350,353,356,363,362,361,361,362,386,370,367,374,365,368,369,381,359,361,351,356,360,368,366,364,363,363,388,371,370,378,369,372,371,384,364,364
41.52,606,607,607,607,596,586,581,576,582,589,594,600,596,599,588,581,585,578,593,587,577,586,617,628,634,642,636,627,621,614,618,615,628,635,632,640,622,628,639,631,351,361,375,392,349,352,355,363,362,360,360,361,390,374,369,376,366,369,371,384,359,360,350,355,360,368,367,363,362,362,391,375,372,380,370,374,374,387,364,364
41.56,606,607,607,607,596,586,581,576,582,589,594,600,595,599,588,581,585,578,592,587,577,586,617,628,635,643,637,627,622,615,619,616,629,636,633,641,623,629,640,632,348,359,377,394,346,349,353,362,361,358,358,358,391,375,370,377,367,369,373,385,357,358,347,352,357,366,365,361,360,359,393,376,372,380,370,373,375,388,361,362
41.6,606,607,607,607,595,585,580,574,580,588,593,599,595,598,587,580,584,576,591,586,576,584,617,629,636,645,639,629,623,615,619,616,630,637,635,642,624,630,642,634,348,358,375,392,345,348,351,359,358,356,356,357,390,373,367,375,364,366,371,383,354,356,347,351,355,364,363,359,359,358,391,375,371,378,368,371,373,386,359,360
41.64,606,606,606,606,595,584,579,572,578,587,592,598,594,597,585,579,582,575,591,585,574,582,617,630,637,647,641,630,623,615,619,616,632,638,636,644,625,630,644,636,351,361,375,392,348,350,353,359,359,358,359,360,390,373,367,375,364,367,371,383,355,357,350,354,358,366,364,362,361,361,391,375,371,379,369,372,373,387,361,362
41.68,607,607,607,607,596,585,579,571,577,586,592,599,595,598,585,579,582,574,591,585,574,582,619,631,638,648,642,631,624,616,620,617,633,639,637,644,626,631,645,637,352,362,376,393,349,351,354,359,359,359,359,361,390,374,368,375,365,367,371,384,356,358,351,355,358,366,365,362,362,362,392,376,372,380,369,372,374,387,361,362
41.72,606,607,607,606,595,584,578,571,577,586,591,598,594,597,584,578,581,574,590,585,573,581,618,631,639,650,644,632,625,616,620,617,633,640,638,646,626,631,646,638,356,365,380,396,353,354,356,361,362,361,362,364,393,378,371,378,368,369,375,387,358,360,355,358,362,368,368,365,365,365,396,379,375,383,373,375,378,391,364,365
41.76,608,609,609,609,597,586,580,572,578,588,593,600,596,599,586,580,583,575,592,587,575,583,621,634,642,653,647,635,628,619,622,620,636,643,641,649,629,634,649,641,356,366,381,398,354,355,357,362,362,362,363,364,395,379,372,379,368,370,376,388,359,361,355,359,362,368,368,365,366,366,397,381,376,384,373,376,379,392,364,365
41.8,612,613,613,613,601,590,584,576,582,591,597,604,601,604,590,584,587,580,596,591,579,586,624,637,645,655,649,638,631,623,626,623,639,645,644,651,632,637,652,644,358,367,379,396,355,356,358,363,363,363,364,366,393,378,371,378,368,370,375,387,360,362,357,359,362,368,367,366,366,367,395,379,374,382,372,375,377,390,364,366
41.84,615,616,616,616,604,592,586,578,584,593,599,607,605,607,592,587,589,582,599,595,580,588,628,641,649,660,654,642,635,626,629,627,644,649,648,656,636,640,656,649,360,368,378,393,357,358,359,362,363,364,365,367,391,376,371,377,368,370,374,385,360,362,358,360,363,367,366,366,367,368,392,377,373,380,371,373,375,388,364,365
41.88,618,619,619,619,607,595,589,581,586,596,602,610,607,610,595,590,591,585,602,598,583,591,630,643,651,661,656,644,637,629,632,629,646,651,650,657,638,642,658,650,363,371,380,395,361,361,363,365,366,367,368,370,393,378,373,380,370,372,376,388,363,365,361,363,365,368,368,368,370,371,394,379,374,382,372,375,377,389,366,367
41.92,621,622,622,622,610,598,592,584,589,599,605,613,611,613,598,593,594,588,605,601,586,594,633,645,653,663,657,646,639,631,634,632,647,653,652,659,640,645,659,652,366,374,383,398,364,365,366,370,370,370,372,373,397,382,377,383,374,376,379,391,367,369,364,366,368,371,371,371,373,374,397,382,378,385,375,378,380,392,369,370
41.96,622,623,623,623,611,600,594,587,593,602,607,614,612,614,601,595,597,590,607,602,589,597,633,645,652,660,654,644,638,631,635,632,646,652,649,657,640,644,657,649,367,376,385,401,365,366,369,373,373,373,374,375,400,384,379,387,377,379,382,394,370,372,365,368,370,375,375,374,375,376,400,384,380,388,378,381,383,395,372,373
42.0,622,622,623,623,611,601,595,588,594,603,608,615,611,614,602,595,598,591,607,602,590,598,633,644,650,657,651,642,637,630,635,631,644,651,647,655,638,644,655,647,364,374,387,404,363,365,368,375,374,373,373,374,402,386,381,389,379,382,384,397,371,373,363,366,370,377,376,374,374,374,403,387,383,390,380,383,385,398,373,374
42.04,622,622,622,623,611,601,595,589,595,603,608,615,611,614,602,596,599,592,607,602,591,599,633,643,650,657,650,642,636,630,634,631,643,650,647,654,638,644,654,646,361,371,385,402,359,362,365,372,372,370,370,370,400,384,379,387,376,379,382,395,368,370,360,363,367,375,374,371,371,371,401,385,381,388,378,381,383,396,371,372
42.08,622,622,622,623,611,601,595,588,594,603,608,614,611,613,601,595,598,591,607,601,590,598,633,644,650,657,651,642,637,630,634,631,644,651,647,655,638,644,655,647,359,370,385,402,358,360,364,371,371,369,369,369,400,384,379,386,376,378,382,394,367,369,359,362,366,374,373,370,370,370,401,385,380,388,378,381,383,396,370,371
42.12,623,624,624,624,613,602,596,589,595,604,609,616,612,615,603,596,600,592,608,603,592,600,634,645,651,657,651,642,637,631,636,632,644,651,648,655,639,645,655,647,361,371,385,402,359,362,366,373,372,371,371,371,401,384,379,387,377,380,382,395,369,371,359,363,367,375,374,372,371,371,401,384,381,388,378,382,383,396,371,372
42.16,623,623,623,624,613,602,596,589,595,604,609,615,613,615,602,597,599,592,608,604,591,599,633,644,651,658,652,643,637,631,635,632,645,651,648,655,639,644,655,647,363,373,379,396,361,364,367,373,372,372,372,373,395,378,375,383,374,378,377,390,369,371,361,365,368,375,373,373,373,373,395,379,377,385,375,379,378,391,371,372
42.2,622,622,623,623,611,601,594,587,593,602,608,614,612,614,601,595,597,590,607,603,589,597,633,644,651,659,653,643,638,631,634,631,645,651,649,656,639,644,656,649,361,372,376,393,359,362,365,369,369,369,370,371,391,375,372,380,371,374,374,387,367,368,360,363,366,372,371,370,371,371,392,376,374,382,373,376,375,388,369,370
42.24,622,622,623,623,612,601,594,587,592,602,607,614,612,614,600,595,597,590,606,602,589,597,633,644,651,659,654,644,638,631,634,632,645,651,649,656,639,644,656,649,359,369,374,391,357,359,362,367,366,367,368,369,389,373,370,378,369,372,372,384,364,366,358,361,364,369,368,368,369,369,390,374,372,379,370,374,373,385,366,367
42.28,622,622,623,623,611,601,594,586,591,601,607,614,612,614,600,595,596,590,606,602,588,596,633,644,652,660,655,644,638,631,634,632,646,652,650,657,640,644,657,650,357,367,370,386,355,357,359,363,363,364,365,366,385,369,367,374,365,368,368,380,361,363,355,358,361,366,365,365,366,366,385,370,368,376,367,370,369,381,363,365
42.32,622,623,623,623,611,601,594,586,591,601,607,614,612,614,600,595,596,590,606,603,588,596,633,645,652,661,655,645,638,631,634,632,647,652,651,657,640,644,658,650,354,364,367,383,352,354,357,361,360,361,362,364,382,366,364,371,362,366,365,377,359,360,353,356,359,363,363,363,364,364,382,367,365,373,364,368,366,379,361,362
42.36,621,622,622,622,611,600,593,585,590,600,606,613,611,613,599,594,595,589,605,602,587,595,632,644,652,660,655,644,638,630,634,631,646,651,650,657,639,644,658,650,353,363,366,382,351,353,356,359,359,360,361,363,380,365,362,370,361,364,364,376,357,359,352,355,358,362,362,362,363,363,381,366,364,372,363,367,365,377,360,361
42.4,621,621,622,622,610,599,592,585,590,599,606,613,611,612,598,594,595,588,605,601,587,594,632,644,651,660,655,644,638,630,633,631,646,651,650,657,639,643,657,650,354,363,366,382,352,353,356,359,359,360,361,363,380,365,362,370,361,364,364,376,357,359,352,355,358,362,361,362,362,363,381,366,364,371,363,366,365,377,360,361
42.44,621,621,622,622,610,599,592,585,590,600,606,613,611,613,599,594,595,588,605,601,587,594,632,644,651,661,655,644,638,630,633,631,646,651,650,657,639,643,658,650,353,363,366,382,351,353,355,359,359,360,361,362,380,365,362,370,361,364,364,376,357,359,352,355,358,362,361,362,362,363,381,366,364,371,363,366,365,377,360,361
42.48,621,621,622,622,610,599,592,585,590,600,606,613,611,613,599,594,595,588,605,601,587,594,632,644,652,661,655,644,638,630,634,631,646,652,650,657,639,643,658,650,352,362,365,381,350,352,354,359,358,359,360,361,380,364,361,369,360,364,363,375,356,358,351,353,357,361,360,361,361,362,380,365,363,371,362,366,364,376,359,360
42.52,621,622,622,622,610,600,593,586,591,600,606,613,611,613,599,594,596,589,606,602,588,595,632,644,651,660,655,644,638,630,634,631,646,651,650,657,639,644,657,650,350,361,364,380,349,351,354,358,358,358,359,360,379,363,361,368,360,363,362,374,356,357,349,352,355,360,359,359,360,360,379,364,362,370,361,365,363,375,358,359
42.56,621,622,622,622,610,600,593,586,592,601,607,613,611,613,600,595,596,590,606,602,588,596,632,643,651,660,654,644,637,630,634,631,646,651,650,656,639,643,657,649,349,360,363,379,347,350,353,358,357,358,358,359,378,362,360,368,359,363,361,374,355,357,348,351,355,360,359,359,359,359,378,363,361,369,361,365,362,375,357,359
42.6,620,621,621,621,610,600,593,586,592,601,606,613,611,612,600,594,596,590,605,601,588,596,631,642,650,658,653,642,636,629,633,630,644,650,648,655,638,643,656,648,347,358,362,379,345,348,352,358,357,357,357,358,378,362,360,367,359,362,361,374,355,356,346,350,354,360,359,358,358,358,378,362,361,369,360,364,362,375,357,358
42.64,620,621,621,622,610,600,594,587,593,601,607,613,611,613,600,594,597,590,606,601,589,597,631,642,649,658,652,642,636,629,633,630,644,650,647,655,638,643,655,647,346,357,364,381,344,347,351,358,357,356,356,357,380,363,361,369,359,363,362,375,354,356,345,349,353,360,359,357,357,357,380,364,362,370,361,365,363,376,356,357
42.68,620,621,621,622,610,600,594,588,593,602,607,613,610,613,600,594,597,590,606,601,590,597,631,642,649,657,651,641,636,629,633,630,643,650,647,654,637,643,654,646,346,357,365,383,344,347,351,358,357,356,356,357,381,364,361,370,360,364,363,376,354,356,344,349,353,360,359,357,357,357,382,365,363,371,362,365,364,377,356,358
42.72,621,622,622,623,611,601,595,588,594,602,608,614,611,614,601,595,598,591,607,602,590,598,632,643,650,658,652,643,637,630,634,631,645,651,648,655,638,644,656,648,346,357,363,381,344,347,351,357,356,356,356,356,379,362,360,368,359,362,361,375,354,355,344,348,352,359,358,357,357,357,380,363,361,369,360,364,362,375,356,357
42.76,621,622,622,623,611,601,595,588,594,602,608,614,612,614,601,596,598,591,607,603,590,598,632,643,650,659,653,643,637,630,634,631,645,651,649,656,639,644,656,648,345,356,361,378,344,347,350,357,356,355,355,356,377,361,358,366,358,361,360,373,353,355,344,348,352,358,357,356,356,356,377,361,359,368,359,363,360,373,355,356
42.8,621,622,622,623,611,601,594,587,593,602,607,614,612,614,601,595,597,591,606,603,589,597,632,644,651,660,655,644,638,630,634,631,646,652,650,657,639,644,657,650,346,356,360,376,344,347,350,355,355,355,355,356,375,359,357,365,356,360,358,371,353,354,344,348,351,357,356,356,356,356,375,360,358,366,358,361,359,372,354,355
42.84,621,622,622,622,610,600,593,586,592,601,607,613,612,613,600,595,596,590,606,602,588,596,632,643,651,661,655,644,638,630,634,631,646,652,650,657,639,644,657,650,346,356,359,375,344,346,349,354,354,354,355,355,374,359,356,364,355,359,357,370,352,353,344,347,351,356,355,355,355,356,374,359,357,365,357,360,358,370,353,354
42.88,620,621,622,622,610,599,593,585,591,600,606,613,611,613,599,594,595,589,605,602,588,595,631,643,651,661,655,644,638,630,634,631,646,652,650,657,639,643,658,650,346,356,358,374,344,346,349,354,353,353,354,355,373,358,356,363,355,358,357,369,351,353,344,347,350,355,354,354,355,355,373,358,357,364,356,359,357,370,353,354
42.92,621,622,622,623,610,600,593,586,591,600,606,613,612,613,599,595,596,590,606,602,588,595,632,644,651,661,655,645,638,630,634,631,646,652,651,657,639,644,658,650,345,356,358,374,343,346,349,353,353,353,354,355,373,358,355,363,355,358,357,369,351,352,344,347,350,355,354,354,355,355,373,358,356,364,356,359,357,369,353,354
42.96,621,622,622,623,610,600,593,586,591,601,607,614,612,613,600,595,596,590,606,603,588,595,632,644,652,662,656,645,638,631,634,632,647,652,652,658,640,644,659,651,346,355,357,372,344,346,349,353,353,353,354,355,371,357,355,362,354,358,356,367,351,353,344,347,350,355,354,354,355,355,371,357,355,363,355,359,356,368,352,353
43.0,620,621,621,622,610,599,593,586,591,600,606,613,612,613,599,595,595,590,605,602,588,595,631,643,651,661,656,645,637,630,633,631,646,651,651,657,639,643,658,650,345,355,356,370,344,346,349,353,352,353,354,355,369,355,354,361,353,357,354,366,351,352,344,347,350,355,354,354,354,355,370,356,355,362,354,358,355,366,352,353
43.04,621,622,622,622,610,600,593,585,590,600,606,613,612,613,599,594,595,589,605,602,587,595,632,644,652,661,656,645,638,630,633,631,647,652,651,657,639,643,658,651,346,356,356,371,344,346,349,353,352,353,354,355,370,356,354,361,354,357,355,367,351,352,344,347,350,354,353,354,355,355,370,356,355,362,354,358,355,367,352,353
43.08,621,621,622,622,610,599,593,585,590,600,606,613,612,613,599,594,595,589,605,602,587,594,632,644,652,661,656,645,638,630,633,631,646,651,651,657,639,643,658,651,345,355,355,370,343,345,348,351,351,352,353,354,369,355,353,360,352,356,354,365,350,351,344,346,349,353,352,353,354,354,369,355,354,361,353,356,354,366,351,352
43.12,620,621,622,622,610,599,592,585,590,599,606,613,611,613,599,594,595,589,605,602,587,594,632,643,652,661,656,645,638,630,633,631,646,651,651,657,639,643,658,651,345,354,355,369,343,345,347,351,350,351,352,353,368,354,352,359,352,355,353,365,349,350,343,346,348,352,351,352,353,354,369,355,353,360,353,356,354,365,350,351
43.16,621,622,622,623,610,599,592,585,590,600,606,613,612,613,599,594,595,589,605,602,587,594,632,644,652,662,656,645,638,631,634,632,647,652,651,658,640,644,659,651,343,353,353,368,342,344,346,350,349,350,351,352,367,353,351,358,350,354,352,363,348,349,342,344,347,351,350,351,352,352,367,353,352,359,351,354,352,364,349,350
43.2,621,622,622,623,610,600,593,585,590,600,606,613,612,613,599,595,595,589,606,603,587,595,632,644,652,662,656,645,638,631,634,632,647,652,651,658,640,644,659,651,342,352,353,367,341,343,345,349,348,349,350,351,366,352,350,357,350,353,351,363,347,348,341,343,346,350,349,350,351,351,366,352,351,358,350,354,352,363,348,349
43.24,621,622,622,623,610,599,592,585,590,600,606,613,612,613,599,595,595,589,605,603,587,594,632,644,652,662,656,645,638,631,634,631,647,652,651,658,640,644,659,651,342,351,352,366,340,342,345,348,347,349,350,351,365,351,350,357,349,352,350,362,346,348,340,343,345,349,348,349,350,351,366,352,350,357,350,353,351,362,347,348
43.28,620,621,622,622,610,599,592,585,590,599,606,613,611,613,599,594,595,589,605,602,587,594,631,643,651,661,656,645,638,630,633,631,646,651,651,657,639,643,658,651,341,351,351,366,339,341,344,348,347,348,349,350,365,351,349,356,348,352,350,361,346,347,340,342,345,349,348,349,350,350,365,351,350,357,349,353,350,362,347,348
43.32,620,621,621,622,609,599,592,585,590,599,605,613,611,612,598,594,594,589,605,602,587,594,631,643,651,661,656,645,638,630,633,631,646,651,651,657,639,643,658,651,341,350,351,365,339,341,344,347,347,348,349,350,364,350,349,356,348,351,349,361,345,347,339,342,345,348,348,348,349,350,365,351,349,356,349,352,350,361,346,348
43.36,619,620,621,621,609,598,592,584,589,599,605,612,611,612,598,594,594,588,604,601,586,594,630,643,651,660,655,644,637,629,632,630,646,651,650,656,638,642,657,650,340,350,351,365,339,341,343,347,346,347,348,349,364,350,348,355,348,351,349,361,345,346,339,342,345,349,348,349,349,350,365,351,350,357,349,353,350,361,347,348
43.4,619,620,620,621,608,598,591,584,589,598,605,612,610,611,598,593,594,588,604,601,586,593,630,642,650,660,655,644,637,629,632,630,645,650,650,656,638,642,657,650,342,351,352,366,340,342,345,348,348,349,350,351,365,351,349,357,349,352,350,362,346,348,340,343,346,350,349,350,350,351,365,351,350,357,350,354,351,362,348,349
43.44,619,620,620,621,609,599,592,585,590,599,605,612,610,612,598,594,595,589,604,601,587,594,630,642,650,660,655,644,637,629,632,630,645,650,650,656,638,642,657,650,342,352,353,367,341,343,346,350,349,350,351,352,366,352,351,358,350,354,351,363,348,349,341,344,347,351,350,351,352,352,366,352,352,359,351,355,352,363,349,350
43.48,620,621,621,622,610,599,593,586,591,600,606,613,611,613,599,595,595,590,605,602,588,595,631,643,651,660,655,644,637,629,633,630,646,651,650,657,639,643,657,650,343,353,353,367,341,344,347,351,350,351,351,352,367,352,351,359,351,355,352,363,349,350,341,344,348,352,351,351,352,352,367,353,352,359,352,355,352,364,350,351
43.52,620,621,621,622,610,600,593,586,591,600,606,613,612,613,599,595,596,590,606,603,588,595,631,643,651,661,656,644,637,630,633,631,646,651,651,657,639,643,657,650,343,352,353,367,341,344,347,351,350,351,351,352,366,352,351,359,351,355,352,363,349,350,341,344,348,352,351,351,352,352,367,353,352,359,352,355,352,364,350,351
43.56,620,621,622,622,610,600,594,587,592,601,607,614,612,613,600,596,596,591,606,603,589,596,631,643,651,661,656,645,638,630,633,631,646,651,651,657,639,643,658,651,342,352,352,366,340,343,346,351,350,350,351,351,366,352,351,358,351,354,351,363,349,350,341,344,347,352,351,351,351,351,366,352,351,358,351,355,352,363,349,350
43.6,621,622,622,622,610,600,594,587,592,601,607,614,612,613,600,596,596,591,606,603,589,596,631,643,651,661,656,645,638,630,633,631,646,651,651,657,639,643,658,651,341,351,351,366,340,342,346,350,349,350,350,351,365,351,350,357,350,354,351,362,348,349,340,343,346,351,350,350,350,351,365,351,351,358,351,354,351,362,349,350
43.64,621,622,623,623,611,601,595,588,593,602,608,614,613,614,601,597,597,592,607,604,590,597,632,644,652,661,656,645,638,631,634,632,647,652,651,658,640,644,658,651,341,350,351,365,339,342,345,350,349,349,349,350,365,351,350,357,350,353,350,361,347,349,339,342,346,350,349,349,350,350,365,351,350,357,350,354,350,362,348,349
43.68,622,623,623,624,612,601,595,589,593,602,608,615,614,615,601,597,598,592,608,605,590,598,633,644,653,662,657,646,639,631,634,632,647,652,652,658,640,644,659,652,340,350,350,364,338,341,345,349,348,348,349,349,364,350,349,356,349,352,349,361,347,348,339,342,345,350,349,349,349,349,364,350,349,356,349,353,350,361,347,348
43.72,622,623,623,624,612,602,595,589,594,602,608,615,614,615,602,597,598,592,608,605,590,598,633,645,653,662,657,646,639,631,635,632,648,653,652,658,641,645,659,652,339,349,350,364,338,341,344,349,348,348,348,349,363,349,349,356,349,352,349,360,347,348,338,341,344,349,348,348,349,349,363,349,349,356,349,352,349,360,347,348
43.76,622,623,623,624,611,601,595,589,594,602,608,615,614,615,602,597,598,592,608,605,591,598,632,644,652,662,657,646,639,631,634,632,647,652,652,658,640,644,659,652,339,349,349,363,337,340,344,348,347,347,348,348,363,349,348,355,348,352,348,360,346,347,337,341,344,349,348,348,348,348,363,349,349,356,348,352,349,360,347,347
43.8,622,623,623,624,611,601,595,589,594,602,608,615,613,615,601,597,598,592,607,605,590,598,632,644,652,661,656,645,638,631,634,632,647,652,651,658,640,644,658,651,338,348,349,363,337,340,343,348,347,347,347,348,362,349,348,355,348,352,348,360,346,347,337,340,344,349,348,348,348,348,363,349,348,355,348,352,348,360,346,347
43.84,621,622,623,623,611,601,595,588,593,602,608,615,613,614,601,597,598,592,607,604,590,597,632,644,652,661,656,645,638,631,634,632,647,652,651,657,640,644,658,651,338,348,348,363,336,339,343,348,347,347,347,347,362,348,348,355,347,351,348,359,345,346,336,340,343,348,347,347,347,348,362,348,348,355,348,352,348,359,346,347
43.88,622,622,623,623,611,601,595,589,594,602,608,615,613,615,601,597,598,592,607,604,591,598,632,644,652,661,656,645,638,631,634,632,647,652,651,657,640,644,658,651,337,347,348,362,335,338,342,348,346,346,346,347,361,347,347,354,347,351,347,359,345,346,335,339,343,348,347,347,347,347,362,348,347,354,347,351,347,359,346,346
43.92,622,623,623,623,612,601,595,589,593,602,608,615,613,615,601,597,598,592,607,604,590,597,632,644,652,661,655,645,638,631,634,632,647,652,651,657,640,644,658,651,336,346,347,361,334,338,342,347,346,346,346,346,361,347,346,353,346,350,346,358,344,345,335,338,342,347,346,346,346,346,361,347,347,354,347,350,346,358,345,346
